id,F1,F2,F3,F4,F5,F6,F7,F8,F9,F10,F11,F12,F13,F14,F15,F16,F17,F18,F19,F20,F21,F22,F23,F24,F25,F26,F27,F28
FOODS_3_001_TX_3_validation,0.33855295786720147,0.3751120283235046,0.3708272496452232,0.3909455630378894,0.4299166487127073,0.5794241425649949,0.583736334473628,0.5662766351705991,0.462690946474217,0.5746583559395582,0.5217417076311066,0.6760492530011597,0.6518281397757782,0.821485796710162,0.6877435332804173,0.5816216183948698,0.5210211076176935,0.46523305651476315,0.4579009176715627,0.6310887137843693,0.6772297136952555,0.5783314635986931,0.4330388168667898,0.5142905134557627,0.42548778882870414,0.4702046128715046,0.5539423127842642,0.5409786264057719
FOODS_3_002_TX_3_validation,1.1162805132336047,0.9449599643507565,0.9770285334992334,1.0345056914257873,0.9509671218197097,1.1745422712154316,1.26749865980471,1.0962434431607817,0.9906650645139466,1.1441490437847188,1.004588320041788,1.1849901579091169,1.214110051225389,1.401129045892504,1.0581864352407735,1.0156747954326182,0.9414388853777074,0.836762989220178,0.837568982219052,1.068467383749829,1.1114066460767673,1.0218411591694292,0.7745079198743546,0.8665209462683943,0.684547897030855,0.7928401608999883,0.9168535652819414,0.8463709925091512
FOODS_3_003_TX_3_validation,0.7852308296549941,0.7808575962562976,0.7800002912162982,0.7319245713470971,0.815543903252834,0.8982314464526927,0.8868294577683061,0.8663550179142349,0.7634408092069337,0.8337983240632607,0.7326957179745884,0.8287124656745154,0.8421961611755394,1.0383467128576127,0.8344141225706018,0.7282922076850543,0.7017075830244558,0.794079096557879,0.7607624751745572,0.8488899389750162,0.9265368228058558,0.7925638998829765,0.6349675579511302,0.6752763586198954,0.5719303041400212,0.6205477870050988,0.7147228962028831,0.6957305962906422
FOODS_3_004_TX_3_validation,0.2427378904603049,0.28743035628985375,0.28314557761157233,0.2930086660982568,0.3650523857760915,0.4321924219962079,0.49007761010184514,0.41332872532905524,0.36063481965600597,0.4418865162449799,0.3595852788020553,0.49563385391268727,0.49399505819042877,0.635570658345573,0.5306879042047983,0.4326993846924976,0.3655405342348678,0.4543432588619274,0.41025735827766835,0.5834451543904751,0.635570658345573,0.5306879042047983,0.3730915622729535,0.4543432588619274,0.3655405342348678,0.41025735827766835,0.49399505819042877,0.48701587585614775
FOODS_3_005_TX_3_validation,1.7965393630016018,1.715548825356359,1.7767461700570717,1.7040971384959966,1.6889820466733148,1.9282331581330578,2.151795276092064,1.8580076916301191,1.3837352626964547,1.665872757696973,1.5991381831437446,1.8097999778473117,1.9553829986298774,2.3768764469971306,1.790488166586611,1.6392494215871127,1.4016252908888822,1.5454863020997913,1.501044729528012,1.8005481626789759,1.9364412172820558,1.7163857115990673,1.498467134790222,1.571899838709711,1.238543400419007,1.3218073051922767,1.5262744636050423,1.6921994295294909
FOODS_3_006_TX_3_validation,1.1621299152921656,1.1181951623730937,1.1288432798516166,1.077474899466878,1.130557795991513,1.3988581849388686,1.559261892220874,1.4162322344234457,1.2025260141351892,1.455585569542949,1.262035104379508,1.4305886072776235,1.6443098283296553,1.862890274281567,1.4803220112422073,1.1716698237244245,1.0802121883013254,1.2247434864489704,1.1445894213759662,1.5939992798440843,1.4483431565059022,1.1679557902839126,0.979527333770533,1.0715403601645728,0.9680756469101703,0.8948643202341047,1.0665120988105394,1.0767996062088068
FOODS_3_007_TX_3_validation,2.8240128626177725,4.590507747166836,4.700531310407309,4.836023509544305,5.552771506329769,5.653763425709774,7.181419183292111,6.055733549688729,5.844461097697716,6.076276319018461,5.25856323164634,6.1141466989803765,6.59760577779422,8.533969555176004,8.574627300454402,5.686334502064714,5.884133525861881,6.953356038597965,5.739010672421609,7.9531363066624365,9.249468585683104,7.966249860630606,5.685928812353116,6.662890703935791,5.67432511504932,5.75601502074646,6.922136370388121,8.079981940524279
FOODS_3_008_TX_3_validation,15.78996780808235,12.787977773700558,12.462546586625784,11.645549744313271,13.366210362837618,14.692067641118076,16.76919918296221,14.337099263547207,10.567287622787717,12.064551073931865,8.541241862472324,11.995472730694503,12.640316898652403,15.69002944329378,16.156620598006068,11.473746700089059,11.01989239803479,12.343276492230505,12.95455251924425,15.196530857314565,19.142150976715296,16.228126101622184,12.054649655647795,14.208365755059095,12.796417127714399,14.283101568591555,16.053402009977688,18.02705138131045
FOODS_3_009_TX_3_validation,0.9295340961651961,0.7987411342582471,0.8500233022766144,0.8867812179649269,0.915507738139906,0.9883724498581211,1.1445516789036965,0.9576757460118862,0.8027385760666914,0.9306489416868583,0.8230408695602548,0.9882969381768427,1.017383346310218,1.258520220692326,1.0682431940965642,0.9779659867471443,0.8739855185804737,0.9957092020942969,0.8354981172830972,1.2831617689831114,1.038410482711952,0.9191227177711339,0.7417874609787319,0.8191384987454289,0.7303357741183693,0.7614339913997601,0.8657638626784728,0.8988096985865291
FOODS_3_010_TX_3_validation,0.8155960666295177,0.6143271559393647,0.6100423772610833,0.6963280529494436,0.77994738485518,0.932373004225352,1.0199789190249262,0.7585948745526851,0.64270549065636,0.7687444306447704,0.7083894119647398,0.836711082581104,0.8429189013180151,1.0204295552629743,0.9125558755738673,0.7533212538373784,0.6640027742980503,0.771064469184531,0.6255153730006738,0.8567424407939853,0.9179622502008503,0.8197239412175443,0.5792488956351546,0.6905976542705078,0.5827682836821259,0.6313857665472035,0.7151234664599639,0.7481693023680202
FOODS_3_011_TX_3_validation,0.9205147348461228,0.8331717917736823,0.8537228979638771,0.9355708354668022,1.0295734603818327,1.1823684550462927,1.1252191094991977,0.9123989690309066,0.8383273441438372,0.8609072041435301,0.7688133962659033,1.0133734660549807,0.9250562306904824,1.142833576414579,1.0155914615188455,0.9311503368448983,0.8418318573055703,0.9573599520167698,0.8707353332578381,1.1042305570909368,1.2012538203921685,1.012167593583237,0.8148559952970517,0.926442281345907,0.8445911671570304,0.902141502758066,1.199949399085601,0.9389457311666422
FOODS_3_012_TX_3_validation,0.40070287412047506,0.44026908154288735,0.3933861697511467,0.4032492582378313,0.5452074227768199,0.5726914149957839,0.6924474283855362,0.5526095241186072,0.5269618327296351,0.5838743664645711,0.48331415876222683,0.6376217041322786,0.6134005909068971,0.7744764697626542,0.7079434033280388,0.6018214884424914,0.4913746215731175,0.5984363164595968,0.5360914456159168,0.7503567653434512,0.7835622131605897,0.590635158798635,0.4330388168667898,0.5142905134557627,0.42548778882870414,0.4702046128715046,0.593533308931614,0.5409786264057719
FOODS_3_013_TX_3_validation,0.8044959734253648,0.7774133297291979,0.8272000755772043,0.8273275367535287,0.8798072301626109,0.9359227106425206,1.01755881676498,0.9300350599529069,0.7141039618636448,0.8094920180534121,0.6803517336651906,0.8036834195221914,0.7794623062968099,0.9756128579788839,0.8344141225706018,0.7355470933482,0.5930869391284751,0.6752763586198954,0.6009568345849108,0.7741446306977182,0.8281386276191804,0.7213873805120421,0.5942199705424885,0.6715710083091855,0.5719303041400212,0.6309851962901226,0.7042854869178593,0.6957305962906422
FOODS_3_014_TX_3_validation,0.19354113306920606,0.3874157235234466,0.3933861697511467,0.3933861697511467,0.42654988191276305,0.5340914391986542,0.59604002967357,0.5890177396555648,0.4272705345714445,0.5114703692537875,0.41091016155144305,0.5776744495384425,0.6010968957069552,0.7768579325447726,0.631019665828423,0.5248977509428755,0.4394799302258255,0.5465416251123051,0.484196754268626,0.6837769160140991,0.7835622131605897,0.5783314635986931,0.4207351216668479,0.5019868182558213,0.41318409362876224,0.4702046128715046,0.5539423127842642,0.5409786264057719
FOODS_3_015_TX_3_validation,2.6564439056197138,2.5114097881731055,2.464810256694356,2.3978747690502633,2.5834758082368556,3.147690792950759,3.30384631362592,2.7819605235823834,2.4214494525279098,2.78742358630887,2.5741246752256677,3.2011325043986565,3.468192499784728,4.02409603046004,3.543912968803224,3.271055833983762,2.970339399933445,3.6345180955046623,2.5571765744485724,3.364179761801754,3.718967962026635,3.3794870207077956,2.3795637206417193,2.7341361646513147,2.508194644655349,2.6127595557770142,3.121966113230948,3.157246005737196
FOODS_3_016_TX_3_validation,0.9528708091994746,0.7829680880417935,0.848164188219442,0.8831882076676575,0.9327570106311605,1.0617539875363264,1.1315555750218185,0.8826645731523894,0.7400047211879616,0.8238290386592562,0.7162209665326527,0.8744291707249827,0.8724868565670786,1.1252678832244478,0.9784940707660337,0.8797351507547801,0.7904166712154521,0.8974783661019328,0.8390341540805297,1.0605207765873501,1.2338933462285147,0.9824331977047196,0.7822743641860149,0.8938606502348703,0.8035431362212748,0.837568982219052,0.9754484986434189,1.241061599378647
FOODS_3_017_TX_3_validation,0.3877799220319542,0.3379275962014212,0.28314557761157233,0.3017758860557438,0.3650523857760915,0.4981359792661254,0.5385172950264713,0.47922878772119026,0.3714727991981106,0.4527244957870846,0.38288000096110747,0.5189285760717384,0.5048330377325324,0.6295861543013613,0.5306879042047983,0.4326993846924976,0.3655405342348678,0.4543432588619274,0.41025735827766835,0.5834451543904751,0.6295861543013613,0.5306879042047983,0.3730915622729535,0.4543432588619274,0.3655405342348678,0.41025735827766835,0.5062987533903699,0.4933350670118781
FOODS_3_018_TX_3_validation,1.1338702274803183,1.0249906356055487,1.0061709160596397,1.0830131065685458,1.0075020259014904,1.1914908902153407,1.2738149906459209,1.0665369867716854,0.9115998168264913,1.0289196779042094,0.9254849706316692,1.0865295726715292,1.1425581023925058,1.3456376426396153,1.2100481248565151,1.0111764625570565,0.8622548195016001,0.8725369543932561,0.7944111140384057,0.9937864287181569,1.1138223612146154,0.9629363763877354,0.7775150568404637,0.847687391289313,0.7442226780349107,0.8032775701850121,0.8549258831363684,0.9247205879839596
FOODS_3_019_TX_3_validation,0.4807567336931082,0.44816818834099603,0.43297716589849694,0.3450289891585859,0.36309328689155773,0.4830915867943971,0.5998544819075071,0.5275804779662827,0.41169109406995885,0.5112017609183527,0.4502325493633582,0.5502589172330027,0.588371544754573,0.7275314297718698,0.6286331796753074,0.5538992895452968,0.4363257683708086,0.5251284929978672,0.48104259241360925,0.6689155465084761,0.6895334088951974,0.590635158798635,0.4330388168667898,0.5142905134557627,0.42548778882870414,0.4702046128715046,0.5539423127842642,0.5409786264057719
FOODS_3_020_TX_3_validation,2.1234158301025405,1.9317707779282556,2.012543159372814,2.007526496967392,2.260704558337731,2.5307012979596712,3.0857849574206013,2.2310810396339926,1.9667507229949386,2.259066481203344,1.878808868824508,2.275866445150767,2.3096551960634955,3.243762422961868,2.4762349169019746,2.245280934097194,1.9606825349709571,2.1913762233066185,2.129474352405082,2.763058832157052,3.5534434767537384,2.647720004639234,2.2416331676724615,2.4063508495058628,2.3251031662404236,2.485417009629749,3.015603409893448,3.389039132204899
FOODS_3_021_TX_3_validation,2.1851808383823528,1.9477467733944465,1.9507428113849106,1.9995265580739678,2.077717045667952,2.1941296855938948,2.4917759336271885,2.175839424536637,1.9035933305940194,2.0830028443736217,1.9588053002183203,2.2040476749178346,2.322444776351061,2.637000291219852,2.443240183463562,2.2013047796954908,2.031571531113789,2.004060320726365,2.0644554875250285,2.602681592477742,3.2061282100608235,2.5663933437567343,2.024855554545641,2.218555276366092,2.036652399955145,2.2177020440481248,2.392537128902517,2.4788799815433067
FOODS_3_022_TX_3_validation,0.04197455961002902,0.2765923767477492,0.2723075980694678,0.2723075980694678,0.3054713102310841,0.42918488618926043,0.47532588610014653,0.4045615053715683,0.27821629207571597,0.36823520862217674,0.3493300538960738,0.49563385391268727,0.4815383155734813,0.6171294116844139,0.5182311615878509,0.4326993846924976,0.3655405342348678,0.4543432588619274,0.41025735827766835,0.5834451543904751,0.6295861543013613,0.5306879042047983,0.3730915622729535,0.4543432588619274,0.3655405342348678,0.41025735827766835,0.49399505819042877,0.48103137181193606
FOODS_3_023_TX_3_validation,0.9341935411199878,0.9597037463537503,0.9588464413137504,1.0000964219440327,1.0560819374946555,1.234311117657966,1.2575673889844925,1.1212501220326527,0.95289057223807,1.06316256889153,0.9479403725618424,1.1208105653815135,1.1533787787260754,1.4176416561277985,1.0925999435703018,0.9395384378782636,0.835557969711593,0.9423202125179078,0.8841754525766706,1.175771257470801,1.1320763081030387,0.9776215343697958,0.7431017503741266,0.8665209462683943,0.763056233013992,0.8221111251640933,0.8653632924213922,0.830449035792016
FOODS_3_024_TX_3_validation,0.08913492920613213,0.5871073497245856,0.5828225710463042,0.5828225710463042,0.5256282398997096,0.5657092664635079,0.7439993589189752,0.6226133479986585,0.4858761955493942,0.5758951120958535,0.5020602744776489,0.6566104460710643,0.6529068468852719,0.8572509528239647,0.6524207630172327,0.5564970469684647,0.48933819651083604,0.5866073209626131,0.5712339504360452,0.7548136857022663,0.8697076954409121,0.677181200834122,0.5573020146107424,0.6366479305457066,0.5563116057433658,0.6316467404978673,0.7653673757113911,0.7852940499544327
FOODS_3_025_TX_3_validation,1.528709051942091,1.5793251808977413,1.4780364779088417,1.5363697908212,1.410552178009389,1.6245371581430237,1.8143566210539672,1.5907885082209599,1.286139556891087,1.5452780076362531,1.4685182250869535,1.6372791250673282,1.8686863311981121,2.0147553683468997,1.7686384795632495,1.6912028216218804,1.4951095070789382,1.5987023853993252,1.5079733563256756,1.9333132584233672,2.428476847925609,1.6419307805048147,1.3526779524343715,1.4695442743331957,1.082903381349382,1.315967858060155,1.5010983658920511,1.6040711062465558
FOODS_3_026_TX_3_validation,0.36524217088846833,0.5071941838827286,0.5029094052044478,0.5029094052044478,0.5360731173660636,0.6783502163363804,0.8115478865386937,0.7588042099485944,0.6323144839383587,0.7425783655217214,0.675473379124011,0.8554146057226593,0.8013103371961444,0.9446080574745196,0.7944800470588003,0.7205722833353253,0.672001391204639,0.7687444306447704,0.6335139899072625,0.9453573572346161,0.7376425037570775,0.6387442536605151,0.48114791172867,0.5980899456427157,0.509287221015656,0.5579047038807337,0.593533308931614,0.5805696225531217
FOODS_3_027_TX_3_validation,0.4255299488688428,0.45057780208301296,0.4770911166693729,0.48695420515605753,0.5735688502247683,0.7207329038489703,0.6720171764990253,0.6445494293860442,0.5315072807222386,0.6310179475706336,0.5389241396930068,0.7021645377990179,0.6279625409019228,0.8037235777397402,0.6286331796753074,0.5466444038821511,0.4363257683708086,0.5647194891452171,0.48104259241360925,0.7085065426558259,0.700371388437302,0.6014731383407396,0.48346779255624434,0.5251284929978672,0.4650787849760542,0.5097956090188536,0.6039707182166378,0.5805696225531217
FOODS_3_028_TX_3_validation,0.887753682790584,0.7814296348685773,0.770105409184539,0.7120224413173427,0.7656187019535459,0.8924777004976546,0.976671437023224,0.8665784649317015,0.7384117630546094,0.8340217710807274,0.7334615633783818,0.8916697675707118,0.8893551151066773,1.0708205088066909,0.9461866423428863,0.8057928921050779,0.7109598207529612,0.7750524505965568,0.7453046181195986,0.8491683285086085,0.9010136852816909,0.781725920340872,0.6241295784090257,0.6607330287670808,0.5719303041400212,0.6205477870050988,0.7042854869178593,0.6957305962906422
FOODS_3_029_TX_3_validation,1.9133112027735286,1.8226218497966378,2.006898161883115,2.0994015778361836,2.2134723287711076,2.728539378174873,2.6587478600099836,2.221493427169572,1.7304572972233825,2.1660738793700505,1.8585247195507015,2.1727214812962594,2.2530106877323943,2.4227851586197136,2.231493679700894,1.9947650433267445,1.874273488768968,1.7936316345706593,1.9359702501070584,2.3300326054603153,2.424028898881655,2.263790791326974,1.9017592461292943,2.0899722117961654,1.9328211825274957,2.039717925228657,2.4764807310592967,2.3661835018424036
FOODS_3_030_TX_3_validation,22.3764764302622,19.697704354987554,19.517624229861756,20.12932382985149,23.858641929878313,27.107148435925605,27.241544172807817,24.66561822847492,20.291948639284765,22.11848151046339,21.291762649542676,24.1728826712541,27.02973229907838,27.391468010521052,21.434352714734377,21.640531834628653,20.322581085904027,22.45852872335514,22.88159978091563,27.591226767933424,28.269586720337486,22.222066483255237,20.367952956994426,22.551177183172317,21.193434154164198,24.03344377149924,26.78291650060714,26.62380577373972
FOODS_3_031_TX_3_validation,0.3297857379097145,0.37811916528961353,0.33239970077634207,0.33075736674450457,0.3655634129379584,0.483360195129832,0.5617306989339822,0.5028200401493933,0.38693065625306944,0.48644132310146454,0.3858811153991188,0.5526454033861182,0.5284242901607369,0.6954846730607056,0.5846080344621888,0.48034294408639244,0.41318409362876224,0.5019868182558213,0.4579009176715627,0.6310887137843693,0.6832142177394672,0.5783314635986931,0.4207351216668479,0.5019868182558213,0.42548778882870414,0.4579009176715627,0.5416386175843223,0.5469631304499836
FOODS_3_032_TX_3_validation,1.1869646462893746,0.9601797284196562,0.9487280415592935,0.9487280415592935,0.9973455244243699,1.2450003206662519,1.6207238115220155,1.1437344432407186,0.9601797284196562,1.0704517250731165,0.7067574812325753,1.0531561292965328,1.1272410919033757,1.2121635923408447,1.0368014325656782,0.9333447452073449,0.8612806465366921,0.9322526070730921,0.8697523781725572,1.1123306226283536,1.282617253229603,1.0218411591694292,0.7745079198743546,0.8665209462683943,0.763056233013992,0.8116737158790696,0.9622946555002385,0.8463709925091512
FOODS_3_033_TX_3_validation,0.4167627289113558,0.4624939717704908,0.5006608831018293,0.43936623889780985,0.5445266138615114,0.45833114897750776,0.5750940440906178,0.5028200401493933,0.38693065625306944,0.49889806571841216,0.4106415532160082,0.5502589172330027,0.5511653946457026,0.6404241338434659,0.5891694431407977,0.5034846188284383,0.4363257683708086,0.5128247977979253,0.48104259241360925,0.6542303885264157,0.700371388437302,0.6014731383407396,0.44387679640889427,0.5142905134557627,0.42548778882870414,0.48064202215652824,0.5539423127842642,0.5409786264057719
FOODS_3_034_TX_3_validation,0.5350120211792341,0.5970617004076093,0.5631622249321472,0.6057283269399127,0.42654988191276305,0.5784510991463232,0.6403996896212389,0.587796340895554,0.47190695699923,0.5875797167752811,0.4827717603759,0.6002889627800125,0.588371544754573,0.7371437284103881,0.6433233610283648,0.5372014461428174,0.45178362542576744,0.558845320312247,0.4965004494685679,0.7209814260083334,0.7275314297718698,0.6682241758226573,0.49892564961120295,0.5682882780515807,0.3531888037353877,0.4702046128715046,0.5539423127842642,0.5409786264057719
FOODS_3_035_TX_3_validation,0.6337177113291448,0.7267032492535764,0.6834998689705583,0.6834998689705583,0.6752399640936129,0.7836301742965569,0.79746174647366,0.7690322838377089,0.6042779417874788,0.6998879498135968,0.5993277421112512,0.7722211042856416,0.7011006819161271,0.9229133709708048,0.7310234520375948,0.6249015371520473,0.5355830576127193,0.6748589036612725,0.6164146916398695,0.8013046720322861,0.9241516359207683,0.7105494009699376,0.5529530590380913,0.6303040968047883,0.5415013721777286,0.5579047038807337,0.6738565549555667,0.6587496505388807
FOODS_3_036_TX_3_validation,0.2515051104177919,0.2961975762473406,0.2804073750505371,0.3021680224750407,0.33533173463665705,0.43473989654930356,0.48088089646018967,0.41583270500436853,0.3839295418150581,0.46518123840403214,0.38288000096110747,0.5189285760717384,0.49399505819042877,0.6295861543013613,0.5306879042047983,0.4326993846924976,0.3655405342348678,0.4543432588619274,0.41025735827766835,0.5834451543904751,0.6295861543013613,0.5306879042047983,0.3730915622729535,0.4543432588619274,0.3655405342348678,0.41025735827766835,0.49399505819042877,0.48103137181193606
FOODS_3_037_TX_3_validation,0.9220494398500813,0.9343256823054058,0.9335082774903938,0.8958012673072441,0.9777943105800477,1.1879708167759677,1.1978918216401109,0.9479223790857174,0.8534223719505188,0.9673997189146892,0.7257442114915201,0.9355323687021173,0.9274813814309277,1.130853235892288,0.9948119642944117,0.9075236043879455,0.7715945683347203,0.8590508172330517,0.8311918588711483,0.9898428787868587,1.0489140480453432,0.9077102892660648,0.7384117630546094,0.7191945177521787,0.6754117464273927,0.7240292292924703,0.8434568316600453,0.7992120385780135
FOODS_3_038_TX_3_validation,0.23189991091820028,0.2765923767477492,0.2723075980694678,0.2821706865561524,0.34544718627650006,0.42342520203872097,0.4813103901443582,0.41332872532905524,0.2869835120332028,0.4418865162449799,0.3595852788020553,0.49563385391268727,0.4815383155734813,0.635570658345573,0.5306879042047983,0.4326993846924976,0.3655405342348678,0.4543432588619274,0.41025735827766835,0.5834451543904751,0.635570658345573,0.5306879042047983,0.3730915622729535,0.4543432588619274,0.3655405342348678,0.41025735827766835,0.49399505819042877,0.48701587585614775
FOODS_3_039_TX_3_validation,2.9960206838091183,2.8475218289031354,2.883256636095293,2.921149305621708,3.2929502753002193,3.8634438367975314,3.960708066227956,3.2915960298414566,2.888164136530937,3.3043567070139837,2.938542905434079,3.3796830251210785,3.5794882713733487,4.161547073897514,3.7654117751125042,3.265109685334509,2.872482356929371,3.2645603897209825,2.968298090676172,3.828212899400436,4.523237120988989,3.747578658976594,2.7671819545609013,3.0706281138759977,2.73329130710848,2.9290260325822484,3.651882601864144,3.392232579514801
FOODS_3_040_TX_3_validation,0.4157859897247215,0.4588303267988219,0.46278472127925835,0.46278472127925835,0.5771778516684327,0.5064264842551333,0.5442769791770106,0.47922878772119026,0.3714727991981106,0.4527244957870846,0.37042325834415996,0.5064718334547914,0.5048330377325324,0.6404241338434659,0.541525883746903,0.4435373642346023,0.37637851377697246,0.46518123840403214,0.4333990330197149,0.6065868291325215,0.700371388437302,0.6014731383407396,0.44387679640889427,0.5142905134557627,0.42548778882870414,0.48064202215652824,0.5539423127842642,0.5409786264057719
FOODS_3_041_TX_3_validation,2.048305126668608,2.211322328460192,2.166346271831267,2.005981219223685,2.2191528798355358,2.381657244301489,2.706549269737175,2.420446239293944,2.21676769461168,2.611606419970902,2.234586587556963,2.640864523759779,2.818375515378471,3.3633786780943686,2.9062794244597194,2.7030710822476363,2.3647803907150697,2.3187750416962634,2.3377851905427898,3.0959362923383584,3.6020796538605993,2.7265813672690324,2.198033810322718,2.373888168831505,2.140082070502503,2.2882423270307695,2.5222877269024746,2.6761002508025413
FOODS_3_042_TX_3_validation,4.0041045323123345,3.7620550617785464,3.8696886042909537,3.8224928642059806,3.951686767949842,4.92569600406504,5.5618998071007635,4.368289821351374,3.774346777655067,4.446235250253479,3.926259945928378,4.887343452563833,5.140997586796746,5.803520734840196,4.97467749944057,4.697865775250133,4.178207522174468,4.7776889899213355,4.483736607418483,5.252085218992798,5.508573806698745,4.587848216241486,3.915779198869961,4.1807658269398855,3.7929907622430634,4.035006243217285,4.6900734407632365,4.843806145741304
FOODS_3_043_TX_3_validation,0.26632914288850945,0.30288821334481236,0.3073706546240179,0.3017758860557438,0.3650523857760915,0.49237629511558595,0.48088089646018967,0.4896661970062139,0.3714727991981106,0.4527244957870846,0.38288000096110747,0.5189285760717384,0.49399505819042877,0.6295861543013613,0.5306879042047983,0.4326993846924976,0.3655405342348678,0.4543432588619274,0.41025735827766835,0.5834451543904751,0.6295861543013613,0.5306879042047983,0.3730915622729535,0.4543432588619274,0.3655405342348678,0.41025735827766835,0.49399505819042877,0.48103137181193606
FOODS_3_044_TX_3_validation,0.48997274421812126,0.4097406394721148,0.3434531983637434,0.35441622249593874,0.36309328689155773,0.4830915867943971,0.5364583991906852,0.5275804779662827,0.41169109406995885,0.5112017609183527,0.4106415532160082,0.5502589172330027,0.5407279853606788,0.6798878703779756,0.6286331796753074,0.5070534077348015,0.4759167645181587,0.5647194891452171,0.5206335885609581,0.6938213846737655,0.7546475425667122,0.6161582963228,0.4330388168667898,0.5142905134557627,0.41318409362876224,0.4702046128715046,0.5539423127842642,0.5409786264057719
FOODS_3_045_TX_3_validation,0.4915897413509514,0.4348837976186043,0.46673715581569514,0.43936623889780985,0.4857902007912269,0.5159675475437895,0.5810785481348295,0.5028200401493933,0.38693065625306944,0.48644132310146454,0.3983378580160662,0.5379552220330607,0.5407279853606788,0.6858723744221873,0.6286331796753074,0.5070534077348015,0.4363257683708086,0.5647194891452171,0.5310709978459819,0.6542303885264157,0.7063558924815136,0.6557492924701498,0.4330388168667898,0.5142905134557627,0.42548778882870414,0.4702046128715046,0.5539423127842642,0.5469631304499836
FOODS_3_046_TX_3_validation,0.08542237046236752,0.28743035628985375,0.28314557761157233,0.28314557761157233,0.31630928977318856,0.4400228657313649,0.5053684948847611,0.41332872532905524,0.35037959475002445,0.4418865162449799,0.3595852788020553,0.49563385391268727,0.4815383155734813,0.6171294116844139,0.5306879042047983,0.4326993846924976,0.3655405342348678,0.4543432588619274,0.41025735827766835,0.5834451543904751,0.6295861543013613,0.5306879042047983,0.3730915622729535,0.4543432588619274,0.3655405342348678,0.41025735827766835,0.49399505819042877,0.48103137181193606
FOODS_3_047_TX_3_validation,3.395411768941133,3.0913411444045265,2.9748720981959367,2.864686891719889,3.013055953278821,3.757588142679136,3.8109230898918356,2.886280679686081,2.474189954660086,2.803061261338431,2.680541774364705,3.139170898603253,3.492942221442185,3.8412908969179784,3.4629017190037255,3.0347471108780284,2.7530649401398244,3.055026858992371,2.948799111471181,3.7475109107420526,4.080187792936038,3.468537729483759,2.9322503428046125,3.341013888697596,2.83823018584672,2.9727082179025697,3.5225496956365756,3.831602914986338
FOODS_3_048_TX_3_validation,1.752093453852528,1.6508896581088361,1.6493887365828275,1.7244794623926973,1.8950765813260126,2.1226812476126757,2.3081070234424583,2.040699430463502,1.5334733241913614,1.9227844639354896,1.6640809918458115,1.942872106187352,2.1335878904655603,2.3803191183845174,2.208402553876267,1.97167391750212,1.8511823629443427,1.8776178044558987,1.7345966137015807,2.245725372253697,2.670126580276234,2.09412983309713,1.6461767235893852,1.869874043305861,1.7599556969999808,1.7501009568491188,2.0506999528269345,2.0863308313317828
FOODS_3_049_TX_3_validation,0.3629864672121006,0.3947048797050328,0.38987770264042465,0.3708272496452232,0.4039909618068396,0.5358379331382606,0.5897208385178397,0.5662766351705991,0.450387251274275,0.5498979181226689,0.46164140562026634,0.6760492530011597,0.6518281397757782,0.8274703007543737,0.6289503450074527,0.49118092362849697,0.42402207317086676,0.5128247977979253,0.47917630649869086,0.6310887137843693,0.6832142177394672,0.5783314635986931,0.4207351216668479,0.5019868182558213,0.42548778882870414,0.4702046128715046,0.5539423127842642,0.5469631304499836
FOODS_3_050_TX_3_validation,0.5241392625701476,0.5388825432282319,0.5345977645499506,0.5085643650007461,0.5195101622889675,0.5816744862881649,0.6292816145339146,0.5752240373601772,0.4593346534638531,0.558845320312247,0.45828511260990246,0.597902476626897,0.588371544754573,0.7671224259192196,0.6593180813765134,0.5430756149757875,0.4759167645181587,0.5647194891452171,0.48104259241360925,0.6938213846737655,0.7546475425667122,0.590635158798635,0.47262981301413987,0.5538815096031126,0.4650787849760542,0.5097956090188536,0.593533308931614,0.5805696225531217
FOODS_3_051_TX_3_validation,2.2856322412415575,1.831241956373727,2.0541396350053867,1.9621977463039026,2.094452073276902,2.6632943522022567,2.932562651458733,2.1914547021150073,1.947831094458698,2.202077216011941,2.0076554651513265,2.1481518137201916,2.5374435511939075,3.274451680047094,2.201764813855793,2.0263102110062063,1.8227428318140737,2.044053426353359,1.9491765893002957,2.491849446915214,2.657956176135672,2.3572466243239583,1.8997584471895788,2.1504195172541327,1.993016593673473,1.9734395626686343,2.4832373422452885,2.817722911809744
FOODS_3_053_TX_3_validation,0.5399852215415841,0.43726194457677836,0.43297716589849694,0.44284025438518154,0.5386277426246144,0.6304988379106204,0.7209246815733744,0.6398440796598512,0.5269618327296351,0.623465362611921,0.43159122334497113,0.5788758306655747,0.5647802923263687,0.7063558924815136,0.6014731383407396,0.5034846188284383,0.4759167645181587,0.5288338433085772,0.4702046128715046,0.6433924089843112,0.6955179129394091,0.590635158798635,0.4330388168667898,0.5142905134557627,0.42548778882870414,0.4702046128715046,0.5539423127842642,0.5865541265973334
FOODS_3_054_TX_3_validation,1.063416519813838,0.977427826471622,0.9155990131235612,0.8872161424841761,0.9902807960998612,1.0614839891921346,1.1657285552726537,1.0453830939558169,0.8932931592431417,1.0355799893869204,0.9288241928819505,1.1106272384375804,1.1708563973502952,1.3609035691289348,1.2138993028293696,1.0367102292438364,0.9254406048955792,1.0556306882341218,1.0020633120695446,1.2638893307286094,1.3502090690839401,1.1488658786694685,0.790325982827603,0.926955122554788,0.7726980944495195,0.8616545995507832,0.9989908946544087,1.0008734133122166
FOODS_3_055_TX_3_validation,0.5900888709991535,0.47676525192043734,0.4724804732421559,0.5457396444456609,0.5971674727374261,0.7893898584470962,0.823002829819756,0.7283752779863019,0.6323144839383587,0.7797389371370665,0.6445020487753919,0.7637493440103899,0.7717423819470809,0.963938193874101,0.8266941982208728,0.6883581321732528,0.6307114054096706,0.6676737986515241,0.43884366304706646,0.6915015038461912,0.7772334999044274,0.678335249807865,0.5207389078760187,0.5538815096031126,0.4650787849760542,0.5097956090188536,0.593533308931614,0.6127837737151943
FOODS_3_056_TX_3_validation,0.10141548528168312,0.32001198740089054,0.3157272087226091,0.3241936085473281,0.36629017344490244,0.49592373412804613,0.5420647340389313,0.44556710088288576,0.4040544303091474,0.48530612689812147,0.4114712892799157,0.5564527171265042,0.5519666861717266,0.6875577822826598,0.6189038390193148,0.5310174404026782,0.44576572473979903,0.5430348491915764,0.5078818013432754,0.6782223622235632,0.7243633621344495,0.6080658594772103,0.4533167527778847,0.5345684493668575,0.454232124564518,0.5078818013432754,0.6010759612234582,0.5881122748449659
FOODS_3_057_TX_3_validation,0.3769419424898497,0.33532878981803454,0.39279775982473747,0.2821706865561524,0.34544718627650006,0.4925809689060819,0.5329622846664279,0.4767248080458768,0.35037959475002445,0.4418865162449799,0.3595852788020553,0.49563385391268727,0.4815383155734813,0.6295861543013613,0.5306879042047983,0.4326993846924976,0.3655405342348678,0.4543432588619274,0.41025735827766835,0.5834451543904751,0.6295861543013613,0.5306879042047983,0.3730915622729535,0.4543432588619274,0.3655405342348678,0.41025735827766835,0.5062987533903699,0.4933350670118781
FOODS_3_058_TX_3_validation,1.39929254316916,1.1789201006258898,1.04031686261136,1.069443938599337,1.048315751138261,1.3644885663872652,1.2249343094343412,1.0665369867716854,0.9115998168264913,1.0289196779042094,0.8874404277457185,1.0865676743941923,1.142596204115169,1.3208177851139982,1.144030743788042,1.0412966043708907,0.9189834834475342,1.040707166961357,0.9900563682427845,1.2693172269187378,1.411657152083587,1.21485532024852,0.7225966113539455,0.8702262965791042,0.7208120839716592,0.8116737158790696,0.9518572462152147,0.9433023555879976
FOODS_3_059_TX_3_validation,0.8771897082328012,0.9928693309502682,1.0254314808583527,1.1446536914585377,1.1466463518714232,1.2932437265481063,1.2508107981188548,1.0133344729420148,0.8304767123506469,1.045612822066015,0.8981191978587579,1.085337609804593,1.1222452652971786,1.3025244453982359,1.104450980947354,0.9744058332262254,0.9029545382980138,0.9004381101957697,0.915137748912911,1.315821534492159,1.1778372573478524,1.0315587196829656,0.8148559952970517,0.926442281345907,0.8445911671570304,0.902141502758066,1.199949399085601,0.9285083218816184
FOODS_3_060_TX_3_validation,1.774828609699034,1.6990181436295184,1.6485967208491057,1.4881042070651989,1.5147594175040413,1.816000544187045,1.8143566210539672,1.608222567249026,1.4490827783461964,1.544280746939927,1.437164030436703,1.582222911059891,1.706627825112308,2.045239624598219,1.7756449706567454,1.6924704878447532,1.4434344517914497,1.5322134531296414,1.4343266692738226,1.845986535199475,1.942888087843825,1.6671068782178058,1.4114732294765144,1.448642256708796,1.2325685032832998,1.3048605892124807,1.6045491268794077,1.5929638373988815
FOODS_3_061_TX_3_validation,0.48731225443523557,0.38665367256742217,0.44576497660596226,0.455628065092647,0.5753153441643748,0.645429437381472,0.7411456604891018,0.558797599410079,0.4345742156469637,0.5340848824953577,0.43352467479301304,0.5878322201630651,0.5865052588396549,0.7152277345719279,0.5927382320471613,0.4947497125348605,0.4363257683708086,0.5251284929978672,0.4914800016986329,0.6419266933264738,0.700371388437302,0.6014731383407396,0.44387679640889427,0.5142905134557627,0.42548778882870414,0.4702046128715046,0.593533308931614,0.5910070318381455
FOODS_3_062_TX_3_validation,0.30147430353059057,0.34616676936013907,0.4036357393668421,0.2821706865561524,0.3396875021259606,0.43795210614674734,0.48409310605763345,0.4767248080458768,0.35037959475002445,0.4418865162449799,0.3595852788020553,0.49563385391268727,0.4815383155734813,0.6295861543013613,0.5306879042047983,0.4326993846924976,0.3655405342348678,0.4543432588619274,0.41025735827766835,0.5834451543904751,0.6295861543013613,0.5306879042047983,0.3730915622729535,0.4543432588619274,0.3655405342348678,0.41025735827766835,0.49399505819042877,0.48103137181193606
FOODS_3_063_TX_3_validation,0.9872064423085898,0.797868690663782,0.7915057137348204,0.7988737464203669,0.8343774582319151,1.0215383494877863,1.092838224367149,0.8420487119043862,0.7766158649060241,0.872225872932142,0.758490609530706,0.9166988137230361,0.8924777004976546,1.0739430941976682,0.9474295167714465,0.8572838799086364,0.7841671828558668,0.8499980491034648,0.8187354272399708,0.9970641815661453,1.0910881231255543,0.9112116839362945,0.7259610429657596,0.7750524505965568,0.7006642395971834,0.749281722462261,0.8434568316600453,0.8349019410328281
FOODS_3_064_TX_3_validation,4.692478605875583,4.381507436714858,4.703400485689157,5.106250829018986,5.013316613862177,6.158182497666446,6.442203424845509,5.611238150161394,5.193881971989374,5.897583176450409,5.678186238713478,6.739070461015168,7.917756836727001,8.496715511522616,7.605201509344438,6.654032155847979,6.3406309600217075,6.90726068922889,7.014522181375749,8.501867698616943,10.162454814033925,6.933869249130835,5.581344392978357,5.994714297089841,5.5183768793392485,5.9625712517919585,7.3573032541283085,6.988987466046113
FOODS_3_065_TX_3_validation,0.6124130324923603,0.6169010882444631,0.6126163095661817,0.6116749826405178,0.577317585203804,0.7011006819161271,0.7708894076416516,0.6629241283694072,0.5074437483257321,0.5984363164595968,0.4978761087572525,0.6374934727742468,0.6279625409019228,0.7731069299634313,0.6682241758226573,0.5466444038821511,0.4759167645181587,0.568424839455927,0.5206335885609581,0.6938213846737655,0.7606320466109239,0.6302261549459849,0.47262981301413987,0.5538815096031126,0.4650787849760542,0.5097956090188536,0.593533308931614,0.5865541265973334
FOODS_3_066_TX_3_validation,2.4616888664488936,2.3907698237260506,2.3974596080046675,2.4289229837405317,2.657055227079499,3.2198658626742622,3.824897284667914,2.97402391857949,2.485920980352741,2.727024943831306,2.654018635008607,3.131975324345617,3.4099390207149027,3.538466998475475,3.157525608756269,2.5280066636615737,2.4290296993861693,2.7375194917326633,2.606820425050024,3.338634225448575,3.612724098780309,2.8880013323171863,2.4240407047949866,2.6051662990823155,2.463784492093362,2.504752686126836,3.096528589576231,3.0000276019121843
FOODS_3_067_TX_3_validation,0.8069391446682459,0.8271463399190448,0.8272000755772043,0.8158221142350065,0.8700718200742991,1.0224816617692989,1.0242453200059043,0.922672065078613,0.7839050210876103,0.8974783661019328,0.7969181583995871,0.9551263625919172,0.9528117101278829,1.199933088554201,1.0829283520786241,0.9145449837565989,0.8419706850901562,0.9252668197350982,0.681774695503297,0.9829963370325068,1.030258862662069,0.7925638998829765,0.6349675579511302,0.7123185957178272,0.612677891548663,0.6205477870050988,0.7774567510816128,0.7017151003348538
FOODS_3_068_TX_3_validation,0.10901362289057186,0.30288821334481236,0.29860343466653094,0.3073706546240179,0.34053436678563426,0.48281874740207975,0.494931085599738,0.42416670487115976,0.361217574292129,0.4527244957870846,0.37042325834415996,0.5064718334547914,0.49237629511558595,0.6279673912265185,0.541525883746903,0.4435373642346023,0.37637851377697246,0.46518123840403214,0.43153274710479655,0.5834451543904751,0.6295861543013613,0.5306879042047983,0.3730915622729535,0.4543432588619274,0.3655405342348678,0.41025735827766835,0.49399505819042877,0.48103137181193606
FOODS_3_069_TX_3_validation,0.24832890167017296,0.4403703699679902,0.4682997424517816,0.4780125689714364,0.4795045283573068,0.6284337624051388,0.7938455837695246,0.7219930294849616,0.6079600460916732,0.7827001809416162,0.6453153130280694,0.8541276815089112,0.8569226409685078,1.0659261013267267,0.9666352460421663,0.8499129890427083,0.7157939734641248,0.8676562043898609,0.7348819658696818,0.7577722287789979,0.7783900911657192,0.6794918410691568,0.48114791172867,0.5980899456427157,0.509287221015656,0.5579047038807337,0.593533308931614,0.5805696225531217
FOODS_3_070_TX_3_validation,6.232396681459542,5.623145010459972,4.786986193064521,5.085977841876059,5.381282251252105,5.896394367020804,7.0388618477915035,6.9407558161387914,5.648515476992714,6.317713813613976,5.293782988494786,7.017521163594144,7.190526827614375,9.449988692701474,9.255398947975957,5.913144012355904,5.278119889015233,7.020022296989311,5.6836847918501565,8.161848820689698,9.354154571970732,8.75191991563111,5.934366625691264,6.899507883704813,5.810373304780273,6.866845195375144,7.1414686508204985,8.550592552763192
FOODS_3_071_TX_3_validation,4.5056849697828305,3.946472385736307,3.5381189886600874,3.849397635459881,3.9017490281777834,4.753602895106207,4.815416652009037,4.367643010579528,3.747384639730843,4.28101582275382,3.8624674437249733,4.6266459099565465,5.173528790227665,5.639198366264143,4.920948314255912,4.649728276714909,4.366744088717275,4.485694488628177,4.292524760347183,5.964709320798205,6.083524480159104,5.275138094939368,4.357010197792069,4.265576105433906,4.208796831944641,4.298123213487199,5.0124763604577565,4.999374767454995
FOODS_3_072_TX_3_validation,1.7183739467712713,1.618264518119157,1.6031358347300348,1.6780686169895769,1.5926327302605505,1.8421608515545775,2.0757705777815287,1.5578567485533699,1.3992463588981359,1.4068318565620932,1.2685545466843118,1.4683835264949854,1.5057682622954283,2.278138781188294,1.4431222192525308,1.254708194003359,1.1930386527107901,1.3017775574120223,1.267197143255054,1.5346049915365947,1.769818053210059,1.541180769448444,1.251927941378001,1.3583083469168913,0.9602303383256633,1.2585322166155084,1.4465406115618837,1.5512475933220198
FOODS_3_073_TX_3_validation,0.04197455961002902,0.2765923767477492,0.2723075980694678,0.2723075980694678,0.3054713102310841,0.42918488618926043,0.47532588610014653,0.4045615053715683,0.27821629207571597,0.36823520862217674,0.3493300538960738,0.49563385391268727,0.4815383155734813,0.6171294116844139,0.5182311615878509,0.4326993846924976,0.3655405342348678,0.4543432588619274,0.41025735827766835,0.5834451543904751,0.6295861543013613,0.5306879042047983,0.3730915622729535,0.4543432588619274,0.3655405342348678,0.41025735827766835,0.49399505819042877,0.48103137181193606
FOODS_3_074_TX_3_validation,1.8956269272353587,1.748251237940365,1.7331225545512428,1.6195731598819996,1.6836344619761803,2.0971288040499005,2.2302701555424753,1.9581383431433212,1.685892249200706,1.7898017602037066,1.694560659669337,1.9485939219095225,2.0774054355300917,2.4173039680980035,2.070059721474418,1.9018349525752711,1.7019581530386452,1.8664664427500761,1.6273374271349936,2.148602577101217,2.3483962027097114,2.0662868515406068,1.685748417058299,1.7182302652520283,1.5907077424083778,1.668346010932888,1.8843079092577508,2.2688437835484305
FOODS_3_075_TX_3_validation,0.2750963628459964,0.32191065820828085,0.32992957472994133,0.33979266321662605,0.3664600536915019,0.5282712427437314,0.5364583991906852,0.5275804779662827,0.41169109406995885,0.5112017609183527,0.41009915482968146,0.5189285760717384,0.5048330377325324,0.6404241338434659,0.5891694431407977,0.5034846188284383,0.42402207317086676,0.5128247977979253,0.47917630649869086,0.6310887137843693,0.6772297136952555,0.5783314635986931,0.4207351216668479,0.5019868182558213,0.42548778882870414,0.4702046128715046,0.5539423127842642,0.5409786264057719
FOODS_3_076_TX_3_validation,6.388771611792167,5.508786600257715,5.890907412602506,6.041790293579598,6.327458369656735,8.208139702739523,8.104271097208168,6.555632113168144,5.462790912475567,6.1001796062949305,5.656061214314037,6.608072170293604,7.467215285398949,8.481849781920822,7.592063813165853,6.444381915342961,5.957690283676155,6.643984266744824,6.894487394558982,7.738980450051136,8.454661525774785,7.368585882963072,5.795291575315408,6.592417789460248,5.7639002644658195,6.408735344382508,7.7203694745510845,8.431980664575894
FOODS_3_077_TX_3_validation,2.7182268666959835,2.661478840411281,2.7468129103764114,2.746702090270277,2.9614260333823785,3.5432260868931267,3.7862891664915432,3.3274388278989244,2.913086947994556,3.450032119271158,2.756669919337859,3.2957083295710796,3.793093038959316,4.1193858085203505,3.7654117751125042,3.53297237582559,3.0807754261698377,3.1026752321930355,2.849048686091747,3.9732611341268402,3.868861048954375,3.4082854047567808,2.706788858171572,2.9562502351082958,2.6863106330407613,2.9991976666227247,3.3604925037957054,3.258820467398897
FOODS_3_078_TX_3_validation,0.10901362289057186,0.30288821334481236,0.29860343466653094,0.29860343466653094,0.3317671468281473,0.46361411815956916,0.5185223380279413,0.45819536658438764,0.361217574292129,0.4424692708811029,0.37042325834415996,0.5064718334547914,0.49237629511558595,0.6279673912265185,0.541525883746903,0.4435373642346023,0.37637851377697246,0.4688865887147421,0.41025735827766835,0.5834451543904751,0.6295861543013613,0.5306879042047983,0.3730915622729535,0.4543432588619274,0.3655405342348678,0.41025735827766835,0.49399505819042877,0.48103137181193606
FOODS_3_079_TX_3_validation,2.9889582198172238,2.499951886735526,2.4186816753471985,2.3511947531527526,2.4260262592673567,3.075109042227053,3.356290922697861,2.733055240471817,2.3013302719140976,2.6070156306830987,2.373652993297236,2.604074448468782,2.923747373711008,3.795081706582594,2.969647815633222,2.767558302921522,2.477148142390555,2.731400153704667,2.6445814761995665,3.4880933744628106,3.7893236752190353,3.0462036312420047,2.4248116671726514,2.6467083294688902,2.420005635292534,2.449866560478333,2.8994249048627494,3.3340997404595756
FOODS_3_080_TX_3_validation,9.487910654208564,8.764912427684965,8.544435695754853,8.612502925030068,10.037013917817623,11.622701176586165,11.449873018078831,10.243517800317667,9.00865616248965,9.782638858227749,8.975873924820261,11.062435145014655,11.92320005697304,12.210601488020101,11.347797912839326,10.380802315358984,9.097745524726998,10.361326406021867,10.257477015852182,12.645145268622604,13.20615048800374,11.844077760868727,9.457237126098828,10.538466469672299,9.328904328684052,10.4623838549357,11.316931075723492,11.285886633022763
FOODS_3_081_TX_3_validation,0.20873790552282306,0.392012153863153,0.3877273751848716,0.3037866406723037,0.31630928977318856,0.44879008568885187,0.5009155896439492,0.47922878772119026,0.3714727991981106,0.4527244957870846,0.37042325834415996,0.5189285760717384,0.5048330377325324,0.6464086378876776,0.5562110417289634,0.4326993846924976,0.3655405342348678,0.4543432588619274,0.41025735827766835,0.5834451543904751,0.635570658345573,0.5306879042047983,0.3730915622729535,0.4543432588619274,0.3655405342348678,0.41025735827766835,0.49399505819042877,0.48701587585614775
FOODS_3_082_TX_3_validation,0.07458439092026299,0.2765923767477492,0.2723075980694678,0.2723075980694678,0.3054713102310841,0.42918488618926043,0.47532588610014653,0.4045615053715683,0.2869835120332028,0.36823520862217674,0.3595852788020553,0.49563385391268727,0.4815383155734813,0.6171294116844139,0.5306879042047983,0.4326993846924976,0.3655405342348678,0.4543432588619274,0.41025735827766835,0.5834451543904751,0.6295861543013613,0.5306879042047983,0.3730915622729535,0.4543432588619274,0.3655405342348678,0.41025735827766835,0.49399505819042877,0.48103137181193606
FOODS_3_083_TX_3_validation,1.1471983784638657,0.9883180557278922,0.8919099232052791,0.9781623750137027,1.0267798578787792,1.1661316064204095,1.3017568744594743,1.001736433476571,0.859331977827536,0.9452456694050267,0.8538393797649817,1.0028936658950112,1.0160037960056492,1.5515452745867162,1.09289233686005,0.9044783116108789,0.8151598320715508,0.9222215269580315,0.8637773149366285,1.0722384464547075,1.1824675165794372,1.0668636437919954,0.8840576551362674,0.994329651789728,0.8726059682759048,0.9212234511409824,1.0927752433574682,1.417519609349762
FOODS_3_084_TX_3_validation,0.8583575767942622,0.7271588162132412,0.7168938964250513,0.7392137275286833,0.8228330594344202,0.9456907235555285,1.0411425999282302,0.9047825667831162,0.7766158649060241,0.872225872932142,0.7089318103510664,0.9298738694221265,0.8499619012524562,0.9945385242277741,0.8741283267049862,0.760576139500524,0.6640027742980503,0.7460354230322069,0.6875912110108039,0.8871713727562779,0.9609276999968235,0.8344141225706018,0.6534325519721981,0.6905976542705078,0.5827682836821259,0.6313857665472035,0.7151234664599639,0.8109031572467497
FOODS_3_085_TX_3_validation,1.144665964737523,0.9276871143611081,0.9703899655549357,1.032266080714621,1.0808835635796972,1.1614315575965746,1.224896207711678,1.11511689836485,0.9601797284196562,1.0704517250731165,0.9287311831572973,1.1208105653815135,1.1616081604592705,1.3645132262191826,1.1677113943841155,1.0340074481893047,0.9414388853777074,1.06316256889153,0.9818269865095899,1.3066812192892396,1.2560279919745745,0.9462035103363092,0.7745079198743546,0.9107405710680283,0.807275857813626,0.8663307499637274,0.9622946555002385,0.9433023555879976
FOODS_3_086_TX_3_validation,11.590079679750184,10.05615963762768,10.95815559469523,10.330798946131967,11.754548868971755,14.247838868814592,15.067936970370443,12.734499554596903,10.294096772089466,11.470346104894398,9.934948818306756,12.298487991959545,13.684213951494534,14.966497631457697,13.29905602414266,11.333975348988355,10.91945020314721,11.774303141906982,11.955962811743696,14.006491294013708,14.79558156602639,13.375061156604882,10.338836419903517,11.703922889625487,10.402036104770094,11.191422565593355,14.175344303310508,13.694897690009974
FOODS_3_087_TX_3_validation,3.7548286393682098,3.2029662483774617,3.227287506665886,3.3887703258476107,3.4418162627044846,4.207634503979584,4.212678867886491,3.66786012855132,3.202696928509781,3.4730434774797847,3.1570937223492384,3.6522663116384377,3.9437199535959175,4.572215902481771,4.110334006987232,3.574727613890253,3.262745709637769,3.5255633822852817,3.4691524077100473,4.304394530020902,5.046932210951439,4.14509198374527,3.0883389372445076,3.44423657641623,3.044380560635729,3.256821583210152,3.9276353594821067,3.9294622927332026
FOODS_3_088_TX_3_validation,0.3047463476140058,0.34616676936013907,0.4052780733986795,0.4151411618853642,0.4726579774551724,0.44879008568885187,0.494931085599738,0.47922878772119026,0.3714727991981106,0.4527244957870846,0.37042325834415996,0.5064718334547914,0.5048330377325324,0.6404241338434659,0.541525883746903,0.4435373642346023,0.37637851377697246,0.46518123840403214,0.42109533781977293,0.5942831339325796,0.6404241338434659,0.541525883746903,0.3839295418150581,0.4666469540618695,0.42548778882870414,0.43299846276263393,0.49399505819042877,0.48103137181193606
FOODS_3_089_TX_3_validation,1.8176143816549777,1.6707238041223924,1.6634526569856771,1.5068458245319007,1.3722857964269897,1.4956538639424146,1.6686514398506935,1.3407370841194723,1.1763234910603626,1.2995192719413209,1.1753165670928833,1.4409312317386114,1.4887079066924678,1.791858788693399,1.580991259379569,1.4611306177816108,1.3061909519066441,1.5115554339998816,1.5200503273694326,1.9385922221707554,2.12771732901195,1.8113573558681328,1.5662507398017733,1.7320003776723136,1.2253341879167114,1.4726152604363631,1.671015594536152,1.8923479648889456
FOODS_3_090_TX_3_validation,58.034216558880935,50.30971662390135,50.36878282632094,54.97353252814846,72.75791403175931,85.70316054409373,83.23799093691025,60.13876033212166,52.04185054253709,58.188177344345945,58.5527934352986,75.93328228531705,85.7807318082913,80.46627798860744,61.10068489532526,58.90077917523793,56.16399441308794,63.33830918803457,70.73810133461048,83.73600159339584,83.59477637168425,62.129544940621045,52.611416070123965,59.11632140855608,58.719173379098805,71.0957015426806,81.38152866476506,74.62002573878982
FOODS_3_091_TX_3_validation,0.7652632725571998,0.707438938795166,0.630853939353851,0.6716015267624927,0.7597612932502019,0.7490333743345173,0.785927509661976,0.7074155975122467,0.5792488956351546,0.6601687223082151,0.5742986959589269,0.7327877937055335,0.7151234664599639,0.8770885814593653,0.7518163124743348,0.6538277929620329,0.5827682836821259,0.6715710083091855,0.6313857665472035,0.8045735626600109,0.8645520636256848,0.7665014704563952,0.5833819910003839,0.6303040968047883,0.5719303041400212,0.6309851962901226,0.6738565549555667,0.6587496505388807
FOODS_3_092_TX_3_validation,0.07458439092026299,0.2765923767477492,0.2723075980694678,0.2723075980694678,0.3054713102310841,0.42918488618926043,0.4813103901443582,0.4045615053715683,0.27821629207571597,0.36823520862217674,0.3493300538960738,0.49563385391268727,0.4815383155734813,0.6231139157286256,0.5182311615878509,0.4326993846924976,0.3655405342348678,0.4543432588619274,0.41025735827766835,0.5834451543904751,0.635570658345573,0.5306879042047983,0.3730915622729535,0.4543432588619274,0.3655405342348678,0.41025735827766835,0.49399505819042877,0.48701587585614775
FOODS_3_093_TX_3_validation,1.9576155048495478,1.7911990205173158,1.9281962165770596,1.9757598134981529,2.2207471963346896,2.5168018668505154,2.6064359841620166,2.1611310470154117,1.8854775008636246,2.0349916697145662,1.9406375960982636,2.0655882170939575,2.1639243439227354,2.7404099973688725,2.1703256809495937,1.9616304586844209,1.8347799850275612,1.9878400738562922,1.7576439109771682,2.2800434587470297,2.38138139600409,2.15325572176496,1.7912241765672805,1.9347705122018841,1.7869363502403863,1.7785060003406044,2.163624120038457,2.3168340379431527
FOODS_3_094_TX_3_validation,1.1117052346549814,0.9194479412023903,0.8891626993629461,0.9006681218814683,0.9623734213576445,1.1551146454219954,1.4113872644007905,1.0156486980772992,0.7235472856952301,0.9163119210810142,0.8165236043877365,0.988645075553059,0.9659089302998092,1.132213711191627,0.9824331977047196,0.8601411568649803,0.7708226773256522,0.8815897225228428,0.794187667020939,1.000186766957123,1.0489140480453432,0.95306190662392,0.7414189000207185,0.803873732672711,0.7115022191392878,0.7601197020043654,0.8438574019171259,0.8988096985865291
FOODS_3_095_TX_3_validation,0.26632914288850945,0.31165543330229933,0.3073706546240179,0.32748896801668403,0.3711377788259861,0.43473989654930356,0.48686540050440136,0.47922878772119026,0.3714727991981106,0.4527244957870846,0.38288000096110747,0.508090596529634,0.49399505819042877,0.635570658345573,0.5306879042047983,0.4326993846924976,0.3655405342348678,0.4543432588619274,0.41025735827766835,0.5834451543904751,0.635570658345573,0.5306879042047983,0.3730915622729535,0.4543432588619274,0.3655405342348678,0.41025735827766835,0.49399505819042877,0.48701587585614775
FOODS_3_096_TX_3_validation,0.8069391446682459,0.8271463399190448,0.8310579710856364,0.6950052914890804,0.8390596427539687,0.8773762064956165,1.013807910720881,0.8480264298245029,0.7766158649060241,0.872225872932142,0.7716656652297964,0.7991704958623082,0.7558710538686056,0.9178361688680071,0.7925638998829765,0.6945753803706746,0.6235158710907676,0.6752763586198954,0.6313857665472035,0.8045735626600109,0.8770885814593653,0.7518163124743348,0.5942199705424885,0.6715710083091855,0.5719303041400212,0.6309851962901226,0.6738565549555667,0.6891785825011733
FOODS_3_097_TX_3_validation,1.860903426242206,1.722350958784028,1.687566456769156,1.6484692596727817,1.6517488363352784,1.7862328353817771,1.859123897758104,1.7830867898580403,1.554684098444991,1.7817851981435844,1.6755818468941248,1.8945073281284606,2.1587876432043878,2.35576729879926,2.0709547493846325,1.6305410809280338,1.6569216656954546,1.8287000239512787,1.7106184665555952,2.0725447577002494,2.6398568084745304,2.038034636098582,1.685748417058299,1.8879403795900729,1.5485616324490574,1.5560796830230947,1.7555152572137145,1.8033998766689088
FOODS_3_098_TX_3_validation,0.36227532525159384,0.40184153267400613,0.3549586208822655,0.353316286850428,0.38812233304388183,0.4956638903297741,0.5674719493872213,0.5526095241186072,0.41169109406995885,0.5507927570657027,0.4106415532160082,0.6045400947334102,0.6279625409019228,0.8097080817839519,0.6682241758226573,0.5538992895452968,0.4363257683708086,0.5288338433085772,0.4702046128715046,0.6433924089843112,0.6832142177394672,0.5783314635986931,0.4207351216668479,0.5142905134557627,0.42548778882870414,0.4702046128715046,0.5539423127842642,0.5469631304499836
FOODS_3_099_TX_3_validation,9.619356604157975,8.033706111230083,7.2882221004979755,7.051849501059378,7.734497338891922,9.479157436606657,10.00886881238126,8.630531162755364,7.490044160544893,8.152621676326948,7.330012311642512,8.626325358059402,9.495999810945284,10.974226137851389,9.506581777534883,8.718473498156166,7.670500796210145,8.689597390358415,8.700402184770804,10.464180382556442,11.449145098667392,10.392222120583156,7.904148361657523,8.702965537268264,7.779499274712477,8.152523601480146,9.384380773879057,9.901113472414606
FOODS_3_100_TX_3_validation,0.737380552924735,0.7575877481755339,0.6728129215617727,0.7267569849117359,0.8228330594344202,1.033559380864717,0.883717089589616,0.8297713939236193,0.7138820100272941,0.8094920180534121,0.7089318103510664,0.8671400145433965,0.8429189013180151,1.0536357351229264,0.8200450570074075,0.7282922076850543,0.6389737281457263,0.7460354230322069,0.6875912110108039,0.8871713727562779,0.9669122040410352,0.7936665351619601,0.6126849645635564,0.6905976542705078,0.5827682836821259,0.6313857665472035,0.7567241929952374,0.6891785825011733
FOODS_3_101_TX_3_validation,2.681997712918732,2.2840301735695334,2.310303154506254,2.3187695543309728,2.595898044828519,3.3798630297194645,3.7617474989487247,2.8464463842563537,2.461649848076303,2.761484371809024,2.5806844256532044,3.016091832395157,3.4319095199420167,3.747648455878053,2.8157033409462597,2.517779270041174,2.376910939365414,2.4916651280876727,2.3883962745603027,3.1773125061268765,3.449374021977499,2.939679488703372,2.3855118853582753,2.5730075676872324,2.3846489376672224,2.4484015229762064,2.9531110454090785,3.1460813488030923
FOODS_3_102_TX_3_validation,0.4451674405699698,0.39542089252490914,0.452889862531612,0.3525180141690082,0.454885182560648,0.4960735117588974,0.5861608544203657,0.47922878772119026,0.3714727991981106,0.46518123840403214,0.38288000096110747,0.5189285760717384,0.5048330377325324,0.6295861543013613,0.5306879042047983,0.4326993846924976,0.3655405342348678,0.4543432588619274,0.41025735827766835,0.5834451543904751,0.6295861543013613,0.5306879042047983,0.3730915622729535,0.4666469540618695,0.3655405342348678,0.4225610534776103,0.5062987533903699,0.4933350670118781
FOODS_3_103_TX_3_validation,0.45943928719076066,0.49599835764706407,0.5971869013343603,0.6459092420030039,0.551904481243228,0.6495352606797733,0.7297742574502888,0.6398440796598512,0.5269618327296351,0.623465362611921,0.5229051549095753,0.6772127002796284,0.652991587054247,0.814067465910004,0.7079434033280388,0.6249015371520473,0.41285509682994964,0.5288338433085772,0.4702046128715046,0.6433924089843112,0.6895334088951974,0.590635158798635,0.4330388168667898,0.5538815096031126,0.4650787849760542,0.5097956090188536,0.5539423127842642,0.5805696225531217
FOODS_3_104_TX_3_validation,0.799767334742063,0.7507836890683276,0.7014956393848047,0.6122173810268444,0.6472034219427331,0.8149287617341577,0.7945346424850648,0.732444643664571,0.6042779417874788,0.6998879498135968,0.5993277421112512,0.7575359463035812,0.7387147188881682,0.9076435947545012,0.7936665351619601,0.6875446202764126,0.5982261407370846,0.7052878356235652,0.5597387394397081,0.7937355831179063,0.8624147380214289,0.7105494009699376,0.5529530590380913,0.6303040968047883,0.5415013721777286,0.5901188550428063,0.6738565549555667,0.652765146494669
FOODS_3_105_TX_3_validation,0.35553437820162753,0.3489881746545654,0.3549586208822655,0.3549586208822655,0.38812233304388183,0.4956638903297741,0.5576124808046888,0.5526095241186072,0.4367201402222829,0.5795271535287368,0.4106415532160082,0.5649490985860602,0.5988089540395968,0.7275314297718698,0.6433183376573678,0.49118092362849697,0.42402207317086676,0.5128247977979253,0.48104259241360925,0.6542303885264157,0.7150565464193623,0.5783314635986931,0.4207351216668479,0.5019868182558213,0.41318409362876224,0.4702046128715046,0.5539423127842642,0.5409786264057719
FOODS_3_106_TX_3_validation,1.4992458938080748,1.2598973892440724,1.0789612828690476,1.2128736095873645,1.3246610336558589,1.5790743355275447,1.9544982969284712,1.4120229728604685,1.2153911507115267,1.3393196106167988,1.1753165670928833,1.4409312317386114,1.3949066107857284,1.730711532734594,1.5208585699691128,1.3711390765172837,1.034936256141574,1.2829938595168404,1.2593020044450196,1.6074551703478888,1.8181884822935577,1.483339888691046,1.1849572785578957,1.2972241533796234,1.2260365048072925,1.346469803187319,1.5668885731365523,2.0417283605429652
FOODS_3_107_TX_3_validation,1.873636163284948,1.7621411313658262,1.7081153935675895,1.7133076560097347,1.9312391080628588,2.3019281616996685,2.592646300807576,2.115126943992739,1.7780703313889552,1.9598317695946714,1.819263964992047,1.9683752659527187,2.2482394805820354,2.7780360564163478,2.213474271087377,1.7205358038603118,1.7775711406020924,1.9461676228188711,1.6577177091412054,2.1590163214864195,2.2625039254730615,1.973776032974146,1.605708964621176,1.786426990312953,1.6099169318129232,1.7281213075659492,2.167731348629112,1.9634583327448318
FOODS_3_108_TX_3_validation,1.5318488187979387,1.2838515352079347,1.1964738096602412,1.2049402094849602,1.284740757899019,1.5213666565691693,1.7620995167242224,1.4932827202608505,1.002192065633346,1.269247998355665,1.0552335450648762,1.3620800465597909,1.4202711337009855,1.7543503813105144,1.3947586887520407,1.249509904840245,1.1437670993924822,1.1004525822657831,1.0828258012511356,1.3496550223542,1.481369758030739,1.2558813826239694,1.0570609869571768,1.0374694637115345,0.9424711502818502,1.0095769033031576,1.191616621033006,1.2369377070910015
FOODS_3_109_TX_3_validation,8.98710733250714,8.506459898465918,9.41049866817028,8.849025971118646,10.461865792348663,10.611648097945348,10.447321997333074,8.527278992668766,7.6088973181725095,8.013410394258115,7.278444848822821,8.64834736414639,9.849863820292056,11.028576226374287,9.662455365122097,8.688803152405644,7.646586857487343,8.732140891227298,8.161593135773535,10.765139733908395,11.889015071878937,10.587858373668878,8.487352257152773,9.754398109859483,8.66225782035154,10.346778548686151,11.469747373911856,10.62640116130633
FOODS_3_110_TX_3_validation,0.47488164263309707,0.49992949584726637,0.3920066194465778,0.4018697079332624,0.5042368763249011,0.5903482874603678,0.6640410661300346,0.6248443394598662,0.508954955563541,0.6605133611762333,0.5599531534738876,0.7142606988439407,0.6900395856185593,0.8244209485063123,0.6686703203717659,0.5379104681858069,0.46685095890590117,0.5237489426932983,0.4796630421090403,0.6528508382218468,0.7049763421769447,0.6000935880361706,0.48509537921778434,0.5129109631511938,0.4241082385241352,0.4688250625669357,0.5921537586270451,0.5455835801454146
FOODS_3_111_TX_3_validation,0.6656395493242526,0.5619625919377879,0.4835353188484236,0.4950407413669457,0.5550469536154709,0.6364806396164531,0.640497048709671,0.551632784931973,0.44387679640889427,0.5251284929978672,0.4428272555549436,0.5788758306655747,0.5647802923263687,0.7063558924815136,0.6410641344880894,0.5034846188284383,0.4759167645181587,0.5251284929978672,0.5206335885609581,0.6938213846737655,0.7459468886288635,0.6449113129280453,0.47262981301413987,0.5538815096031126,0.4650787849760542,0.5097956090188536,0.593533308931614,0.5865541265973334
FOODS_3_112_TX_3_validation,2.0055789085790607,1.703075699873298,1.7383122097749522,1.7383122097749522,1.9796660848531797,2.220189327453742,2.4130257686493906,1.9441216381828492,1.7720061957534365,1.981865103432359,1.846427354782283,2.0999334160125662,2.233889794447407,2.6223634207795703,2.3409876664374116,2.1635612698848385,1.9599938906927068,2.0337993375591155,1.9234214986524227,2.567884398411854,3.158317287995648,2.5759687601137036,1.920953236030103,2.043123714362745,1.8877733717216534,1.9632858149384163,2.4068333637832153,2.2674630205580097
FOODS_3_113_TX_3_validation,1.1334618830160577,0.9630670700588654,1.052702062854977,1.0150926096481498,1.0901231466162893,1.3478248112697717,1.5434814069637512,1.315229595209178,0.9927231664873084,1.1422855681682322,1.0092727178344607,1.235117616372358,1.4018983386687642,1.8954086227714748,1.3252041494593967,1.0617737848909738,1.00131966879981,1.1441334595289416,1.0895155290364238,1.3741585342130536,1.4541063192513317,1.03702817735375,0.8372990203769448,0.9350122752499617,0.8363086115095683,0.9116437462640697,1.0489800413676953,1.095625901096864
FOODS_3_114_TX_3_validation,0.8464499577031245,0.7803515344525593,0.852294768058083,0.7757024833560149,0.8040462508224273,0.9632491194129067,1.0132433546857074,0.8615509607471714,0.7411954530032518,0.7747698194952409,0.6454752153298613,0.8183685775042517,0.7794623062968099,0.9756128579788839,0.8197239412175443,0.6831730943697043,0.5827682836821259,0.6752763586198954,0.6009568345849108,0.8045735626600109,0.885789235397214,0.7409783329322301,0.5529530590380913,0.6303040968047883,0.5719303041400212,0.6205477870050988,0.7042854869178593,0.6957305962906422
FOODS_3_115_TX_3_validation,1.8999496803665625,1.7803541348410032,1.765352912628205,1.5643087760978818,1.5656348897825478,1.9737113458597484,2.2604275155048037,1.720695122281128,1.5485452048044788,1.6301011331415127,1.5643700196046875,1.7256389165794317,1.8223642823934578,2.14545165514955,1.9046879293871057,1.6810585824896802,1.4434344517914497,1.6365742963836203,1.5867865412165112,1.9870036549477157,2.14545165514955,1.9046879293871057,1.529495677500129,1.6797643092925858,1.2710333791216297,1.4337371587661316,1.6529088709627575,1.7214422547828505
FOODS_3_116_TX_3_validation,1.6041568271716338,1.433817378539444,1.3142553403713781,1.152106828267024,1.2906813835301731,1.560013703982054,2.070636055202567,1.3452064911705834,1.2209530674767712,1.3809005566887245,1.3011572685917174,1.5670334314823606,1.672790487424229,2.0017907289825185,1.7055695646558695,1.4355405984540317,1.4090341106733137,1.2385819004342629,1.356194542164077,1.6325883907143741,1.8261139629627403,1.5580904554551789,1.2439171789037922,1.2501405662963923,1.1927521825751841,1.272552730989243,1.4331238925999643,1.4432882572589432
FOODS_3_117_TX_3_validation,10.784948029939622,9.146641823254223,8.939983157818213,9.370083203795351,10.346727003545068,12.697059558990595,11.870982318715562,10.574645179495858,9.661098066887641,10.116071240287631,9.186436715286495,10.884323978747393,12.313735158495021,12.6881222274397,11.646144725485946,10.265604273435612,9.199293547908741,10.178468858994876,10.46259203000186,12.725026853037587,12.873280327278716,11.722675358329704,9.341160818298976,10.17352180406595,9.211922430585435,10.732943291917048,11.738758828350619,11.3580292535282
FOODS_3_118_TX_3_validation,2.444956477463126,2.1349507646033126,2.1439711005495505,1.9893677647653103,2.1818206095465458,2.4504353868667206,2.6670244799467526,2.2740399097483968,1.9898219741408738,2.217335414040172,1.9564787853209349,2.343114902399208,2.507972211693192,3.2460348497868607,2.618093981682028,2.4192282327127583,2.202129280346343,2.370077666758479,2.289043970555682,2.954270273548069,3.4984999614370165,2.760228920897959,2.348902481487041,2.4498379494156954,2.160714832598625,2.4349782286762784,2.740779407723808,2.804066941501055
FOODS_3_119_TX_3_validation,0.49700102304996857,0.4290227714180605,0.45861163690836415,0.4386781124223089,0.4401700718081795,0.5477116290940706,0.7209635857090652,0.627092351488294,0.49892564961120295,0.5984363164595968,0.4978761087572525,0.6521836541273043,0.6279625409019228,0.7950229238018915,0.6975995151577751,0.5466444038821511,0.43578336998448186,0.5251284929978672,0.4914800016986329,0.6433924089843112,0.6955179129394091,0.590635158798635,0.4330388168667898,0.5142905134557627,0.42548778882870414,0.4702046128715046,0.5539423127842642,0.5469631304499836
FOODS_3_120_TX_3_validation,23.474283892370558,21.286566816844182,20.58658866468189,19.206884932632832,20.387519825678023,27.781874369739636,30.436678538690963,28.21917982263126,21.11240301248243,22.783973649076476,20.79422089250413,24.014096247428462,28.943038499436096,34.86655582774281,33.154535539692205,28.35199866386323,22.87066207524869,25.056005587586878,23.88812477082016,34.80260939451193,42.94905089603193,32.59908612162187,25.954916111470823,26.586832421693106,22.850608156061494,23.890351143197904,31.38347331597298,30.9145569524872
FOODS_3_121_TX_3_validation,2.2000555278749276,1.9038668020368155,1.840892336642477,1.8887381186476933,1.980591571056035,2.3964809326223597,2.392723400250916,1.9976990201649356,1.7109368380031615,1.9299097793017197,1.7576305334130815,1.9803594647173988,2.0075413887739972,2.359205868763535,2.057022486148702,1.8516483426536947,1.6972455404316327,1.9230764969942458,1.8236792979178538,2.3625028555740184,2.577464912713836,2.191897537816592,1.6720588636778118,1.9749624517660322,1.878777993436464,1.6785989618051158,2.267029951374015,2.5405966211821696
FOODS_3_122_TX_3_validation,0.9465559317214216,0.8621064095258338,0.9205477591615964,0.8286418261489232,0.9050597233324015,0.9361126195659022,1.0078234066766687,0.9596762569288222,0.809157514257401,0.9134546441246703,0.8296386172952098,1.0171939680969428,1.045502139266623,1.1175285532095671,0.9824331977047196,0.8761174348877176,0.7721369667210469,0.9289721700458081,0.7957254034338004,1.0880986458881372,1.0495268517876482,0.8952354059135571,0.6349675579511302,0.7123185957178272,0.6235158710907676,0.6717327836987644,0.7450330743265011,0.6957305962906422
FOODS_3_123_TX_3_validation,0.5256792909997318,0.472664268525814,0.47824257833421724,0.47824257833421724,0.5896281729164438,0.7285264355014547,0.7411456604891018,0.5504635995432879,0.4345742156469637,0.5340848824953577,0.43352467479301304,0.5731420388100077,0.5760678495546311,0.7152277345719279,0.6286331796753074,0.5070534077348015,0.4363257683708086,0.5251284929978672,0.48104259241360925,0.6542303885264157,0.7546475425667122,0.6014731383407396,0.44387679640889427,0.5538815096031126,0.4650787849760542,0.5097956090188536,0.593533308931614,0.5910070318381455
FOODS_3_124_TX_3_validation,2.8189171849627077,2.802001720737566,2.4878700630692627,2.5852095326032356,2.8900902227829675,3.328397632088887,3.944432835196187,3.2253557994584527,2.7619415937655347,3.070396500220441,2.857372310208538,3.2817439424145545,3.717127150180485,3.9363048971420973,3.632525422874879,3.308628541110481,2.558733060772556,2.8345265121346954,2.6239083774375196,3.6063995040791186,3.691768878169634,3.2804654481861757,2.492170467174848,2.6961399758534474,2.561943833827467,3.032496393748517,3.024509015809974,3.1924807520228606
FOODS_3_125_TX_3_validation,0.978088287883612,0.9065309934632354,0.859996140573885,0.8715015630924071,0.9332068625685828,1.1594297967468812,1.2366183947936644,0.8912398859275922,0.6942880161374942,0.7898980241636122,0.6893378164612666,0.8287124656745154,0.9088259338631371,0.9360901157564311,0.7925638998829765,0.6945753803706746,0.6235158710907676,0.6715710083091855,0.6313857665472035,0.8045735626600109,0.8770885814593653,0.7518163124743348,0.5833819910003839,0.6607330287670808,0.5719303041400212,0.6205477870050988,0.7042854869178593,0.7121525096198776
FOODS_3_126_TX_3_validation,2.325102505440849,2.039763848678975,2.1118109696016827,2.290933622286566,2.2819075980995827,2.7632553306004723,2.9355219632534575,2.5447452562037642,2.2625591944303554,2.5876141179862104,2.346709403592073,2.6564931612888745,3.199248173389679,3.7243501105127983,2.7494590521878175,2.6649789194138434,2.294502937897495,2.564919367686918,2.694179940253796,2.9827673793874094,3.245772801272753,2.7152030368060056,2.313173996925423,2.513174552911288,2.2944331538834732,2.3865022405583374,2.864009270586875,3.117583889896785
FOODS_3_127_TX_3_validation,1.353017040530111,1.2188040068454777,1.4160740788998754,1.4450274568990162,1.33491702039758,1.6614843559268695,1.6069508367066698,1.4071695583872028,0.9707403667671908,1.2261230367535392,1.103852975999594,1.1574053954680805,1.2965461617830878,1.5076806092761954,1.336832464487588,1.1590187813523265,1.0550383131856564,1.1767619966994793,1.1036557960507327,1.4327592266484466,1.5790807848494541,1.3906566694455058,1.0585477872714282,1.2094525338908562,1.0775509876523832,1.1157827007493446,1.3907852539531878,1.331792881907916
FOODS_3_128_TX_3_validation,0.773100787122221,0.6889851611096979,0.6574146645215261,0.6709537940971297,0.717047103860693,0.8096164106290088,0.8618044918019192,0.6879531745217313,0.607285078753588,0.6426447524992,0.5420845447968543,0.7471920581333173,0.6760716357638029,0.8230845177916757,0.7163332706845373,0.6269676499061038,0.5523393517198332,0.6448474266576028,0.5687426834228382,0.7741446306977182,0.8281386276191804,0.7213873805120421,0.5529530590380913,0.6303040968047883,0.5415013721777286,0.5901188550428063,0.6738565549555667,0.6632025557796928
FOODS_3_129_TX_3_validation,0.8525019233323904,0.9269107626595876,0.8716827851491353,0.848164188219442,0.8852762485659974,1.0492972449193791,0.9652623711712747,0.8476608922191161,0.7211711662088803,0.8167811742349983,0.7162209665326527,0.9371630256037127,0.9160901654817688,1.047651231078715,0.8978707175918069,0.7917488027062595,0.7651641780456614,0.872225872932142,0.8390341540805297,1.000186766957123,1.119116491019701,0.9474295167714465,0.7647550986023284,0.878732445566499,0.7269600761942467,0.776891848454719,1.0114726671122516,0.7992120385780135
FOODS_3_130_TX_3_validation,1.1623192556867217,1.0105214701557574,1.018969877148101,1.0923514148263078,1.1755947634687525,1.4126530901229992,1.4567861292889017,1.11511689836485,0.9601797284196562,1.0616787468723472,0.842059456895728,1.0296148076974607,1.0004775447957412,1.1966280964778147,1.029815645227685,0.9395384378782636,0.8105289235592688,0.9322526070730921,0.8695838157093702,1.083157565102886,1.171599050325491,1.0047865990753606,0.7899657769293132,0.8700897351747579,0.807275857813626,0.8558933406787036,1.011082355788748,1.05235757343
FOODS_3_131_TX_3_validation,2.347521391837312,2.0828764230364585,2.0697426178156024,2.115754354911812,2.188435470255638,2.6951782249504608,2.807638384756817,2.3011404188069116,1.948937106958566,2.2908876158411564,2.008058092963436,2.3805029860071376,2.5279358205143114,3.0578326824614956,2.626311556993897,2.424516251798972,2.214606846923298,2.4374412074522813,2.417547159537871,3.064137938759381,3.6428810156679012,2.8807171606182562,2.328049233598649,2.475016463966213,2.3667997037877457,2.3300082706278586,2.867497754081621,3.00228203415182
FOODS_3_132_TX_3_validation,1.2778681042477897,1.382463123833598,1.3806811250917204,1.3385674506928673,1.269088071776641,1.4945221234916763,1.494907474580497,1.414787441379501,1.2681416899420712,1.3610516011502618,1.3314379283613342,1.4701296324854591,1.4727315564677181,2.0984515493646794,1.5295870030759706,1.4849239581168279,1.3113888735492043,1.429027766655695,1.175419055472566,1.5014249976228113,1.7111411521082656,1.4090124347867399,1.1682649295178311,1.206526670057486,1.1002906146750615,1.071896885037734,1.2582492173980304,1.185794080277113
FOODS_3_133_TX_3_validation,4.439808270906806,3.2139062614486003,3.4297117921616063,3.2801035375671495,3.476665922727845,4.40112790952768,5.392578916456952,4.615987260994786,3.765027582855457,3.968516651126557,3.6877257677995856,4.456195440655257,4.746909484936245,6.190982937878755,4.5257919069848285,3.9961654158485036,3.773070107351977,4.081437177241009,4.034157894040043,5.049657858884643,6.437935888577966,4.922745972130157,3.8633853689389377,4.316607431937717,3.6216929598174663,3.999916095918332,4.70701959679653,5.206119406696666
FOODS_3_134_TX_3_validation,2.421275618462228,1.9632536809504908,1.8782887402176778,2.0399884217566613,1.9532477075086043,2.431286714185331,2.9397833686185764,2.3437565638609987,1.967138887690879,2.321337026418021,2.112513551715304,2.3717867118337015,2.511333580949086,3.099320572200609,2.731310229230722,2.2849848021037116,2.135963751370917,2.2450854330186734,2.165017283282093,2.880622087406434,3.046729437066436,2.4440785848732096,1.9842651074628064,2.149323479102473,1.884434625280236,2.042012703742832,2.4388695832110048,2.4460374556417204
FOODS_3_135_TX_3_validation,8.506002126391376,7.531207775123188,7.2191229474328855,7.09887889009144,8.309060747367111,9.36983175943128,9.269438180150566,8.233262970124352,7.514077989757818,8.087754710587602,7.411628861198502,8.780239139683053,9.577633248085345,10.161872079467003,8.95821196622781,8.129647140006528,7.08160925859698,8.140174037067387,7.827128330246993,10.0786076882244,10.11664117511066,8.912981061871466,7.188343415228098,7.722361163953809,7.292095074167745,8.404505812157785,9.634513991366413,9.03367848566268
FOODS_3_136_TX_3_validation,8.96250558959969,7.677880724183512,8.16701746199972,7.952075847894671,9.300230666687517,10.91469359681334,12.35364721859884,10.327693176495567,8.671567958730808,10.621421024390747,8.52423134757642,10.590627405993581,12.179156313461847,13.56244174725253,11.471516427628032,10.089326423904948,8.903727628009356,9.883022054539493,10.651955896106868,12.31864734019132,12.80049549451075,10.787641193615519,8.760601998154844,9.754198569993996,8.651487397583148,9.190520988169382,10.340036769090378,10.825775824021417
FOODS_3_137_TX_3_validation,0.41730013867190274,0.33421435340822275,0.32992957472994133,0.33979266321662605,0.36070036954096246,0.47063484417744966,0.5364583991906852,0.5275804779662827,0.41169109406995885,0.5112017609183527,0.4106415532160082,0.5502589172330027,0.5407279853606788,0.7194788665253256,0.6286331796753074,0.5070534077348015,0.4759167645181587,0.5251284929978672,0.5206335885609581,0.6542303885264157,0.7150565464193623,0.6161582963228,0.4207351216668479,0.5142905134557627,0.42548778882870414,0.4702046128715046,0.5539423127842642,0.5409786264057719
FOODS_3_138_TX_3_validation,2.434982729984338,2.032812166043327,2.1486417792864247,2.222580308649259,2.4075341969177972,2.6619642027068533,3.0115618347373894,2.6499927913104724,2.3236988427187417,2.631760082152023,2.482877808644348,2.6123680926195774,2.966912502487739,3.5642020586972287,3.0988649614123647,2.729972512650199,2.433953601864233,2.6440407966608803,2.40865568427328,3.3596938638787086,3.261977582654304,2.9016237082419574,2.2385904361463465,2.397769751056868,2.2451545279488507,2.2632818919572104,2.748149849207907,2.7726281638009556
FOODS_3_139_TX_3_validation,0.9906158678923219,0.9105922234349909,0.8752757954464048,0.8880955073603215,0.9440810229109458,0.9823796653769461,1.0868993681758918,0.9650387408861804,0.8207019130548963,0.9163119210810142,0.8170660027740632,1.021342365093963,1.0493425029496461,1.2349367694874744,1.0682431940965642,0.9395384378782636,0.835557969711593,0.9609870035361262,0.7650557349238983,1.032067862499418,1.111808693784175,1.0047815757043634,0.7461088873402357,0.8003049437663474,0.7115022191392878,0.6730148178419113,0.8077669292052307,0.8051965426222252
FOODS_3_140_TX_3_validation,0.8990044473201492,0.8868067807070765,0.8311897472975333,0.8272000755772043,0.8113354070040135,0.9604732046155994,1.042811309934771,0.9492388476437984,0.8448851101191329,0.9207438003062565,0.7141998126940251,0.9551263625919172,0.9413426586515595,1.1209524211451751,0.9858570656403276,0.6531006266079388,0.6235158710907676,0.7123185957178272,0.682570763240869,0.8453211500686526,0.9118516648237954,0.7518163124743348,0.5833819910003839,0.6644383790777908,0.5719303041400212,0.6205477870050988,0.7042854869178593,0.6957305962906422
FOODS_3_141_TX_3_validation,0.32833760004221,0.3616246264150978,0.4207359304536383,0.4305990189403229,0.5445266138615114,0.48281874740207975,0.5583271683165589,0.4875627875879814,0.3714727991981106,0.4527244957870846,0.37042325834415996,0.5064718334547914,0.49237629511558595,0.6279673912265185,0.541525883746903,0.4435373642346023,0.37637851377697246,0.46518123840403214,0.42109533781977293,0.5942831339325796,0.6404241338434659,0.541525883746903,0.3839295418150581,0.4666469540618695,0.42548778882870414,0.43299846276263393,0.49399505819042877,0.4933350670118781
FOODS_3_142_TX_3_validation,0.26056945873797,0.28743035628985375,0.28314557761157233,0.2919127975690592,0.32507650973067553,0.44879008568885187,0.48686540050440136,0.41583270500436853,0.3714727991981106,0.4527244957870846,0.37042325834415996,0.5064718334547914,0.5048330377325324,0.6464086378876776,0.541525883746903,0.4435373642346023,0.37637851377697246,0.46518123840403214,0.42109533781977293,0.60896829191464,0.6832142177394672,0.5783314635986931,0.4207351216668479,0.5019868182558213,0.41318409362876224,0.4579009176715627,0.5416386175843223,0.5346594352500417
FOODS_3_143_TX_3_validation,0.7629090044097484,0.8055708432780139,0.7393411887050076,0.6689718919398759,0.7233490589554928,0.8724868565670786,0.9652623711712747,0.8476608922191161,0.7211711662088803,0.8167811742349983,0.7162209665326527,0.8744291707249827,0.7911924116873473,0.9429912963531745,0.8290142367606333,0.7282922076850543,0.6389737281457263,0.7460354230322069,0.6875912110108039,0.8611089433296966,0.9307036497102371,0.7409783329322301,0.5833819910003839,0.6607330287670808,0.5719303041400212,0.6205477870050988,0.7042854869178593,0.6957305962906422
FOODS_3_144_TX_3_validation,2.329820199220134,2.0650097258395976,2.0296283768851513,2.0774741588903662,2.1974981208828384,2.6661653429617185,2.8033516660314093,2.197402650339891,1.9426905276903927,2.18871355356237,1.9979024973146928,2.2431448720142084,2.429394220406485,3.1552199747523573,2.470738984359491,2.25739733782731,2.021796307223339,2.2235479549422235,2.019400549951663,2.825976990018293,2.914676722283768,2.5393221571348814,2.0263071902623846,2.3117867289704113,2.1594274704937866,2.281537020189367,2.784241023578933,3.0522627679443803
FOODS_3_145_TX_3_validation,0.08542237046236752,0.28743035628985375,0.28314557761157233,0.28314557761157233,0.3267466990582122,0.42918488618926043,0.47532588610014653,0.4045615053715683,0.2869835120332028,0.36823520862217674,0.3595852788020553,0.49563385391268727,0.4815383155734813,0.6171294116844139,0.5306879042047983,0.4326993846924976,0.3655405342348678,0.4543432588619274,0.41025735827766835,0.5834451543904751,0.6295861543013613,0.5306879042047983,0.3730915622729535,0.4543432588619274,0.3655405342348678,0.41025735827766835,0.49399505819042877,0.48103137181193606
FOODS_3_146_TX_3_validation,3.451826786495875,2.8894621685040303,2.819612768876754,2.9058000476390426,3.0787053077273123,3.7952871356871953,4.091648782377752,3.2042038971786835,2.7753183829385395,3.111531635423022,2.840669727527708,3.297929550572254,3.4827555246636663,4.188040607787896,3.6405076046290468,3.290277451353217,2.900307938237542,3.312198268413655,2.8872618373504424,3.9924809407738433,4.574764928487383,3.894996123586177,3.238267929110468,3.292020669182396,2.958353563393603,3.1206437043484776,3.8697522541497382,3.9788369517349835
FOODS_3_147_TX_3_validation,0.5716345354110789,1.146305826036783,1.0472410101482474,0.9850884170524575,1.234602255467748,1.3761129111307109,1.4026020756920874,0.7409446177159252,0.528363841978063,0.5974711976086862,0.511601171259398,0.6429720751192072,0.6288765367800012,0.7237200454822927,0.5767127005238503,0.5034846188284383,0.4363257683708086,0.5251284929978672,0.48104259241360925,0.6542303885264157,0.700371388437302,0.6410641344880894,0.48346779255624434,0.5647194891452171,0.4759167645181587,0.5097956090188536,0.6257474600936866,0.6127837737151943
FOODS_3_148_TX_3_validation,0.9719416475794249,1.051354295823193,0.9684031407476328,0.9842375732578983,1.0589805298897665,1.1185936363118052,1.5617379183849454,1.1374084222119565,0.9557390862182467,1.107068658954551,0.8894442154337091,1.092831197853339,1.1085073574217736,1.652601938270549,1.171883329558694,1.015692540760337,0.9131645523756071,1.0155875509208676,0.9654936518508359,1.2068825370207832,1.6786625947216929,1.1788691168966876,0.8824750592495956,1.0104015881234325,0.8779351150297833,0.8882814292719432,1.0136545359875389,1.2631079260552456
FOODS_3_149_TX_3_validation,0.835684898224934,1.5638105036460688,1.4042557037759618,1.3777164014292516,1.588557745093763,0.9987015488984565,1.0114472397343963,0.9544461244054926,0.8254111988303647,0.8522223150877892,0.7256350704665506,0.9012520812796867,0.8852134857602021,1.106753463952101,0.9666352460421663,0.8499129890427083,0.7785278283428547,0.9556425524383816,0.8523978043777231,1.1248584492983957,1.3151963989156568,1.137007722546923,0.8988008557380297,1.0538733884307452,0.9061845223590727,0.8472588031548448,0.8680231033082947,0.8813746734424244
FOODS_3_150_TX_3_validation,16.381026053569506,15.414040393154755,15.212552488969116,15.712693175928145,16.642917171863804,19.05112812240297,19.822608374401028,16.613008790482482,14.639495908579352,16.89720978255355,15.661575900944865,18.47939246898593,18.791038115962916,19.963938431594897,17.232237959957303,17.000424926503744,16.12646365585231,16.594370397618754,16.804556208622525,20.01979948876956,22.20378783682708,18.46995716051084,15.31949326404284,18.134851984116565,15.872276957898078,17.051378204983656,20.38747743008028,17.98169544723961
FOODS_3_151_TX_3_validation,4.294799548206847,3.917301153955881,3.8602565069920383,3.837555164825435,3.808296313627179,4.657303708490687,5.312457447240216,4.684090715855447,4.265676072903338,4.549441513509654,4.225750268163313,5.148047011532558,5.388393109637637,6.5454612835253805,5.488994034237244,5.2189065235770284,4.760534139338337,5.397054748016309,4.809995176204505,6.3271260186748295,7.060790966898001,5.478350473203266,4.460553108019873,4.985805685281102,4.527954524101747,4.616374677396715,5.454519309328933,5.31859082564761
FOODS_3_152_TX_3_validation,2.121943785291637,2.1152319331596323,2.097480623844201,2.064644601526631,2.0515010841049603,2.2301200567760513,2.718900751747628,2.173728754475572,1.8523317959238967,2.0706067636644523,1.697799582991515,2.1179195392336965,2.271173416099091,2.544530652973973,2.2800008796483686,2.0280931984603767,1.8860671496180499,1.8578540441452784,1.9159592361088469,2.412525796147533,2.6577905128842954,2.3193670638514576,1.8902296802968264,2.0248386580371727,1.737383241635475,1.7497644545150612,2.2050454535029167,2.2601547317813298
FOODS_3_153_TX_3_validation,1.1450888936113566,0.9848547531197447,1.0385454307788717,1.0470118306035907,0.99874649650292,1.2001672618393868,1.1979448026720534,1.0206920188480963,0.8932931592431417,1.0106130203208605,0.8968093593916329,1.085660269371521,1.1708563973502952,1.6817824371660264,1.1723726874746734,1.02942107306225,0.9254406048955792,0.7719301044898199,0.8616545995507832,1.0884409908544557,1.1549715056095982,1.0515755550479469,0.8070895509853914,0.943322202179065,0.847781490363055,0.8616545995507832,1.009428303939432,0.9904360040271921
FOODS_3_154_TX_3_validation,4.823374536325947,4.174268602701703,3.800858590914144,3.2758426672770637,3.6651168823170783,4.71725214535891,5.039044490027941,3.894500713630849,3.2911135877274442,3.6905181051755633,3.3631742054206977,4.03456733132364,4.232668834482256,4.970915889642797,4.275864342679509,3.826953242618529,3.522253183438869,4.16469113995825,4.045036212767172,5.141483271147968,5.174101440620834,4.581889574561924,3.8180342150667474,4.37654583305949,3.4582063798028413,3.590627287846743,4.422927802078374,4.662045616933807
FOODS_3_155_TX_3_validation,0.3877799220319542,0.34616676936013907,0.4151411618853642,0.4151411618853642,0.4703323437362682,0.5121861684056725,0.5861608544203657,0.47922878772119026,0.3714727991981106,0.4418865162449799,0.3595852788020553,0.49563385391268727,0.49399505819042877,0.6295861543013613,0.5306879042047983,0.4326993846924976,0.3655405342348678,0.4543432588619274,0.41025735827766835,0.5834451543904751,0.6295861543013613,0.5306879042047983,0.3730915622729535,0.4666469540618695,0.37784422943480983,0.4225610534776103,0.5062987533903699,0.4933350670118781
FOODS_3_156_TX_3_validation,1.1909119532449826,1.108088162034294,0.9710846884352409,0.9407422039521091,1.025461855450857,1.2089104265055766,1.3083403047166347,0.9908386658003727,0.7110145713990709,0.8426625936383374,0.7977883763904637,0.9882969381768427,0.9954768855488724,1.2134150221330695,0.9769008623074341,0.8985687057338616,0.8092502261945336,0.9163119210810142,0.8696194077400295,1.0351904478903957,1.1454195180151263,1.029815645227685,0.8149948230816375,0.9289721700458081,0.8035431362212748,0.8271315729340282,0.9754484986434189,1.2470461034228588
FOODS_3_157_TX_3_validation,1.224613919399198,1.1273216986163643,1.1302047836061446,1.1303322447824686,1.1156658266031132,1.3585997484742012,1.4537957477746455,1.3435518105533517,1.1231379475259644,1.2404578086036824,0.8697157003388832,1.2344099931894623,1.2981415237842748,1.420811649954182,1.1786429254170603,0.9281265325231909,0.8105289235592688,0.9322526070730921,0.8591464064243464,1.142552437228647,1.20908295198379,1.0409466046940257,0.851647802215044,0.9295759245494337,0.6847164594940419,0.8558933406787036,1.0193117375219432,1.0536530240620943
FOODS_3_158_TX_3_validation,0.29898666346346636,0.28743035628985375,0.28314557761157233,0.2919127975690592,0.32507650973067553,0.44879008568885187,0.48686540050440136,0.41583270500436853,0.3714727991981106,0.4527244957870846,0.38288000096110747,0.5189285760717384,0.5048330377325324,0.6464086378876776,0.541525883746903,0.4435373642346023,0.37637851377697246,0.46518123840403214,0.42109533781977293,0.5942831339325796,0.6464086378876776,0.5562110417289634,0.4207351216668479,0.4543432588619274,0.41318409362876224,0.4579009176715627,0.5416386175843223,0.48701587585614775
FOODS_3_159_TX_3_validation,0.7088308900014199,0.6570098053935254,0.5390019439203537,0.5866455033142479,0.5668801759187803,0.7011006819161271,0.7623204913229921,0.6879531745217313,0.5720637906254061,0.623465362611921,0.4757996593845738,0.5788758306655747,0.5647802923263687,0.700371388437302,0.6410641344880894,0.5430756149757875,0.4753743661318319,0.5142905134557627,0.5097956090188536,0.6433924089843112,0.7291244050425473,0.6302261549459849,0.47262981301413987,0.5538815096031126,0.4650787849760542,0.5097956090188536,0.593533308931614,0.5805696225531217
FOODS_3_160_TX_3_validation,0.4386919558547068,0.34616676936013907,0.4052780733986795,0.4151411618853642,0.526061220999605,0.6130709649957807,0.7103285955754948,0.4875627875879814,0.419116358592005,0.5003680551809788,0.4180668177380544,0.5541153928486854,0.5400198545094794,0.6756109506204127,0.5891694431407977,0.49118092362849697,0.42402207317086676,0.5128247977979253,0.46873889721366724,0.6419266933264738,0.6880676932373601,0.6014731383407396,0.44387679640889427,0.5142905134557627,0.42548778882870414,0.4702046128715046,0.5539423127842642,0.5910070318381455
FOODS_3_161_TX_3_validation,0.3769419424898497,0.33532878981803454,0.40430318234325957,0.40430318234325957,0.4507271442366766,0.5013481888635684,0.5417295046239151,0.47922878772119026,0.36063481965600597,0.4418865162449799,0.3595852788020553,0.508090596529634,0.49399505819042877,0.6295861543013613,0.5306879042047983,0.4326993846924976,0.3655405342348678,0.4543432588619274,0.41025735827766835,0.5834451543904751,0.6295861543013613,0.5306879042047983,0.3730915622729535,0.4666469540618695,0.37784422943480983,0.4225610534776103,0.5062987533903699,0.4933350670118781
FOODS_3_162_TX_3_validation,0.04197455961002902,0.2765923767477492,0.2723075980694678,0.2723075980694678,0.3054713102310841,0.42918488618926043,0.47532588610014653,0.4045615053715683,0.27821629207571597,0.36823520862217674,0.3493300538960738,0.49563385391268727,0.4815383155734813,0.6171294116844139,0.5182311615878509,0.4326993846924976,0.3655405342348678,0.4543432588619274,0.41025735827766835,0.5834451543904751,0.6295861543013613,0.5306879042047983,0.3730915622729535,0.4543432588619274,0.3655405342348678,0.41025735827766835,0.49399505819042877,0.48103137181193606
FOODS_3_163_TX_3_validation,1.3593616926674679,1.339679594944345,1.4044411952050295,1.318160178927625,1.3583577006240728,1.459439889698456,1.8574878548894047,1.4132678689930436,1.1642364610897873,1.3193089937825029,1.2084372855939092,1.422055153898013,1.6439607001000545,1.5890946808745796,1.4256806888937221,1.1940798087706073,1.082120119859282,1.2444765533390725,1.201666757448909,1.395043559425299,1.5288017065115214,1.3489593691861999,1.108211863917291,1.2508344477109243,1.0967601770569286,0.9607903589802903,1.2270859001477803,1.185794080277113
FOODS_3_164_TX_3_validation,0.2427378904603049,0.28743035628985375,0.28314557761157233,0.3017758860557438,0.3650523857760915,0.4430304015383124,0.48088089646018967,0.41583270500436853,0.3714727991981106,0.4527244957870846,0.3698808599578332,0.49563385391268727,0.49399505819042877,0.6295861543013613,0.5306879042047983,0.4326993846924976,0.3655405342348678,0.4543432588619274,0.41025735827766835,0.5834451543904751,0.6295861543013613,0.5306879042047983,0.3730915622729535,0.4543432588619274,0.3655405342348678,0.41025735827766835,0.49399505819042877,0.48103137181193606
FOODS_3_165_TX_3_validation,0.08542237046236752,0.28743035628985375,0.28314557761157233,0.28314557761157233,0.31630928977318856,0.4400228657313649,0.494931085599738,0.42416670487115976,0.3714727991981106,0.4564298460977946,0.3595852788020553,0.49563385391268727,0.4815383155734813,0.6171294116844139,0.5306879042047983,0.4326993846924976,0.3655405342348678,0.4543432588619274,0.41025735827766835,0.5834451543904751,0.6295861543013613,0.5306879042047983,0.3730915622729535,0.4543432588619274,0.3655405342348678,0.41025735827766835,0.49399505819042877,0.48103137181193606
FOODS_3_166_TX_3_validation,1.4283855362961437,1.3121173954886491,1.3760421244747603,1.311126986621273,1.5377109760730172,1.812923945746177,2.043342462171159,1.611576662669408,1.2833500120950818,1.443786347429817,1.3413810390659422,1.626653582391865,1.9441616352260571,1.8817252401751272,1.5418868494192002,1.280774419368703,1.2385138430026135,1.3367875568451375,1.1952526865559117,1.5085434155994597,1.7326428415628663,1.4659130454439184,1.2071055938220439,1.3372776165774045,1.2061151849546676,1.2859157333687266,1.489971726211519,1.561637296257976
FOODS_3_167_TX_3_validation,1.318858052340131,1.182058237677073,1.1957826485297016,1.2111459665566564,1.2347967161890203,1.5543470369895356,2.015626779921553,1.4465613100606234,0.98793257761395,1.2754818280518982,1.199860900899749,1.367198490706992,1.5052882545373076,1.523211898723003,1.2398122329092567,1.0505866444189222,1.001371566710757,1.0579584697616329,1.018072680079816,1.1533601122789965,1.2367301540515703,1.102879838644937,0.851647802215044,0.9295759245494337,0.8261112112950314,0.8558933406787036,1.0193117375219432,1.0295922003761322
FOODS_3_168_TX_3_validation,0.8163657177604065,0.8194149103182568,0.8726367795205542,0.9752021648703684,0.8569227948192079,1.000721075433478,1.183734193293189,1.0603405515638071,0.7751867426311014,0.8614074779617539,0.7977883763904637,0.9630444450070517,0.9954768855488724,1.5008866632144091,0.8471137852149986,0.7134089353497558,0.6423494260698488,0.7123185957178272,0.6417044219935527,0.8148922181063601,0.8993151469901148,0.7518163124743348,0.5833819910003839,0.6607330287670808,0.5719303041400212,0.6205477870050988,0.7042854869178593,0.6957305962906422
FOODS_3_169_TX_3_validation,1.2967187131783873,1.1875840607360157,1.1762598350519773,1.187637796394175,1.2789846072429005,1.5522365400422764,1.7176782977385352,1.5224699208927215,1.2053300056177394,1.4119978553720753,1.2847887947595384,1.4741112655216175,1.5466117462065867,1.877915075003344,1.6016682916601297,1.3538930049662365,1.2677317755089772,1.2417293171887742,1.2331367704228349,1.6903956873506187,1.6715101589961974,1.3230127921187176,1.0409599496756423,1.112652817568559,0.9694551972147393,1.018072680079816,1.173261695189862,1.0781791565133756
FOODS_3_170_TX_3_validation,0.7189527966197253,0.8101330199079716,0.8564422404673239,0.8156946530586822,0.8219627252124189,0.9197256172069576,1.0078234066766687,0.9583619675334275,0.809157514257401,0.9084728725942289,0.7969181583995871,0.9298738694221265,0.9472534827320185,1.3143383088271432,0.8275675808162498,0.7134089353497558,0.6235158710907676,0.7123185957178272,0.6721333539558452,0.8453211500686526,0.9118516648237954,0.7518163124743348,0.5942199705424885,0.6607330287670808,0.5713879057536946,0.6205477870050988,0.7042854869178593,0.6957305962906422
FOODS_3_171_TX_3_validation,0.22614022676766088,0.2765923767477492,0.2723075980694678,0.2723075980694678,0.3054713102310841,0.42918488618926043,0.47532588610014653,0.4045615053715683,0.2869835120332028,0.36823520862217674,0.3595852788020553,0.49563385391268727,0.4815383155734813,0.6171294116844139,0.5306879042047983,0.4326993846924976,0.3655405342348678,0.4543432588619274,0.41025735827766835,0.5834451543904751,0.6295861543013613,0.5306879042047983,0.3730915622729535,0.4543432588619274,0.3655405342348678,0.41025735827766835,0.49399505819042877,0.48103137181193606
FOODS_3_172_TX_3_validation,2.5081238088985742,2.222374670065885,2.1443083472431925,2.159754334054759,2.2348558896588053,2.73190043041281,2.8827249622977984,2.513279833812919,2.0960957908234765,2.352673967068965,2.12198696993628,2.348756038558578,2.573660812478784,3.05924960658721,2.6902524415214244,2.3089981971494886,2.1199068687703106,2.3405693675049526,2.2312456669358682,2.931123127037311,3.680567864382677,2.784061499906555,2.3217320001150297,2.495568438220772,2.3660790333834343,2.4915069169251107,2.8980386316518216,2.980418367899193
FOODS_3_173_TX_3_validation,0.38459444830392314,0.36901229606801583,0.4379866885932409,0.4482419134992224,0.47036046134710957,0.490996744811017,0.5488819329166533,0.47784923741662133,0.3825499915104892,0.4638016880994632,0.3809580522702118,0.5175490257671694,0.5034534874279635,0.6450290875831086,0.5293083539002293,0.43131983438792865,0.3641609839302989,0.4652674037573006,0.42118150317304137,0.594369299285848,0.646494803240946,0.5416120491001716,0.38401570716832656,0.4652674037573006,0.4241082385241352,0.42118150317304137,0.504919203085801,0.4979400207515206
FOODS_3_174_TX_3_validation,1.43418300543215,0.9889480230100576,0.9752766626755437,1.1444627497636546,1.2041315225436542,1.4747646740648956,1.6628522318230632,1.2511310471835078,1.1135527875894617,1.2303815467093446,1.0834217248813662,1.2864707953747687,1.3299589153263538,1.5767764628885041,1.4055969929379468,1.217182967688775,1.0684019634828499,1.2693235336267783,0.9964194879788635,1.450615984333308,1.5517964876779642,1.240249703096991,1.0737791562276053,1.1910990173053233,1.0623274693672429,1.1109449522323191,1.3585997484742012,1.765382623812224
FOODS_3_175_TX_3_validation,0.08404282015779861,0.2860508059852848,0.2817660273070034,0.2817660273070034,0.31492973946861963,0.43864331542679597,0.49076881938189376,0.42278715456659083,0.35983802398756004,0.4513449454825157,0.369043708039591,0.5050922831502225,0.5014341540960401,0.6217343654240567,0.5293083539002293,0.43131983438792865,0.3641609839302989,0.45296370855735846,0.4088778079730994,0.5820656040859061,0.6341911080410041,0.5293083539002293,0.37171201196838455,0.45296370855735846,0.3641609839302989,0.4088778079730994,0.49261550788585984,0.4856363255515788
FOODS_3_176_TX_3_validation,1.6561011373488819,1.1859027697215314,1.2242496929339848,1.1897998768178273,1.4074491042486417,1.782412304231465,2.144704576257279,1.4075736698090384,1.1776687702940192,1.384094972453361,1.2410569141235184,1.568353556879986,1.6437155856942913,1.8139700017564362,1.5543890826141522,1.4490993658443592,1.3045318754632234,1.4795224948410204,1.4268591965342203,1.8531564249534769,2.0880348624549145,1.6247059901957546,1.431333253719164,1.5901670388093152,1.4268867765758901,1.4749134563088266,1.6964765814854341,2.1794965804619935
FOODS_3_177_TX_3_validation,0.4386919558547068,0.34616676936013907,0.4052780733986795,0.4151411618853642,0.5348284409570919,0.6218381849532677,0.6962784064359464,0.47922878772119026,0.3714727991981106,0.5003680551809788,0.4180668177380544,0.5665721354656328,0.5524765971264268,0.6880676932373601,0.5891694431407977,0.49118092362849697,0.42402207317086676,0.5251284929978672,0.48104259241360925,0.6542303885264157,0.700371388437302,0.6014731383407396,0.44387679640889427,0.5142905134557627,0.42548778882870414,0.4702046128715046,0.5539423127842642,0.5910070318381455
FOODS_3_178_TX_3_validation,2.8737077443876955,2.7400519588656644,2.7413160911233474,2.81913681149778,2.7192754636956646,3.3889275313688887,3.6951709734678384,3.2276384830701264,2.76191934864694,3.0370517604779357,2.6422058440000615,3.3387307124995487,3.470328724808896,4.066557594434401,3.8069665730490563,3.148855024835396,2.822946268048813,3.17771974956231,2.8950958685371577,3.8899472156455133,4.17423343799028,3.8139274801921577,2.6212658488519103,2.953635708171831,2.9421262336121017,2.7240190011663357,3.2669360695538225,3.3389100683562307
FOODS_3_179_TX_3_validation,0.4436100692900868,0.408587961021541,0.45194674173715377,0.40404830820897286,0.5096742186406603,0.5540700436490278,0.6061955476041258,0.47922878772119026,0.3714727991981106,0.4527244957870846,0.3595852788020553,0.508090596529634,0.49399505819042877,0.635570658345573,0.5306879042047983,0.4326993846924976,0.3655405342348678,0.4543432588619274,0.41025735827766835,0.5834451543904751,0.635570658345573,0.5429915994047405,0.3853952574728955,0.4666469540618695,0.37784422943480983,0.4225610534776103,0.5062987533903699,0.49931957105608954
FOODS_3_180_TX_3_validation,0.2427378904603049,0.28743035628985375,0.28314557761157233,0.2815032435797347,0.32507650973067553,0.44879008568885187,0.48088089646018967,0.41583270500436853,0.36063481965600597,0.4418865162449799,0.3595852788020553,0.508090596529634,0.49399505819042877,0.6295861543013613,0.5306879042047983,0.4326993846924976,0.3655405342348678,0.4543432588619274,0.41025735827766835,0.5834451543904751,0.6295861543013613,0.5306879042047983,0.3730915622729535,0.4543432588619274,0.3655405342348678,0.41025735827766835,0.49399505819042877,0.48103137181193606
FOODS_3_181_TX_3_validation,0.9194206022877085,0.9441385404269103,0.9405152795563096,0.911021031376144,0.8588749279170811,1.1372989795709922,1.5426636986378957,1.0583915781479885,0.8854372054408364,0.9957092020942969,0.7390922539636192,1.036027523076023,1.0004775447957412,1.1905247165743815,1.0638919293094717,0.8761174348877176,0.8035431362212748,0.9289721700458081,0.7650557349238983,1.0515020037737335,0.9987512210936939,0.8697122683893923,0.7121159264575461,0.7642144710544523,0.7006642395971834,0.749281722462261,0.8077669292052307,0.7992120385780135
FOODS_3_182_TX_3_validation,0.4644062883052501,0.5075564031648215,0.5447418579651081,0.5006608831018293,0.443906325547872,0.5159675475437895,0.5750940440906178,0.5504635995432879,0.4345742156469637,0.5193947011423002,0.43352467479301304,0.5379552220330607,0.5760678495546311,0.7275314297718698,0.6286331796753074,0.5070534077348015,0.4363257683708086,0.5251284929978672,0.48104259241360925,0.6938213846737655,0.7546475425667122,0.6014731383407396,0.48346779255624434,0.5575868599138225,0.42548778882870414,0.4702046128715046,0.5539423127842642,0.5409786264057719
FOODS_3_183_TX_3_validation,2.4574635014221524,2.355676271540648,2.2963788026750698,2.268882233021274,2.380598702934929,2.768069990820049,3.2821127631146094,2.566704648485432,2.2202451749593237,2.4872286578144984,2.3269621836378143,2.483838337330547,2.744989929030869,3.1378098745429983,2.7750862051425624,2.357886343656721,2.2350148436329986,2.4105016634618175,2.261463377457064,3.040242096038262,3.20471168006637,2.7501488424228073,2.1184043922518523,2.4505319275946635,2.2052634323012246,2.385500896613539,2.7299249265692374,2.815524340968324
FOODS_3_184_TX_3_validation,0.8610336116357292,0.8376251237889292,0.8586818511784904,0.867947662985846,0.9050597233324015,1.0224816617692989,1.0297298674380162,0.9492388476437984,0.8418779731530238,0.9591978342307422,0.8877761619461949,1.0637125861539656,1.1237227489111006,1.3208177851139982,1.144030743788042,0.8029168677897704,0.7721369667210469,0.8975660005455802,0.7073062298759516,0.9430586858806554,1.0348416938055882,0.8952354059135571,0.6977014128298599,0.7642144710544523,0.6754117464273927,0.749281722462261,0.8434568316600453,0.736478183699284
FOODS_3_185_TX_3_validation,5.129964748354722,4.9498909245788845,4.781319101957347,4.994588431088734,5.748363867923992,6.070568281035013,6.01964191435243,5.239767733427573,4.7144071312608355,5.465857258623243,4.79079903402449,5.8351354898198595,6.078033848121342,6.7926402247110875,5.912807528743157,5.20381965331273,4.837370411502352,5.3567353356159,5.2842476703559536,6.53085655812752,7.199494439631607,5.89163516972289,5.104119708732444,5.470569771640875,4.98175506938711,5.720872736051099,6.478342548124492,6.241283552651731
FOODS_3_186_TX_3_validation,0.7052305454716025,0.6465187449520092,0.5943194706830048,0.605824893201527,0.6836845409567242,0.6337222250524621,0.7372914451706679,0.6752014463501741,0.5500418814391911,0.5647194891452171,0.4824182517022937,0.6184668268129245,0.6043712884737186,0.7478153815952278,0.6410641344880894,0.5430756149757875,0.50813091568023,0.5969336403072897,0.5528477397230307,0.7151975562937336,0.7691915532151958,0.6624403061080575,0.5048439641762112,0.5538815096031126,0.4650787849760542,0.5202330183038774,0.593533308931614,0.5805696225531217
FOODS_3_187_TX_3_validation,1.0433479384169138,1.248483102205768,1.2716732424293118,1.2966855484709388,1.3280745450338123,1.3742897550361965,1.5089835775428937,1.4605079618953822,1.1882459103876484,1.3016580223717253,1.1327805161797253,1.3463983844838292,1.4161864885170445,1.6181809924574435,1.5179606193760593,1.3570874207308736,1.2253338936914102,1.2406194597869833,1.2058676707540603,1.558009012605215,1.7763069451692957,1.494445217344081,1.1892095570036456,1.3193089937825029,0.9967104311047505,1.0483811875685967,1.181491076923057,1.185794080277113
FOODS_3_188_TX_3_validation,0.4113711744601585,0.3616246264150978,0.439493700074134,0.4239083818428512,0.4703323437362682,0.4981359792661254,0.5965982637053895,0.47922878772119026,0.3714727991981106,0.4418865162449799,0.3595852788020553,0.508090596529634,0.49399505819042877,0.6295861543013613,0.5306879042047983,0.4326993846924976,0.3655405342348678,0.4543432588619274,0.41025735827766835,0.5834451543904751,0.6295861543013613,0.5306879042047983,0.3730915622729535,0.4666469540618695,0.37784422943480983,0.4225610534776103,0.5062987533903699,0.4933350670118781
FOODS_3_189_TX_3_validation,0.5758862263001872,0.5306433700695141,0.4870816663323817,0.5095687183976264,0.48980339100216,0.6240238969995057,0.641738357150862,0.5752240373601772,0.46234179042996204,0.5128247977979253,0.4305235603550018,0.5788758306655747,0.5647802923263687,0.7150565464193623,0.590635158798635,0.4926466392863344,0.42548778882870414,0.5142905134557627,0.4702046128715046,0.6433924089843112,0.6895334088951974,0.6302261549459849,0.4330388168667898,0.5142905134557627,0.42548778882870414,0.5097956090188536,0.593533308931614,0.5805696225531217
FOODS_3_190_TX_3_validation,1.3347112002279216,1.445699050328063,1.3693572754859242,1.4211900445309926,1.7227803845019183,1.9291085214692014,1.997283268679466,1.7229515403421654,1.3683224297805832,1.5343721040822693,1.383787472435241,1.6361381977188678,1.756055341171115,2.10427713818581,1.8417986992663065,1.6674568408659811,1.486205017590053,1.4250204379261604,1.4812801870759087,1.7969898524840842,2.0909994470385875,1.7857778266132525,1.2473704872221891,1.4648371843405956,1.341646139308549,1.318581886787503,1.6165939560767537,1.7283592889742696
FOODS_3_191_TX_3_validation,1.4135480823891065,1.279457961662667,1.2778295789603342,1.4319713507359442,1.4338517581060075,1.722232802339202,1.9556291773649137,1.5870995506524308,1.14834886176533,1.4217862792864224,1.2788663645884002,1.478937989920895,1.4802849522303057,1.8065827860433274,1.559370656793614,1.3257185459781404,1.249486474478591,1.2202476165708926,1.1864824624572883,1.4843646420198509,1.6397318730694286,1.401101521898342,1.1540662555496093,1.2219397188229062,1.1086824351338023,1.225862667768186,1.4299186606109786,1.5818036650662646
FOODS_3_192_TX_3_validation,1.3361097428127025,1.2095531867321918,1.2671530919876144,1.2671530919876144,1.2394298265553196,1.3102316077154357,1.4543082882274596,1.2108268278773027,0.9286447835974653,1.1258805527078242,0.9556588847036765,1.0109480166792424,1.0557272447931556,1.2431771425373808,1.061830478718001,0.9583737913596686,0.8910252046484513,0.9510879605544975,0.8779817599057519,1.1609105342215182,1.2462834470021456,1.0557359127805326,0.8673074562671533,0.9593204826611926,0.8366465800022456,0.7987015770911957,1.011082355788748,1.0271787602239617
FOODS_3_193_TX_3_validation,0.07458439092026299,0.2765923767477492,0.2723075980694678,0.2723075980694678,0.3054713102310841,0.42918488618926043,0.47532588610014653,0.4045615053715683,0.2869835120332028,0.36823520862217674,0.3595852788020553,0.49563385391268727,0.4815383155734813,0.6171294116844139,0.5182311615878509,0.4326993846924976,0.3655405342348678,0.4543432588619274,0.41025735827766835,0.5834451543904751,0.6295861543013613,0.5306879042047983,0.3730915622729535,0.4543432588619274,0.3655405342348678,0.41025735827766835,0.49399505819042877,0.48103137181193606
FOODS_3_194_TX_3_validation,0.6106555917458919,0.5771285496034274,0.5673007780710315,0.5345977645499506,0.5735688502247683,0.7168210844560697,0.8572235388747586,0.6148150335075271,0.49892564961120295,0.5984363164595968,0.4978761087572525,0.6521836541273043,0.6383999501869466,0.7671224259192196,0.6682241758226573,0.5466444038821511,0.4759167645181587,0.5286972819042308,0.5206335885609581,0.6938213846737655,0.7399623845846518,0.6410641344880894,0.48346779255624434,0.568424839455927,0.4650787849760542,0.5097956090188536,0.593533308931614,0.5910070318381455
FOODS_3_195_TX_3_validation,0.04197455961002902,0.2765923767477492,0.2723075980694678,0.2723075980694678,0.3054713102310841,0.42918488618926043,0.47532588610014653,0.4045615053715683,0.27821629207571597,0.36823520862217674,0.3493300538960738,0.49563385391268727,0.4815383155734813,0.6171294116844139,0.5182311615878509,0.4326993846924976,0.3655405342348678,0.4543432588619274,0.41025735827766835,0.5834451543904751,0.6295861543013613,0.5306879042047983,0.3730915622729535,0.4543432588619274,0.3655405342348678,0.41025735827766835,0.49399505819042877,0.48103137181193606
FOODS_3_196_TX_3_validation,0.4873099496559445,0.5132686779983358,0.5089838993200544,0.46438830317864604,0.43383903809434937,0.5636593944477177,0.7345795678310169,0.6837043842072819,0.5696714008139935,0.6691820676623884,0.4601222333328061,0.6272778159620148,0.588371544754573,0.7335159338160815,0.6286331796753074,0.5466444038821511,0.4753743661318319,0.5251284929978672,0.48104259241360925,0.6542303885264157,0.721041050463574,0.590635158798635,0.4330388168667898,0.5142905134557627,0.42548778882870414,0.4702046128715046,0.5539423127842642,0.5469631304499836
FOODS_3_197_TX_3_validation,0.26632914288850945,0.30288821334481236,0.3073706546240179,0.2902704635372217,0.33533173463665705,0.43473989654930356,0.48088089646018967,0.42627011428939215,0.3714727991981106,0.4527244957870846,0.38288000096110747,0.508090596529634,0.49399505819042877,0.6295861543013613,0.5306879042047983,0.4326993846924976,0.3655405342348678,0.4543432588619274,0.41025735827766835,0.5834451543904751,0.6295861543013613,0.5306879042047983,0.3730915622729535,0.4543432588619274,0.3655405342348678,0.41025735827766835,0.49399505819042877,0.48103137181193606
FOODS_3_198_TX_3_validation,0.47488164263309707,0.5081686690059839,0.5619101358039026,0.615854199153866,0.6587259436509607,0.7698205635093317,0.6926482027547758,0.5864167905909851,0.4705274066946611,0.5862001664707122,0.4819346084576579,0.6362421538277097,0.6120210406023282,0.8186724196496468,0.7065638530234699,0.582667777648744,0.4899950712685486,0.557465770007678,0.495120899163999,0.694701060909472,0.7321363835115126,0.6668446255180883,0.497546099306634,0.5669087277470117,0.47453721421358974,0.5192540382563892,0.6445924647044231,0.5851745762927645
FOODS_3_199_TX_3_validation,0.42013839441764556,0.3621526732138669,0.31762587952999943,0.32748896801668403,0.3664600536915019,0.5217272316943288,0.5693343599400785,0.5028200401493933,0.39938739887001684,0.5112017609183527,0.3983378580160662,0.5379552220330607,0.5284242901607369,0.6798878703779756,0.6163294844753655,0.5070534077348015,0.4363257683708086,0.5288338433085772,0.4914800016986329,0.6310887137843693,0.6772297136952555,0.5783314635986931,0.4330388168667898,0.5019868182558213,0.42548778882870414,0.4702046128715046,0.5539423127842642,0.5409786264057719
FOODS_3_200_TX_3_validation,1.6902220329364028,1.696509240340469,1.7493399507061393,1.4926456565296709,1.570917145119809,1.803694385239577,2.052838031262911,1.5519874375476699,1.462746757746929,1.5996996460956514,1.5336183814233397,1.7165093893098122,1.7563451281002442,2.0506322029405237,1.8574603880897473,1.6577784483335036,1.4675187987673668,1.559492671488231,1.5079733563256756,2.0551757093003302,1.9896609857256915,1.7792329522920431,1.4723319176834317,1.6377450035173045,1.337973199828366,1.351052845938684,1.5555200043514494,1.6358600145662492
FOODS_3_201_TX_3_validation,1.8488144674823426,1.8078825902938738,1.6232074644968464,1.6232074644968464,1.411097476912431,1.6610561592717747,2.239888988709041,1.6820318297321188,1.1975216982434815,1.4762747441926574,1.1485034428519993,1.5240511337363556,1.6219960648687204,1.8632903516714356,1.542142249343362,1.3992430976705155,1.2550307584334883,1.3583083469168913,1.2998842732249283,1.5955077227051289,1.7612362751314325,1.541180769448444,1.1140827249294474,1.343618165563834,0.9602303383256633,1.2493599459250795,1.3744761360268165,1.43068360742478
FOODS_3_202_TX_3_validation,29.064518184116917,25.993972374855282,24.722497000032433,23.757937722403796,27.381303241872335,33.2023641041706,40.1070827649777,36.46328318806901,27.299431085502874,28.43274110337363,24.94028951651915,31.07962940805607,36.52430990748495,45.46649636151966,34.022211132756404,31.19061872235589,26.607945765491525,30.502796816193282,28.87174063036398,38.90156341944934,44.92681743502157,36.16613397828925,27.96163141182209,29.127907880464782,26.423923328250563,29.21349440454218,34.550383287860804,40.005637085958625
FOODS_3_203_TX_3_validation,0.8016933611636294,0.8432136004016881,0.9031303201760872,0.7366893745357751,0.6648441810974686,0.7835716837744467,0.9156044307665792,0.8374437603133352,0.7234107769200468,0.8995050912907318,0.7806520337362225,0.8531584348111438,0.8724868565670786,1.0755663968141884,0.9228080803115616,0.8688196781908335,0.631739556437937,0.813197368364122,0.751047806032009,0.950627967777483,1.019914154371714,0.8594431687229258,0.7381883160371427,0.7708901622815957,0.6229734727044409,0.6612953744137406,0.7450330743265011,0.7017151003348538
FOODS_3_204_TX_3_validation,0.51814506818102,0.557191778704447,0.5730253134188318,0.6057283269399127,0.50561642662947,0.6393713971588308,0.6594361123903918,0.6262238897644351,0.5103345058681099,0.6098451727165048,0.5217417076311066,0.6760492530011597,0.6914191359231282,0.8610767928575119,0.7463709521969201,0.6883581321732528,0.6312538037959973,0.5305827100293444,0.5687426834228382,0.7419304795356456,0.7880714794465319,0.6891732293499695,0.5315768874181233,0.5538815096031126,0.4645363865897274,0.5097956090188536,0.593533308931614,0.5805696225531217
FOODS_3_205_TX_3_validation,2.0595122047833043,1.8339712170908342,1.7039362339933322,1.644868979730265,1.657150266536291,1.923770289305652,1.9499776327514988,1.8095059243519676,1.6975233694730696,1.8331638681992128,1.7687121650447568,2.0796474622278227,2.20615693898587,2.8153854167679295,2.2466769469952332,1.9607613225739682,1.9207513094777233,2.1190887923031054,2.0470070814102437,2.566071436671985,2.8469513208608523,2.4119321184270714,1.723406807002566,2.0484198900012784,1.9174037792081047,2.0243005219092653,2.3641993812688256,2.1499844989117145
FOODS_3_206_TX_3_validation,0.8728273245234768,0.8864178563741953,0.9268697095460962,0.9195016768605497,0.9812468765617129,1.2227364989496623,1.1320045667351484,1.0156486980772992,0.7729471319199349,0.9163119210810142,0.8170660027740632,0.9739599175709986,0.9659089302998092,1.1925477208218545,1.0368370245963379,0.9459511532568267,0.8419706850901562,0.9359935494144614,0.8578677090596112,1.057096908651742,1.1541201719529743,0.9824331977047196,0.7822743641860149,0.8975660005455802,0.7708226773256522,0.8207544495861245,1.06256236971572,0.8244645317478043
FOODS_3_207_TX_3_validation,0.8836616254653106,0.7452610778586436,0.7444037728186443,0.7370756403580853,0.8292098717965539,0.9883724498581211,1.0996280160243512,0.8297713939236193,0.7168891469934032,0.7790630860911196,0.678502878388774,0.8513962405631644,0.7183715655425527,0.8778951020282018,0.7310234520375948,0.6102113557989899,0.5677972087747919,0.6447108652532564,0.6009568345849108,0.7741446306977182,0.8281386276191804,0.7518163124743348,0.5942199705424885,0.6715710083091855,0.5827682836821259,0.6313857665472035,0.7147228962028831,0.706168005575666
FOODS_3_208_TX_3_validation,0.9518091479164642,0.9135634039717908,0.8670876976632119,0.8176683251204753,0.9281619231452369,0.958804494609058,0.8755506557371102,0.8420487119043862,0.675454461158413,0.771064469184531,0.7332381163609151,0.8914463205532451,0.8672252073278637,1.0799275982418797,0.9474295167714465,0.841307601885899,0.751989122346571,0.8499980491034648,0.8187354272399708,0.9751577208047983,1.0548985520895546,0.9224004706191222,0.7427331894161132,0.8040102940770574,0.7115022191392878,0.7601197020043654,0.8854581284523994,0.7424626877434957
FOODS_3_209_TX_3_validation,0.36140198134736,0.31165543330229933,0.3073706546240179,0.32748896801668403,0.3664600536915019,0.5217272316943288,0.5753188639842902,0.5028200401493933,0.38693065625306944,0.49889806571841216,0.3983378580160662,0.5379552220330607,0.5284242901607369,0.6858723744221873,0.6433183376573678,0.49843580929164266,0.41318409362876224,0.5019868182558213,0.4579009176715627,0.6310887137843693,0.6832142177394672,0.5783314635986931,0.4207351216668479,0.5019868182558213,0.42548778882870414,0.4702046128715046,0.5539423127842642,0.5469631304499836
FOODS_3_210_TX_3_validation,0.22614022676766088,0.2765923767477492,0.2723075980694678,0.2723075980694678,0.3054713102310841,0.42918488618926043,0.47532588610014653,0.4045615053715683,0.2869835120332028,0.36823520862217674,0.3595852788020553,0.49563385391268727,0.4815383155734813,0.6171294116844139,0.5306879042047983,0.4326993846924976,0.3655405342348678,0.4543432588619274,0.41025735827766835,0.5834451543904751,0.6295861543013613,0.5306879042047983,0.3730915622729535,0.4543432588619274,0.3655405342348678,0.41025735827766835,0.49399505819042877,0.48103137181193606
FOODS_3_211_TX_3_validation,0.8523037163019673,0.7168401607668918,0.6726854603854484,0.6950052914890804,0.782085472025778,0.9402549978713188,1.0545495599340209,0.8476608922191161,0.7839050210876103,0.8865628935379861,0.8042073145811733,0.9694633831977613,0.9604732046155994,1.185459205624054,0.973303350874388,0.694385452433164,0.6389737281457263,0.7460354230322069,0.7607624751745572,0.8488899389750162,0.9214049577743707,0.8108178467714005,0.5972271075085976,0.6715710083091855,0.5827682836821259,0.6205477870050988,0.7042854869178593,0.7121525096198776
FOODS_3_212_TX_3_validation,0.4627113312741759,0.4877591844883462,0.43297716589849694,0.43243476751217014,0.46614087806011323,0.5736824353460044,0.6990271085377416,0.6658148859117851,0.5623822446324073,0.6618929114808022,0.5613327037784566,0.7156402491485097,0.6914191359231282,0.8901494649502392,0.7901287822717077,0.5842386549317028,0.48053420441041206,0.5729057179438339,0.5291516872754883,0.7023394833882958,0.8027566374285923,0.6014731383407396,0.4468839333750032,0.5142905134557627,0.42548778882870414,0.4702046128715046,0.5539423127842642,0.5805696225531217
FOODS_3_213_TX_3_validation,0.6643785074569114,0.5665205640484241,0.5362353222089801,0.43675132173005404,0.4703323437362682,0.5598297277995671,0.5861608544203657,0.5268723471150834,0.419116358592005,0.5003680551809788,0.38288000096110747,0.5189285760717384,0.5048330377325324,0.6527278290434078,0.6014731383407396,0.5034846188284383,0.4363257683708086,0.5251284929978672,0.48104259241360925,0.6938213846737655,0.7399623845846518,0.6410641344880894,0.47262981301413987,0.5575868599138225,0.4650787849760542,0.4702046128715046,0.5539423127842642,0.5409786264057719
FOODS_3_214_TX_3_validation,0.12108961777273267,0.5871073497245856,0.5828225710463042,0.483531675002137,0.43160375135191936,0.5657092664635079,1.0883488890475599,0.6226133479986585,0.4858761955493942,0.5758951120958535,0.5020602744776489,0.6566104460710643,0.6529068468852719,1.2497095778144285,0.7113678374212173,0.6154441213724493,0.5463794902608096,0.6328106351704835,0.6193430452979254,0.8029227805641463,1.274470015631318,0.7361282752381066,0.5573020146107424,0.6366479305457066,0.5959026018907156,0.6712377366452171,0.7653673757113911,0.9403565657998437
FOODS_3_215_TX_3_validation,3.131650894592172,2.561307895283192,2.5845419177499265,2.5573411226966645,2.7064971613121154,3.1019715954991134,3.394229258864532,2.6140138972846327,2.500195455594769,2.758009779773796,2.5634300507807657,2.965240360968195,3.1254162332940267,3.7168809505096614,3.2451008381524855,2.969670147963743,2.660395229521791,2.8977996325366924,2.874063559448409,3.6536889244966413,4.175004471269873,3.501773431901591,2.660561149453023,2.9609232074576775,2.719344780320046,3.0036946636170723,3.2669360695538225,3.368222243010059
FOODS_3_216_TX_3_validation,0.23189991091820028,0.26835320358903136,0.2723075980694678,0.2723075980694678,0.3054713102310841,0.43795210614674734,0.48409310605763345,0.404994725462264,0.29723873693918434,0.37849043352815825,0.3595852788020553,0.508090596529634,0.49399505819042877,0.6295861543013613,0.5306879042047983,0.4326993846924976,0.3655405342348678,0.4543432588619274,0.41025735827766835,0.5834451543904751,0.6295861543013613,0.5306879042047983,0.3730915622729535,0.4543432588619274,0.3655405342348678,0.41025735827766835,0.49399505819042877,0.48103137181193606
FOODS_3_217_TX_3_validation,0.8039089413518163,0.6962743172912841,0.6834998689705583,0.6928985167220663,0.5418511297664561,0.5941312289051123,0.729438448160092,0.6629241283694072,0.547034744473082,0.5984363164595968,0.4978761087572525,0.6374934727742468,0.6383999501869466,0.700371388437302,0.6410641344880894,0.5430756149757875,0.4759167645181587,0.5647194891452171,0.5206335885609581,0.6938213846737655,0.7399623845846518,0.6410641344880894,0.47563694998024886,0.5538815096031126,0.4650787849760542,0.5097956090188536,0.593533308931614,0.5805696225531217
FOODS_3_218_TX_3_validation,0.5594791267640999,0.554569629497504,0.5549970828710896,0.41591409688583014,0.454885182560648,0.5943998372405471,0.6169779193339727,0.5504635995432879,0.4345742156469637,0.5340848824953577,0.43352467479301304,0.6002889627800125,0.5760678495546311,0.74944742361033,0.6433233610283648,0.5372014461428174,0.45178362542576744,0.558845320312247,0.4965004494685679,0.6813904298609835,0.7275314297718698,0.6682241758226573,0.49892564961120295,0.467632785108312,0.42548778882870414,0.4702046128715046,0.5539423127842642,0.5805696225531217
FOODS_3_219_TX_3_validation,1.1506819560548105,0.9686501018500574,0.9677878947566454,0.8504467179641676,0.9743065519240847,1.0703226289612031,1.0918142304288103,0.9989600447998493,0.8843999212377321,1.0429674363990313,0.9108860163858192,1.132094134292447,1.1177830525114234,1.3453060695503216,1.1969515878169943,1.1250496144533975,0.938993769262275,1.1459992221303912,1.0548101373318133,1.393415266680619,1.9639242839912119,1.393263106394507,1.1013533475165147,1.2302201026622352,0.9318648721967726,1.0386061764515022,0.9300495005960164,1.1417708375980828
FOODS_3_220_TX_3_validation,0.08542237046236752,0.28743035628985375,0.28314557761157233,0.28314557761157233,0.31630928977318856,0.4400228657313649,0.486163865642251,0.4153994849136728,0.361217574292129,0.4424692708811029,0.3698808599578332,0.49563385391268727,0.4815383155734813,0.6171294116844139,0.5182311615878509,0.4326993846924976,0.3655405342348678,0.4543432588619274,0.41025735827766835,0.5834451543904751,0.6295861543013613,0.5306879042047983,0.3730915622729535,0.4543432588619274,0.3655405342348678,0.41025735827766835,0.49399505819042877,0.48103137181193606
FOODS_3_221_TX_3_validation,0.5003569613084377,0.5394036718318644,0.5299680367187655,0.4980632958791049,0.44215983160826566,0.5759148021376256,0.5933822433347714,0.5752240373601772,0.4593346534638531,0.558845320312247,0.45828511260990246,0.597902476626897,0.588371544754573,0.7482010917981419,0.6014731383407396,0.5034846188284383,0.4363257683708086,0.5251284929978672,0.5206335885609581,0.6938213846737655,0.7459468886288635,0.6410641344880894,0.47262981301413987,0.5575868599138225,0.42548778882870414,0.4702046128715046,0.5539423127842642,0.5469631304499836
FOODS_3_222_TX_3_validation,0.6669705981300847,0.5877823318817238,0.5470884801312415,0.5763306450213611,0.5842005404777969,0.6760716357638029,0.7432759492148796,0.627092351488294,0.5311398007732745,0.615960286268612,0.5300902599193238,0.6542497668813607,0.6365854396357912,0.786014036801512,0.718392375594515,0.5752897661378601,0.5523393517198332,0.5969336403072897,0.6113942438699346,0.682983405131661,0.791071000959215,0.678335249807865,0.5048439641762112,0.5538815096031126,0.4972929361381262,0.5420097601809262,0.593533308931614,0.5865541265973334
FOODS_3_223_TX_3_validation,0.10901362289057186,0.30288821334481236,0.3073706546240179,0.3073706546240179,0.34053436678563426,0.4723813381170561,0.5257481505133442,0.4394239574325728,0.38693065625306944,0.471751141748407,0.3858811153991188,0.5401836373981738,0.49237629511558595,0.6404241338434659,0.541525883746903,0.4435373642346023,0.42402207317086676,0.4688865887147421,0.4579009176715627,0.5834451543904751,0.6772297136952555,0.5783314635986931,0.4207351216668479,0.5019868182558213,0.41318409362876224,0.4579009176715627,0.5416386175843223,0.52867493120583
FOODS_3_224_TX_3_validation,1.286767063921014,1.141656470466507,1.141710206124667,1.1930386527107901,1.2461215492354256,1.421174019096915,1.636100398047971,1.3542798571337236,1.1001891372922683,1.2261207879978384,1.0916894022636054,1.2344099931894623,1.3290317932251376,1.585065288893666,1.3906566694455058,1.1969656672956126,1.0984035960068117,1.15385834321738,0.9405831167971102,1.3256156506537373,1.4182143759197672,1.224009818119115,0.89558956816512,1.0058615648185807,0.8591088351524334,0.8994969362843164,1.0792781102339966,1.3961923768770537
FOODS_3_225_TX_3_validation,0.4230598228224422,0.457970764523297,0.45041973648521133,0.32748896801668403,0.44215983160826566,0.5282712427437314,0.5978351485755835,0.4896661970062139,0.3714727991981106,0.4527244957870846,0.38288000096110747,0.5189285760717384,0.5048330377325324,0.6295861543013613,0.5306879042047983,0.4326993846924976,0.3655405342348678,0.4543432588619274,0.41025735827766835,0.5834451543904751,0.6295861543013613,0.5429915994047405,0.3853952574728955,0.4666469540618695,0.3655405342348678,0.4225610534776103,0.5062987533903699,0.4933350670118781
FOODS_3_226_TX_3_validation,11.634403591119696,9.754906427023842,9.584397643686051,9.882309585817737,11.075274894566991,12.883418975917232,12.90715545255902,11.332557563859583,9.518423679586032,10.687254379648534,9.69488624279246,11.747590391095892,11.67722019091366,13.173812669217401,11.837228998148204,10.985767884582504,9.77803631166502,10.611204986031725,10.551925454663042,12.577685269692614,12.725668125787408,11.863697602646946,10.016985811454155,10.810759147633568,9.55948324134072,10.304918667327172,12.008739144680916,11.448859205040621
FOODS_3_227_TX_3_validation,9.201233638742364,7.859200511600245,7.857951537544848,8.601860462295562,9.064533605539117,10.630766872068529,10.55752034467292,9.475151660049923,8.196229932954978,9.200572522986715,8.249840095090763,9.856811371609476,10.915597006590437,12.008120769814365,10.482741476869911,9.519495868299861,8.365302618470261,9.659601532121448,10.017345227165864,11.738235166351219,12.946795926092522,11.652854853035464,8.913285204525648,9.784550166552222,8.861724638465537,9.97254501878549,11.744206615406883,10.483997387983651
FOODS_3_228_TX_3_validation,6.8333054770255615,5.63983842392271,5.776565379764411,5.741118295789051,6.7722206613796185,7.907611712188267,8.214656010125628,6.398520843964084,5.730226295996374,6.260568659834233,5.981776289413158,6.5676114696654935,7.376439762236863,8.221744501304057,7.278213590978213,6.351859980895584,5.790053500226675,6.6521985573922375,6.74413801190801,7.997612172231735,8.573757003051016,7.6288396358870845,6.09517393010486,6.343404683416173,5.809246357423734,6.424860888800857,7.541762627279186,8.00967699317357
FOODS_3_229_TX_3_validation,0.8359049725881535,0.7502257965039332,0.7417002035237414,0.7111438103851243,0.7466874224216601,0.8982314464526927,0.865711161855999,0.8140585723205289,0.6199964830437964,0.7089931859342752,0.5742986959589269,0.7178167187981995,0.7082857869258755,0.8621363484878367,0.7553851013806984,0.6233988609997402,0.5827682836821259,0.6715710083091855,0.6313857665472035,0.8045735626600109,0.8711040774151536,0.7518163124743348,0.5942199705424885,0.6715710083091855,0.5822258852957992,0.6205477870050988,0.7147228962028831,0.652765146494669
FOODS_3_230_TX_3_validation,2.558842710669332,2.487053505184879,2.2112381115949016,2.3902274361069815,2.6327758355550297,3.1847822172551057,3.359162660568936,3.031257066753895,2.5715006851766335,2.825650039852738,2.3794114831312823,2.7603274104367546,3.0914870240643073,3.7709218753089626,2.9318284980477904,2.7259855392529775,2.415884939075459,2.6858605839540544,2.525534628301627,3.250322207394394,3.5738752801691023,3.017493597638437,2.5971139353793293,2.5891748523300206,2.412589017934623,2.450431607398779,2.866305713259057,3.040793633545023
FOODS_3_231_TX_3_validation,1.8497121066915725,1.5247319916385524,1.394150801716267,1.5228995658971227,1.6816365436168113,1.9963177142373265,1.9242883267973299,1.6452101466803581,1.462746757746929,1.6295873533771843,1.5061784372260894,1.7503787296275035,1.8892793409492254,2.155729810003291,1.7302358950754624,1.4939766802623646,1.3762821678585888,1.5558724803650468,1.5057337456145092,1.92435269370678,2.106101496204218,1.6864087293448577,1.297309837771759,1.4046367195138636,1.2802068561464794,1.2275180774904424,1.6297252245923988,1.5989483414430934
FOODS_3_232_TX_3_validation,1.1829639181860736,0.8576300292201797,0.8860482640629789,0.897553686581501,0.9486917547567312,1.1750085612011898,1.2865906633030957,1.0730193656955245,0.9335352131603935,1.108659544439195,0.9527629417506561,1.1851428944105835,1.2717059247811568,1.5293312949697109,1.3502172383730926,1.207728487187635,1.1493194127742765,1.3647424396011956,1.2024023092989116,1.7396729111826301,1.8996600230887353,1.4843838601108086,0.9481604132828436,1.084393064476517,0.9809283512221149,0.9694927684866524,1.1329111653298924,1.0295922003761322
FOODS_3_233_TX_3_validation,4.863505502491096,4.4431884113914375,3.918522390469324,3.630837060583278,4.063246806707961,4.850688402522197,5.401293354503097,4.381873508980134,3.6523564765999987,4.22271686576518,4.107776977491834,4.182840076769133,4.470602286614449,4.994560215875099,4.366610930151388,3.778647386836799,3.429601879421848,3.874605675293814,3.6935381022016753,4.755376490621713,5.510432480619075,4.449775179452231,3.4960913124902846,4.035594464310758,3.400020731779835,3.576253916182953,4.3600587930983785,4.627487190980677
FOODS_3_234_TX_3_validation,9.647495815375462,7.884404168387235,7.135437995374263,7.076535060276821,8.91426387104818,10.608227630092527,14.247184864421186,13.344447548405878,9.572769576241058,10.046599276594563,8.617824585192022,10.921684002398989,10.968056565241172,15.071590603340049,15.745472873807001,10.864671891658716,9.305342638531702,11.46892436868927,9.20523565898612,13.186333575213123,13.057006420313808,11.585667669299287,8.421619673791096,9.622925370776496,8.607703631622883,8.793749525920962,10.07955304007763,12.69585034878693
FOODS_3_235_TX_3_validation,0.3244768909409808,0.3117728142421727,0.3048892291805046,0.31335562900522357,0.3554521939027979,0.4850857545859416,0.5312267544968267,0.49812520405760286,0.39321645076704276,0.4744681473560167,0.4006333097378111,0.5456147375843997,0.541128706629622,0.6767198027405553,0.6080658594772103,0.512924575197428,0.44576572473979903,0.5430348491915764,0.5078818013432754,0.6782223622235632,0.7243633621344495,0.6080658594772103,0.4533167527778847,0.5345684493668575,0.454232124564518,0.5078818013432754,0.6010759612234582,0.5881122748449659
FOODS_3_236_TX_3_validation,1.6913053384809262,1.427583677161965,1.3806811250917204,1.3208666687214048,1.4404723332308986,1.6299394765404838,1.9143575726377697,1.5595379163923617,1.1179239620710921,1.3610516011502618,1.3030550952068505,1.4741112655216175,1.5530254137359805,1.8637348769563298,1.6163712718168906,1.4703082941013834,1.2472386673190028,1.4619377235868134,1.3823613750108692,1.6951554663388926,2.187278433492816,1.542142249343362,1.2982563139749732,1.4261106563538604,1.2540878694762545,1.3081136549581234,1.5124848270109394,1.8923647841582687
FOODS_3_237_TX_3_validation,1.2533145584572576,0.9635025130901166,1.0567586899897508,0.9917023284481117,1.2284494555145917,1.2173805408830973,1.4688779182947458,1.0487985919387512,0.7409710804361963,0.9272282872757993,0.7059895197927619,0.9688776703246688,1.001647554169186,1.260447735775585,1.0003840177914147,0.8483089116985331,0.8237191652062021,0.9682051033979024,0.8552242541917164,1.045900025607449,1.1884093626757544,1.0439501935878837,0.8333994209157642,0.916314125757092,0.8182654443888235,0.893600579143325,1.075582218133112,1.1558060767363187
FOODS_3_238_TX_3_validation,2.964875270451429,2.4724528648251622,2.4355481395621097,2.6180178611761167,2.907710092767103,3.471670744528952,4.020751517527558,2.8608534354767983,2.5562769404676424,2.876750859406738,2.624597176422199,3.1359765541072737,3.2409576377912046,3.685107777468492,3.166725927881277,2.9416632748329987,2.721899358992276,2.8227896521856044,2.8047910798170923,3.7558178267071036,4.159098494588626,3.211263724408877,2.625753840879636,3.027361400627618,2.7039052719599126,2.78839740491221,3.3415931530297365,3.6238853829269995
FOODS_3_239_TX_3_validation,1.1655448120247216,1.1483018508055836,0.8217865925488307,0.8980098620787516,0.9171330967636635,1.0247089768970203,1.1759945260429296,1.0217231921929066,0.866786022247712,1.0538733884307452,0.9018265318898564,1.0795065514304103,1.1489061207211715,1.370446098913071,1.2048588118331012,1.079427978728448,0.9553666095035909,1.093621658723165,0.9957547106354727,1.2891306862330454,1.3714687915522177,1.2527348807210201,0.7367621053423139,0.8191384987454289,0.7194977945762645,0.7694295668367368,0.8899295640696416,0.9433023555879976
FOODS_3_240_TX_3_validation,0.549842343466273,0.6380714680011913,0.5786297797648061,0.5981459959903807,0.6658296117228896,0.8322553204731413,0.9687166049263559,0.8308162637215964,0.7261487497200196,0.8308015003386627,0.7316598280367781,0.9948100679137241,1.0066492377699996,1.219094424719661,1.0023062579227913,0.8940256167490004,0.8067020153779396,0.9222301100891391,0.8832143937755738,1.2459276673264739,1.0963678777067534,0.8836846908894445,0.7191172362701804,0.7984631522051446,0.7181268274028039,0.7746284071782241,0.8687580462443981,0.9012212383211203
FOODS_3_241_TX_3_validation,1.501170959683893,1.3808164386516661,1.2050253675806557,1.1824704172669585,1.2240713837295358,1.4432241846028049,1.5790529338692172,1.3791219495190674,1.1231379475259644,1.28109055856965,1.1736716812433785,1.3432039687191921,1.4606414725365573,1.5725696089510173,1.4491960909257,1.2083775726506856,1.054760661549557,1.1688197839248886,1.1001789969357012,1.3794398556116552,1.5545436281045382,1.3083266192202319,0.8956735246705495,0.9661423373131992,0.8591088351524334,0.9044732522718683,1.113486472339831,1.146254146886782
FOODS_3_242_TX_3_validation,0.3991213524119496,0.44266360369081925,0.496683745574536,0.4605456086991645,0.5471602537678752,0.6490004516037047,0.6044594356471499,0.5738444870556083,0.45795510315928417,0.5970567661550279,0.4964965584526836,0.6361139224696779,0.6370203998823777,0.7049763421769447,0.6000935880361706,0.5021050685238694,0.4349462180662397,0.5237489426932983,0.4796630421090403,0.6528508382218468,0.7049763421769447,0.6000935880361706,0.44249724610432534,0.5525019592985436,0.4241082385241352,0.5084160587142846,0.6025911679120689,0.5455835801454146
FOODS_3_243_TX_3_validation,1.4717975058642176,1.5126258155421242,1.6202425401206308,1.6303719539912676,1.573306193239986,2.003034061639867,1.8410322935326606,1.6728826496410667,1.4704740532549956,1.6393095270535185,1.5106733692769967,1.6063120694902078,1.828291825539734,2.0953125750499066,1.827940178298195,1.7034254973518665,1.532304777438225,1.6485259037231774,1.5104010932631993,2.0045299793304747,2.1608341898625087,1.85211901531486,1.5685473914743995,1.660101552865722,1.514923419914101,1.6139331577327054,2.058473566448109,1.7322545300604169
FOODS_3_244_TX_3_validation,0.24135834015573598,0.2860508059852848,0.2817660273070034,0.2916291157936879,0.34914593136349614,0.44741053538428294,0.49953603933938057,0.4248905639848232,0.35925526935143703,0.44050696594041094,0.3582057284974864,0.49425430360811834,0.4801587652689124,0.6341911080410041,0.5293083539002293,0.43131983438792865,0.3641609839302989,0.45296370855735846,0.4088778079730994,0.5820656040859061,0.6341911080410041,0.5293083539002293,0.37171201196838455,0.45296370855735846,0.3641609839302989,0.4088778079730994,0.49261550788585984,0.4856363255515788
FOODS_3_245_TX_3_validation,5.476301443913844,4.553804404616522,4.561914168074543,4.400595373936568,4.409637989303159,5.720814885028855,5.98599480388298,4.854826565761882,4.4109216849039266,4.857595707834079,4.47682091704294,5.14820157294985,5.9687558254635364,6.001710725510968,5.568628836704789,5.126131974742366,4.616200197664054,5.1369653862814415,5.045158643144413,6.025183983158458,6.563908643972894,5.7139993138630585,4.594800419571022,5.287292891168705,4.716113566803654,4.721161692775568,5.757434259853976,5.682941559346383
FOODS_3_246_TX_3_validation,0.50863424994137,0.6354011737854428,0.6311163951071614,0.677117620469218,0.5117186795193782,0.7544729282463255,0.8498385355004354,0.7139239807736653,0.5227269432821174,0.6030537563518501,0.5024935486495045,0.6521836541273043,0.6760716357638029,0.8371475146195599,0.7310234520375948,0.6249015371520473,0.5355830576127193,0.6426447524992,0.5946379497628207,0.7419304795356456,0.8027566374285923,0.6891732293499695,0.5315768874181233,0.6089279251848202,0.5087448226293294,0.5097956090188536,0.593533308931614,0.5805696225531217
FOODS_3_247_TX_3_validation,0.26056945873797,0.31165543330229933,0.3073706546240179,0.31762587952999943,0.33533173463665705,0.43473989654930356,0.48686540050440136,0.41583270500436853,0.3744799361642196,0.4527244957870846,0.38288000096110747,0.5189285760717384,0.49399505819042877,0.635570658345573,0.5306879042047983,0.4326993846924976,0.3655405342348678,0.4543432588619274,0.41025735827766835,0.5834451543904751,0.635570658345573,0.5306879042047983,0.3730915622729535,0.4543432588619274,0.3655405342348678,0.41025735827766835,0.49399505819042877,0.48701587585614775
FOODS_3_248_TX_3_validation,0.95877809294793,0.7250793339256096,0.7559991498018558,0.7267569849117359,0.8103763168174727,0.9752586788045922,1.0707105551772924,0.8580983015041399,0.7241783031749894,0.8167811742349983,0.7089318103510664,0.8671400145433965,0.8429189013180151,1.1103850859574447,0.8978707175918069,0.7990036883694052,0.7024303231669314,0.8094920180534121,0.7126202571631279,0.9749342737873317,1.0972100302583545,0.8443513630172561,0.650425415006089,0.7158873846241908,0.6235158710907676,0.6721333539558452,0.7558710538686056,0.8109031572467497
FOODS_3_249_TX_3_validation,1.9631551799411753,1.8991834492609532,1.6023294866966638,1.6896731646280352,1.761439264831733,2.24938610459764,2.454031381900605,2.391000917498179,2.1187548235555616,2.394381215936865,1.960076855360971,2.192335656044419,2.4120925462116376,2.8237936705591835,2.40450685903817,2.1077194755455992,1.8166683376984667,2.000226260622753,1.746760224401829,2.2329098103078353,2.431319076914587,2.05410163314461,1.4564855589519918,1.761100279887283,1.6899563842500462,1.6758631492076668,1.892537290990946,1.9634583327448318
FOODS_3_250_TX_3_validation,0.7883259881596018,0.8569045615464135,0.8192485531652433,0.726082268336351,0.7710702620617078,0.8773762064956165,1.013807910720881,0.9479245582484037,0.809157514257401,0.9118153867077768,0.805521603976568,0.9694633831977613,0.9823796653769461,1.2925796916162426,1.0617743873160908,0.9288820043624431,0.8178536717715144,0.845969726766326,0.8651568652411974,1.103185952008339,1.4702553475853,0.8275675808162498,0.6538011129302115,0.7348575010076184,0.6315114465277443,0.6612953744137406,0.7450330743265011,0.7424626877434957
FOODS_3_251_TX_3_validation,0.2427378904603049,0.2791911831311359,0.28314557761157233,0.28314557761157233,0.32507650973067553,0.44879008568885187,0.48088089646018967,0.41583270500436853,0.3714727991981106,0.4527244957870846,0.38288000096110747,0.5189285760717384,0.49399505819042877,0.6295861543013613,0.5306879042047983,0.4326993846924976,0.3655405342348678,0.4543432588619274,0.41025735827766835,0.5834451543904751,0.6295861543013613,0.5306879042047983,0.3730915622729535,0.4543432588619274,0.3655405342348678,0.41025735827766835,0.49399505819042877,0.48103137181193606
FOODS_3_252_TX_3_validation,36.47421182204146,31.088513088483936,31.229751865341207,32.37314690215901,44.54489669730386,48.31213091575269,45.32681904829614,39.169017086332936,32.76556148180926,36.16776161339604,33.556224411525406,42.978515092792506,51.45587660460794,46.04256934601196,37.480469640385145,39.63488267641917,35.475208386987184,38.72849695957077,44.42785789754699,50.919535947495056,48.59355199569084,39.09059550302731,36.56143299127881,38.91248060087691,36.74411570743639,45.0187136422713,50.81628687540769,47.019772050247504
FOODS_3_253_TX_3_validation,0.6966329655160933,0.6806472355924899,0.6710431263536109,0.6349049894782389,0.6752399640936129,0.7836301742965569,0.8717279637662685,0.8069133048104744,0.6804235788002386,0.7695259779799818,0.576870291377819,0.7575359463035812,0.7637437650404922,0.9326726409068252,0.8333807392963445,0.6875446202764126,0.5982261407370846,0.7052878356235652,0.657281032887186,0.8317336039945787,0.8893580243035776,0.7665014704563952,0.5637910385801959,0.6340094471154982,0.509287221015656,0.5901188550428063,0.6738565549555667,0.652765146494669
FOODS_3_254_TX_3_validation,0.6434177084438053,0.6512185348964136,0.6532883223018368,0.730587883164025,0.8010719111493607,0.8652996642831551,0.8180359178408128,0.7499017215623212,0.6398667098646247,0.7324695809246335,0.6398333746606801,0.750273632660898,0.7554194353650695,0.9390334692134629,0.7460676665630545,0.6595492810171405,0.5843785844445433,0.6499759561205758,0.6509377182566244,0.8212782791369122,0.8430581248963018,0.7511217763905592,0.5855346901491281,0.6933146598781176,0.6129783350757768,0.6705286706768124,0.7618565446420771,0.699898794933863
FOODS_3_255_TX_3_validation,0.9518351736003519,0.8191401760897374,0.8615654144845056,0.8941700014759286,1.0664604273602134,1.156378903529145,1.2447015128925287,0.9786037785406023,0.8629511388432715,0.9909735869625687,0.8900157726573614,1.0806364169428695,1.2376268462371576,1.183847066884006,1.0682431940965642,0.9459511532568267,0.8419706850901562,0.8630388756607096,0.8207544495861245,1.1228717692372692,1.1928685233252196,0.9427139701993381,0.7572453180336908,0.8227072876517925,0.7316500635137639,0.7614339913997601,0.9168535652819414,0.9558839052342093
FOODS_3_256_TX_3_validation,0.07458439092026299,0.2765923767477492,0.2723075980694678,0.2723075980694678,0.3054713102310841,0.42918488618926043,0.47532588610014653,0.4045615053715683,0.2869835120332028,0.36823520862217674,0.3595852788020553,0.49563385391268727,0.4815383155734813,0.6171294116844139,0.5182311615878509,0.4326993846924976,0.3655405342348678,0.4543432588619274,0.41025735827766835,0.5834451543904751,0.6295861543013613,0.5306879042047983,0.3730915622729535,0.4543432588619274,0.3655405342348678,0.41025735827766835,0.49399505819042877,0.48103137181193606
FOODS_3_257_TX_3_validation,1.4850116864237717,1.3530045990769746,1.2001700007583918,1.1924538775793956,1.245536774104031,1.3421454450306185,1.605751622317614,1.183191724897955,1.0737791562276053,1.1840511528810653,1.0688289565513782,1.230428360153304,1.2752075882672194,1.4840971580713433,1.2686795252064382,1.1476068759972535,1.0550383131856564,1.0001387086650415,0.932755364169835,1.2080345898096296,1.3046149481118179,1.1104103903111657,0.6256380098543786,0.9295759245494337,0.8558557694067906,0.874728694160109,1.0381470910033488,1.0784728815877114
FOODS_3_258_TX_3_validation,2.5992456416346164,2.5446818048396778,2.2496247931836435,2.277296471650062,2.492989035172108,2.863649838309407,3.2078774356587747,2.6827997186431802,2.268593707761252,2.7001993643246003,2.441315385522099,2.8169659710149073,3.2729347071830093,3.5634088853070285,3.32231476583462,3.026673880485823,2.5263388717359017,2.891519889908716,2.6618301203347388,3.2974558558335882,3.5244259402675775,2.9985879947034664,2.3860522630617402,2.560910789566851,2.2419322150234557,2.432895155888652,2.8173169087321157,2.958899458177748
FOODS_3_259_TX_3_validation,3.1017941241128684,2.750088518192889,2.7596026728796548,2.771074381255391,2.8042393030638095,3.1044690148791103,3.537859174787185,3.004813031404089,2.5603937082282093,2.8851352082577315,2.594214722671119,2.9738301812171324,3.2051954502218827,4.085317896020516,3.3295507957091144,2.9832498938811955,2.7255618526250776,3.08218389487767,2.9006522725132835,3.8357809194968766,3.9747893604624527,3.4437374162233216,2.715509297568687,2.9818171499946273,2.867723653486381,2.685137123300725,3.118808813346088,3.2441660262778353
FOODS_3_260_TX_3_validation,0.09503954030501542,0.42139333829311065,0.3093512637459415,0.3178176635706605,0.35991422846823473,0.48078056919389145,0.5269215691047765,0.5109212384898298,0.38742326042649816,0.47893018192145376,0.4050953443032481,0.5500767721498365,0.5435714078631351,0.6578871151469402,0.5892331718835951,0.5065486302207608,0.4393897797631314,0.5366589042149087,0.5015058563666078,0.6718464172468955,0.7179874171577818,0.6016899145005425,0.4469408078012171,0.5281925043901898,0.4478561795878504,0.5015058563666078,0.5947000162467905,0.5817363298682982
FOODS_3_261_TX_3_validation,1.243740591439163,1.061040620807206,1.069287071620879,1.0807924941394014,1.140792562268802,1.4467348480401534,1.5350574574035376,1.2148284535711098,1.0312737387500472,1.1863462714427628,1.0348418132882011,1.202733469841904,1.2075844998700016,1.2546451662718792,1.080647842520159,0.9791616290667391,0.8681332964758105,1.0289196779042094,0.9487656128312064,1.2384796797948259,1.3268022891582096,1.144030743788042,0.9601797284196562,1.077499589497374,0.9487280415592935,0.9973455244243699,1.191176115708334,1.5392111388251226
FOODS_3_262_TX_3_validation,0.3871426006754311,0.4324688910892215,0.4899378610959243,0.3787683894410122,0.5059833702645075,0.5780445922604259,0.6517373709300927,0.5648970848660302,0.4966512603635998,0.596161927211994,0.49560171950964976,0.5830448768534167,0.527802324662806,0.6818346674348983,0.5769519132941242,0.4789633937818235,0.4118045433241933,0.5006072679512523,0.4565213673669938,0.6297091634798003,0.6818346674348983,0.5892556084940661,0.43165926656222087,0.5129109631511938,0.4241082385241352,0.4688250625669357,0.5525627624796953,0.5455835801454146
FOODS_3_263_TX_3_validation,8.115287716196207,7.117341377370355,7.23815950530923,6.8397085903868176,6.820557769219854,9.068316603662337,9.02432155748534,7.921501363304825,7.193059619824473,7.868567647042567,7.032398444138532,8.307863792278594,9.367207981163556,10.34111888613774,9.450297800554656,8.017666148355865,6.993499791234032,7.744958681514565,7.97395170199387,10.00308389739858,10.901792927758754,8.898237449808745,6.965802985166298,7.589751732167649,7.317155849853437,7.137748632981625,8.639797724099266,8.919646412685447
FOODS_3_264_TX_3_validation,0.23189991091820028,0.26835320358903136,0.2723075980694678,0.2723075980694678,0.3054713102310841,0.42918488618926043,0.4813103901443582,0.4045615053715683,0.2869835120332028,0.36823520862217674,0.3595852788020553,0.49563385391268727,0.4815383155734813,0.6231139157286256,0.5306879042047983,0.4326993846924976,0.3655405342348678,0.4543432588619274,0.41025735827766835,0.5834451543904751,0.635570658345573,0.5306879042047983,0.3730915622729535,0.4543432588619274,0.3655405342348678,0.41025735827766835,0.49399505819042877,0.48701587585614775
FOODS_3_265_TX_3_validation,0.7983318550548457,0.9154921273263246,0.9146348222863253,0.9073066898257662,0.9632523051514028,1.1021163930784117,1.1387571633482918,1.0056109908076984,0.8629511388432715,0.8869608282870518,0.7899568218225509,0.8859735695224777,0.9406564371300182,1.1766257641047195,1.0102934113858701,0.7794096944796053,0.6640027742980503,0.771064469184531,0.6882492278794036,0.8488899389750162,0.9178361688680071,0.7925638998829765,0.656953825421218,0.738010213498625,0.5719303041400212,0.6832816418838286,0.7147228962028831,0.7017151003348538
FOODS_3_266_TX_3_validation,0.22614022676766088,0.2765923767477492,0.2723075980694678,0.2723075980694678,0.3054713102310841,0.42918488618926043,0.48409310605763345,0.41332872532905524,0.29723873693918434,0.37849043352815825,0.3595852788020553,0.49563385391268727,0.49399505819042877,0.6295861543013613,0.5306879042047983,0.4326993846924976,0.3655405342348678,0.4543432588619274,0.41025735827766835,0.5834451543904751,0.6295861543013613,0.5306879042047983,0.3730915622729535,0.4543432588619274,0.3655405342348678,0.41025735827766835,0.49399505819042877,0.48103137181193606
FOODS_3_267_TX_3_validation,0.8960776529723965,0.8598667988146673,0.8731407892630361,0.8846462117815582,0.9226047999478755,1.0184035253201218,1.106501314789834,1.1212501220326527,0.904272558922242,1.0058615648185807,0.9372885020906881,1.0595279282724053,1.0745625982745612,1.2646097700532009,1.0806658321994063,0.9469618860045959,0.7452887768111665,0.9002377735827739,0.7720415222618923,1.0049027977938534,1.0495268517876482,0.8843974263714527,0.6868634332877553,0.7642144710544523,0.6754117464273927,0.7240292292924703,0.8077669292052307,0.7992120385780135
FOODS_3_268_TX_3_validation,0.1340426690428961,0.3366844794546235,0.33239970077634207,0.33239970077634207,0.3655634129379584,0.483360195129832,0.5471644168111439,0.5028200401493933,0.38693065625306944,0.471751141748407,0.3858811153991188,0.5379552220330607,0.5388616994457607,0.6404241338434659,0.541525883746903,0.49118092362849697,0.42347967478453996,0.5019868182558213,0.4579009176715627,0.6310887137843693,0.6772297136952555,0.5783314635986931,0.4207351216668479,0.5019868182558213,0.41318409362876224,0.4579009176715627,0.5416386175843223,0.5409786264057719
FOODS_3_269_TX_3_validation,0.3297857379097145,0.36935194533212645,0.3620600296877361,0.3719231181744208,0.43519961789476846,0.5934743317045432,0.5977865236131764,0.5746106350373904,0.450387251274275,0.5498979181226689,0.4969812698142187,0.6512888151842704,0.6080312791897361,0.7901456787410672,0.6754398380804754,0.46652984379749746,0.41318409362876224,0.5019868182558213,0.4579009176715627,0.6310887137843693,0.6772297136952555,0.5783314635986931,0.4330388168667898,0.5142905134557627,0.42548778882870414,0.4702046128715046,0.5539423127842642,0.5409786264057719
FOODS_3_270_TX_3_validation,0.2913581890408336,0.31967808633841865,0.3236324808188551,0.33239970077634207,0.3655634129379584,0.4974103842693802,0.5367270075261201,0.4593649870959832,0.3714727991981106,0.4527244957870846,0.37042325834415996,0.5336137340537987,0.49399505819042877,0.6295861543013613,0.5306879042047983,0.4326993846924976,0.3655405342348678,0.4543432588619274,0.41025735827766835,0.5834451543904751,0.6295861543013613,0.5306879042047983,0.3730915622729535,0.4543432588619274,0.3655405342348678,0.41025735827766835,0.49399505819042877,0.48103137181193606
FOODS_3_271_TX_3_validation,0.04197455961002902,0.2765923767477492,0.2723075980694678,0.2723075980694678,0.3054713102310841,0.42918488618926043,0.4813103901443582,0.4045615053715683,0.27821629207571597,0.36823520862217674,0.3493300538960738,0.49563385391268727,0.4815383155734813,0.6231139157286256,0.5182311615878509,0.4326993846924976,0.3655405342348678,0.4543432588619274,0.41025735827766835,0.5834451543904751,0.635570658345573,0.5306879042047983,0.3730915622729535,0.4543432588619274,0.3655405342348678,0.41025735827766835,0.49399505819042877,0.48701587585614775
FOODS_3_272_TX_3_validation,0.4096234944562474,0.33530492915005455,0.33102015047177313,0.33963304134591715,0.37443908753937094,0.49428434002520516,0.5536356564657049,0.5616673830990621,0.3980078485654479,0.49751851541384323,0.39695830771149726,0.5488793669284338,0.5393484350561099,0.6844928241176184,0.6272536293707385,0.5129287430933782,0.42264252286629783,0.5114452474933564,0.4796630421090403,0.6405471430219049,0.7049763421769447,0.614778746018231,0.41935557136227897,0.5006072679512523,0.4241082385241352,0.4565213673669938,0.5525627624796953,0.5455835801454146
FOODS_3_273_TX_3_validation,0.5965999968650492,0.5933144149264201,0.5139728977680296,0.5616164571619238,0.5418511297664561,0.6760716357638029,0.6813293532982119,0.6148150335075271,0.5019327865773113,0.5251284929978672,0.4428272555549436,0.5788758306655747,0.5647802923263687,0.700371388437302,0.6410641344880894,0.5430756149757875,0.4759167645181587,0.5647194891452171,0.48104259241360925,0.6938213846737655,0.7399623845846518,0.6410641344880894,0.47563694998024886,0.5142905134557627,0.4650787849760542,0.5097956090188536,0.593533308931614,0.5805696225531217
FOODS_3_274_TX_3_validation,0.5698161335461595,0.7230350521825806,0.6673749292826149,0.6758413291073337,0.629506991161934,0.7446387225003303,0.7692426222532657,0.7354402971748545,0.6348548911279963,0.7361651276330915,0.6007749732974048,0.7857008293791587,0.7982234770686076,0.9433759340100167,0.8159963634599895,0.6648936788164205,0.584911179228618,0.6821803036803965,0.6687127138078384,0.8390532746881262,0.8771238496952405,0.7813312457821127,0.6157441595406815,0.6950900754756457,0.6142113522869783,0.6578747342657338,0.7709793501080473,0.7376342006968055
FOODS_3_275_TX_3_validation,1.2050565866789096,1.182289220432475,1.1823429560906344,1.26233895759806,1.2461215492354256,1.350370366741006,1.4671239696929497,1.2153267745489313,1.066490000046019,1.1767619966994793,1.1081889339715876,1.230428360153304,1.2981415237842748,1.5007194231466199,1.2247578561505545,1.0766887311270525,1.0046246324563999,0.9511808966056907,0.874728694160109,1.1311659761097588,1.1976964908649017,1.0295601435751383,0.8673074562671533,0.9593204826611926,0.8558557694067906,0.7987015770911957,1.0193117375219432,1.0536530240620943
FOODS_3_276_TX_3_validation,0.04197455961002902,0.2765923767477492,0.2723075980694678,0.2723075980694678,0.3054713102310841,0.42918488618926043,0.4813103901443582,0.4045615053715683,0.27821629207571597,0.36823520862217674,0.3493300538960738,0.49563385391268727,0.4815383155734813,0.6231139157286256,0.5182311615878509,0.4326993846924976,0.3655405342348678,0.4543432588619274,0.41025735827766835,0.5834451543904751,0.635570658345573,0.5306879042047983,0.3730915622729535,0.4543432588619274,0.3655405342348678,0.41025735827766835,0.49399505819042877,0.48701587585614775
FOODS_3_277_TX_3_validation,1.918102053002005,1.8497496967019573,1.914660465749959,1.926165888268481,2.1521758243339564,2.5165517178943877,2.8417276310014485,2.3992348216108024,1.9368530072255494,2.3532966526411587,2.0223531821762535,2.443892089286052,2.809424395389004,3.307402157895077,2.585760684612892,2.405525292737924,2.1241788699554323,2.251715231696123,2.0272097068581907,2.773184669596719,2.9594678795965432,2.343849456722794,1.9856446577673752,2.1305493672259215,1.9178751905328373,2.0627809237343078,2.3550270504952677,2.697937271494097
FOODS_3_278_TX_3_validation,2.214743411315665,2.311440478016047,1.99659140417033,2.082662761404483,2.0098856658507214,2.519918749415091,2.5907329943783135,2.249380551843692,1.967583095902346,2.091425547738815,2.013282473731174,2.3133990746461603,2.485266945365332,3.342768190263608,2.4024880228362258,2.2269238792801724,2.1331419583857345,2.2576659075745504,2.185768661807272,2.7364844727449062,3.140800718560325,2.468479223961349,2.11399135355639,2.2967042574164327,1.9009770424957735,2.22134207115812,2.52690905078654,2.6510463808906137
FOODS_3_279_TX_3_validation,0.08542237046236752,0.28743035628985375,0.28314557761157233,0.28314557761157233,0.31630928977318856,0.4400228657313649,0.486163865642251,0.42416670487115976,0.36422471125823797,0.43163129133899836,0.3595852788020553,0.49563385391268727,0.4815383155734813,0.6171294116844139,0.5182311615878509,0.4326993846924976,0.3655405342348678,0.4543432588619274,0.41025735827766835,0.5834451543904751,0.6295861543013613,0.5306879042047983,0.3730915622729535,0.4543432588619274,0.3655405342348678,0.41025735827766835,0.49399505819042877,0.48103137181193606
FOODS_3_280_TX_3_validation,0.26632914288850945,0.30288821334481236,0.3073706546240179,0.3172337431107025,0.3664600536915019,0.5159675475437895,0.5176824654180074,0.5028200401493933,0.38693065625306944,0.49889806571841216,0.3983378580160662,0.5379552220330607,0.5388616994457607,0.6610937958697379,0.5783314635986931,0.48034294408639244,0.41318409362876224,0.5019868182558213,0.4579009176715627,0.6310887137843693,0.6832142177394672,0.5783314635986931,0.4207351216668479,0.5019868182558213,0.41318409362876224,0.4702046128715046,0.5539423127842642,0.5469631304499836
FOODS_3_281_TX_3_validation,5.636070540608651,5.160525491114949,5.103530121090061,5.199144163390269,5.569658492064823,7.066939540018797,6.945161667312373,5.96779621046785,5.343799977037179,6.031825153752671,5.391454164722315,6.40772376102238,7.693943443668497,8.403675438172622,6.639730298345313,5.809065376096593,5.195863885134989,5.719160816997029,6.189315056695681,7.090092152533508,7.286790612927175,6.230931825200508,5.166104541344004,5.627889466441022,5.165666336736346,5.840303578414118,6.675773794015607,6.604880622821202
FOODS_3_282_TX_3_validation,11.241574945445231,9.943407432184197,9.109436268392388,8.943580090690011,10.702176458156213,11.81440061063589,13.346740239841848,11.782209599297552,9.863403022509866,10.443536950807152,9.306968374802018,11.243166741825263,11.884987076028478,13.550885493067124,13.448084721030947,11.347626101641074,9.536720537836985,10.853809950247376,10.984275284360349,12.81754700280562,14.496631648520854,13.122607778160882,10.36320122983364,10.350254156454612,9.404082371158553,10.159301777477479,11.170219047033767,10.984988639585715
FOODS_3_283_TX_3_validation,0.4627113312741759,0.4564073614997139,0.5551096616856029,0.5649727501722875,0.6515873952409995,0.8001872141694363,0.5897169235334823,0.5627672947432298,0.4593346534638531,0.558845320312247,0.45828511260990246,0.597902476626897,0.588371544754573,0.7275314297718698,0.6286331796753074,0.5466444038821511,0.4759167645181587,0.568424839455927,0.48104259241360925,0.6542303885264157,0.700371388437302,0.6014731383407396,0.44387679640889427,0.5142905134557627,0.4650787849760542,0.5097956090188536,0.6039707182166378,0.5409786264057719
FOODS_3_284_TX_3_validation,0.04197455961002902,0.2765923767477492,0.2723075980694678,0.2723075980694678,0.3054713102310841,0.42918488618926043,0.47532588610014653,0.4045615053715683,0.27821629207571597,0.36823520862217674,0.3493300538960738,0.49563385391268727,0.4815383155734813,0.6171294116844139,0.5182311615878509,0.4326993846924976,0.3655405342348678,0.4543432588619274,0.41025735827766835,0.5834451543904751,0.6295861543013613,0.5306879042047983,0.3730915622729535,0.4543432588619274,0.3655405342348678,0.41025735827766835,0.49399505819042877,0.48103137181193606
FOODS_3_285_TX_3_validation,1.103029941210905,1.0826815404242223,1.029726776983051,0.9962269970884912,1.0861041727622993,1.3046082200310827,1.3624032746553574,1.119385587445385,0.8365457008805277,1.0473538024789062,0.9726128394642538,1.1722006841733494,1.2101510440185868,1.3842747938828788,1.179075348061022,1.0784658959352091,1.0083966754328233,0.8470852283426444,0.9271016033190284,1.1802803602553669,1.2747456686036898,1.022880241657807,0.884525782142688,0.9313069249392517,0.8363086115095683,0.9663007803487276,1.0594174506527185,1.0281714097901344
FOODS_3_286_TX_3_validation,0.34408800082226326,0.3806470712785664,0.4496214638037913,0.4381160412852692,0.42985613640832376,0.5159675475437895,0.5502614832212223,0.5021229396231609,0.3839295418150581,0.46518123840403214,0.38288000096110747,0.5189285760717384,0.5048330377325324,0.635570658345573,0.5306879042047983,0.4326993846924976,0.3655405342348678,0.4543432588619274,0.41025735827766835,0.5834451543904751,0.635570658345573,0.5306879042047983,0.3730915622729535,0.4666469540618695,0.37784422943480983,0.4225610534776103,0.5062987533903699,0.49931957105608954
FOODS_3_287_TX_3_validation,0.44100522765530453,0.44266360369081925,0.496683745574536,0.4490401861806424,0.3617137365869888,0.4817120364898282,0.6044594356471499,0.5262009276617138,0.4103115437653899,0.5098222106137837,0.40926200291143927,0.5488793669284338,0.5789394312034598,0.7321363835115126,0.6272536293707385,0.5452648535775821,0.47453721421358974,0.5633399388406481,0.5192540382563892,0.6924418343691966,0.7592524963063549,0.6000935880361706,0.44249724610432534,0.5129109631511938,0.4235658401378084,0.4688250625669357,0.5525627624796953,0.5455835801454146
FOODS_3_288_TX_3_validation,6.488674967703974,5.484565207120998,5.66899144164854,5.743676105438135,5.82069555086153,6.935646340665951,7.700145874305159,7.003615742457802,5.566506627664776,6.1946051493107674,5.806610651362428,6.734590808169765,7.354234723761039,8.133114967701852,7.504289323606065,6.389231352810817,5.9316624005243135,6.189909993028676,6.069352114947166,7.8782657428131895,8.046378006932299,7.379754419807803,5.461820019140103,5.9323517533825045,5.497249559483315,5.895090943596643,6.941392039607793,6.941382659920606
FOODS_3_289_TX_3_validation,0.5256792909997318,0.46442509536709614,0.42950315041112525,0.4239083818428512,0.5207782518175436,0.6077879958137193,0.6962784064359464,0.5268723471150834,0.419116358592005,0.5003680551809788,0.4180668177380544,0.5665721354656328,0.5524765971264268,0.6880676932373601,0.5891694431407977,0.49118092362849697,0.42402207317086676,0.5251284929978672,0.48104259241360925,0.6542303885264157,0.700371388437302,0.6014731383407396,0.44387679640889427,0.5142905134557627,0.42548778882870414,0.4702046128715046,0.593533308931614,0.5910070318381455
FOODS_3_290_TX_3_validation,2.8141243398795095,2.6534799027556963,2.7040363719672946,2.645538611312322,2.748505564862677,3.463166422620593,3.669628027581375,3.464719771390201,2.813977237465823,2.9234797599449522,2.7301750348834277,3.2106187742571235,3.386185746680624,4.261014714585887,3.5053480160565713,3.095158795748438,2.883973306424465,3.075584392729898,3.1445367583933024,3.752700804666576,4.100283195963621,3.495891568732667,2.8234666675468,3.2016981832342597,2.7738985626894626,2.9645699573349917,3.411182651157302,3.467568447140372
FOODS_3_291_TX_3_validation,1.8535503218161886,1.7497638966353146,1.8186378099454124,1.8186378099454124,1.945071567431634,2.3723324373581254,2.478279759485637,2.08760982242652,1.8510606256962272,2.1519992783495825,2.0736596318545844,2.3468127208392016,2.4381601997087357,2.8022917740431494,2.507509407230919,2.1276500412287054,1.9967567327699203,1.9134061999006586,1.9582720400215978,2.4948678505935975,3.0409999355485637,2.2600588004133044,1.8992250585820158,2.070596590298059,1.9180026517091613,1.9870744736732244,2.387233177036793,2.38095491345847
FOODS_3_292_TX_3_validation,4.335160131356876,3.8977614402248553,4.0337760447911295,3.882760218012056,3.9461643793714947,4.7524894350467495,5.448365377378306,4.170860650192023,3.6325851603087274,3.9601951662175914,3.7585847713789637,4.020839781527652,4.529949738354427,5.2086883140024405,4.274738117279553,3.718724192616946,3.341808826038989,3.712200290714613,3.6143263321157506,4.57271638768533,5.004739418085738,4.476523125976834,3.3484815015992675,3.8198354594280426,3.539203837930028,3.6104311464048413,4.273125660351622,4.341911457058188
FOODS_3_293_TX_3_validation,0.738985866918796,0.5361208635470182,0.5318360848687368,0.5859076093950245,0.6530847679376491,0.7889754947157122,0.8801680819733618,0.6703632892931646,0.5358846806240666,0.5725084498310616,0.47773311083261644,0.6359413150249452,0.6117202017995638,0.7246869857934407,0.631019665828423,0.5372014461428174,0.45178362542576744,0.558845320312247,0.4965004494685679,0.696080611214041,0.74944742361033,0.6682241758226573,0.49892564961120295,0.5682882780515807,0.4759167645181587,0.5206335885609581,0.6365854396357912,0.6652224797925723
FOODS_3_294_TX_3_validation,0.07458439092026299,0.2765923767477492,0.2723075980694678,0.2723075980694678,0.3054713102310841,0.42918488618926043,0.47532588610014653,0.4045615053715683,0.27821629207571597,0.36823520862217674,0.3493300538960738,0.49563385391268727,0.4815383155734813,0.6171294116844139,0.5182311615878509,0.4326993846924976,0.3655405342348678,0.4543432588619274,0.41025735827766835,0.5834451543904751,0.6295861543013613,0.5306879042047983,0.3730915622729535,0.4543432588619274,0.3655405342348678,0.41025735827766835,0.49399505819042877,0.48103137181193606
FOODS_3_295_TX_3_validation,7.031838998631472,5.682616493436961,5.866639287829774,5.89698486935582,6.342534024336559,7.980980951440123,9.413556721009293,7.733629638800898,6.605461596108458,6.692371441560517,5.520132795654944,7.343449941294124,7.926743574464836,9.954034290048034,8.233383703301094,6.381548682938231,6.101875281974427,7.0303542340784295,6.293829529308021,8.63851853275085,10.866966809339843,8.29492762852162,6.294405557984729,6.751251433115692,5.969095961839048,6.5433932862565785,7.53825724706359,9.370797901855084
FOODS_3_296_TX_3_validation,0.8234142665758435,0.6903496964708206,0.6860649177925392,0.6617055397545155,0.7582653346329532,1.0496407951493214,1.1800879953303736,1.02529238025059,0.9285472123521136,1.0061282946824321,0.9212042837575887,1.1601012965138933,1.1974860323143361,1.382373119759373,1.1503963251550648,1.0550036282876611,0.8347887846627147,1.0600031878375087,0.86829929661305,1.1639559301507576,1.6056984795360383,0.9544379782507801,0.6538011129302115,0.7311521506969084,0.6423494260698488,0.6909669089349264,0.8077669292052307,0.8244645317478043
FOODS_3_297_TX_3_validation,0.6466489639845195,0.6183434610787442,0.5232198032077527,0.4980632958791049,0.44215983160826566,0.5816744862881649,0.641738357150862,0.5752240373601772,0.49892564961120295,0.5984363164595968,0.4978761087572525,0.6521786307563072,0.5647802923263687,0.700371388437302,0.6410641344880894,0.5430756149757875,0.4759167645181587,0.5647194891452171,0.5310709978459819,0.682983405131661,0.7291244050425473,0.6302261549459849,0.47262981301413987,0.5538815096031126,0.4650787849760542,0.4702046128715046,0.593533308931614,0.5805696225531217
FOODS_3_298_TX_3_validation,0.08404282015779861,0.2860508059852848,0.2817660273070034,0.2817660273070034,0.31492973946861963,0.44741053538428294,0.49953603933938057,0.42278715456659083,0.37310038585965066,0.44050696594041094,0.3582057284974864,0.49425430360811834,0.4801587652689124,0.6341911080410041,0.5293083539002293,0.43131983438792865,0.3641609839302989,0.45296370855735846,0.4088778079730994,0.5820656040859061,0.6341911080410041,0.5293083539002293,0.37171201196838455,0.45296370855735846,0.3641609839302989,0.4088778079730994,0.49261550788585984,0.4856363255515788
FOODS_3_299_TX_3_validation,1.0011576382572664,1.0726107614530724,1.088406445930768,1.0442561085566229,1.128079540940278,1.257124706390063,1.3624032746553574,1.119385587445385,0.993226270810487,1.1422855681682322,1.0284819072390061,1.235117616372358,1.288298910860815,1.4995368044152342,1.3221122145780726,1.2266154698626428,1.0789138902544477,1.177751930414598,1.146324822362784,1.4227384458062182,1.621392773562726,1.3144462795323852,1.046951050323336,1.0766709723041934,1.042707575710317,1.1098133287316216,1.3015478075925935,1.209225328904813
FOODS_3_300_TX_3_validation,3.1599688407550297,2.732438563009184,2.7575375212427002,2.7471166618420417,3.0759340268062627,3.4683069655072116,3.5354567744819225,3.194905082933763,2.523713565700346,3.056081426899511,2.6802525588759045,3.071396285135083,3.6154652986213347,3.870138560174383,3.346564688099441,3.0027472402200113,2.615065891368495,2.964938536384946,2.880226396679591,3.8516731123511554,3.785696576655147,3.398843464875254,2.7712220384271453,2.824436433934982,2.655778117942133,2.8305285772562625,3.412339616969056,3.152414240629859
FOODS_3_301_TX_3_validation,0.8281939230576363,0.8867274823067675,0.8752757954464048,0.8752757954464048,0.8700718200742991,1.0224816617692989,1.0078234066766687,0.9492388476437984,0.8134789406189048,0.9118153867077768,0.805521603976568,0.9854396612204988,1.163800645613522,1.0367492419703654,0.9321466350116075,0.7134089353497558,0.6423494260698488,0.7123185957178272,0.7348672088345748,0.9080550049473822,0.9745855197025249,0.8552977547617061,0.7229539059996505,0.7750524505965568,0.6857073275831705,0.6612953744137406,0.7554704836115249,0.6957305962906422
FOODS_3_302_TX_3_validation,2.509436153634781,2.4927153967323536,2.1192874168363174,2.067772387083706,2.202149336212722,2.482865454624032,2.8923946458690226,2.502567395103281,2.263860068527193,2.440249451336403,2.0630255738618715,2.344462820405831,2.592476816359971,3.000536657208003,2.5524910996756973,2.424095447172234,2.2561298186606615,2.439039645780306,2.2151314425571136,3.0105610177703217,3.138070789290086,2.6407892860758744,2.1455120510119854,2.25298935820851,2.061893074253414,2.221861481357577,2.5795455820990614,2.769176679979401
FOODS_3_303_TX_3_validation,0.46707356058027594,0.49504834066993253,0.4402663220800831,0.4386239880482457,0.4734300342416996,0.6032503905950679,0.7285950637868052,0.6961611268242293,0.5696714008139935,0.7084440832487189,0.6008360111221154,0.7551435564921685,0.8421766784434607,0.9492530358920406,0.8571231301831652,0.5468179619969201,0.5355830576127193,0.6426447524992,0.5842005404777969,0.7837807022232709,0.8791153011803956,0.678335249807865,0.5207389078760187,0.5980899456427157,0.509287221015656,0.5579047038807337,0.6416424037934941,0.5805696225531217
FOODS_3_304_TX_3_validation,1.0188286708805014,0.946536038013757,0.9062392331407454,0.9062392331407454,0.9568051802256639,1.0594574885037626,1.1850409722029172,0.9731690564357545,0.8607115281321049,0.9093907297568706,0.8557613284558773,0.8797235189701967,0.976346339584833,1.1366881129528692,0.9824331977047196,0.8601411568649803,0.7708226773256522,0.8590508172330517,0.8006066052116486,1.022093227718469,1.101834059003226,0.7964847050487424,0.700708549795969,0.7014806161757227,0.612677891548663,0.6612953744137406,0.7450330743265011,0.7017151003348538
FOODS_3_305_TX_3_validation,1.3374775369066594,1.15737115898396,1.12961504498569,1.2496999018813548,1.2205513102901624,1.5160794190220401,1.5679787939294714,1.257333871048668,1.0581195021754957,1.160649623406003,1.0317952422580323,1.2046654350777029,1.24546303015546,1.4414947059783114,1.1223445016820612,0.9968394419512125,0.8737844492927263,1.0058615648185807,0.932755364169835,1.212016222845788,1.2795859019594937,1.0853813441588416,0.8549008679606868,0.9808325186662566,0.7177140833514439,0.8962438705386736,1.0381470910033488,1.1522386509309939
FOODS_3_306_TX_3_validation,3.624638544670434,3.161055353287083,2.8370805754288972,2.8079789279402423,2.9689102369565132,3.385442799555806,3.651608343593426,3.226232937290612,2.7852198781015853,3.1122059508804463,2.8940653393492513,3.3675367217941803,3.5075809950159846,4.107175258291082,3.6343022674337657,3.3158426000183523,2.864554180812941,3.351451268995351,3.120229085350912,4.116940634265508,4.64627720753282,4.07087162447725,3.3039868541216526,3.3839072431785127,3.043836435636317,3.3266109588936024,3.7331272053490956,3.810767110571825
FOODS_3_307_TX_3_validation,2.723523254298509,2.575240570176514,2.402164693544539,2.3514238646353287,2.4541947166641123,2.983388231170217,3.3582796926108394,2.743732122075442,2.413094285262145,2.6665050967016004,2.5542431113255146,2.8522911495919967,3.2794019618942767,3.842927488587809,3.1473954363923875,2.767558302921522,2.477020681214231,2.836585883013371,2.6445814761995665,3.371308965989837,3.837378546171493,3.218622254937215,2.8159731879700356,2.7417426852417197,2.4582642130061205,2.4936454172791613,3.073601240161588,2.9660564146695285
FOODS_3_308_TX_3_validation,0.9763224369443513,0.9216875519135567,0.9217412875717161,0.9406147427757847,1.0831231742908636,1.2769537655748273,1.2435958334747428,1.0283257180734888,0.863718665098214,0.9466252197095957,0.8557613284558773,1.035679385699807,0.995392329661489,1.1619406061226596,0.9824331977047196,0.8761174348877176,0.8035431362212748,0.8246113267918285,0.7957254034338004,1.0245576083704122,1.042414135659934,0.8805502479314967,0.7229539059996505,0.8003049437663474,0.7019785289925781,0.7928401608999883,0.8653632924213922,0.8408864450770398
FOODS_3_309_TX_3_validation,0.5967676235366499,0.4889505959990586,0.44825674424857614,0.48626612909618305,0.5184414385981474,0.5881289493713595,0.5861608544203657,0.5268723471150834,0.419116358592005,0.5128247977979253,0.4305235603550018,0.5665721354656328,0.5524765971264268,0.700371388437302,0.5783314635986931,0.4926466392863344,0.42548778882870414,0.5142905134557627,0.4702046128715046,0.6433924089843112,0.7291244050425473,0.6302261549459849,0.47262981301413987,0.5538815096031126,0.4650787849760542,0.5097956090188536,0.593533308931614,0.5805696225531217
FOODS_3_310_TX_3_validation,0.9230248379306244,0.9031612248806573,0.9176441283984931,0.7835853450856408,0.8991245540913649,0.8932284211089285,1.0707256614353369,0.8830719404746205,0.7516085640404865,0.9119473051136014,0.8200769442534414,1.0196879583172556,1.001611035548251,1.2089087007648098,0.9287987808337972,0.7895630382318293,0.7204984071201895,0.7989339765928868,0.7854663867203286,0.9690461219865496,1.119014804551512,0.868271962376359,0.7002836812910992,0.7796295972260634,0.6992932724237226,0.7746284071782241,0.8687580462443981,0.9639550931998498
FOODS_3_311_TX_3_validation,0.762056096703737,0.7014419037266453,0.6267453580575267,0.6073542319577984,0.6237635748926061,0.6433218629729647,0.7607670098523506,0.732444643664571,0.607285078753588,0.6998879498135968,0.5993277421112512,0.732506900151257,0.7387147188881682,0.9076435947545012,0.7936665351619601,0.6947995059395583,0.5677972087747919,0.6601687223082151,0.6164146916398695,0.8081423515663745,0.8621363484878367,0.6739906518899353,0.5529530590380913,0.6303040968047883,0.5415013721777286,0.5579047038807337,0.6416424037934941,0.5805696225531217
FOODS_3_312_TX_3_validation,0.49706174612386433,0.44934406585211484,0.43416360674883264,0.43416360674883264,0.4620418387472593,0.5524765971264268,0.610921292237255,0.5039892255380786,0.396233237015,0.4774849336039741,0.39518369616104937,0.5312322712716802,0.5171367329324745,0.6527278290434078,0.5429915994047405,0.4926466392863344,0.42548778882870414,0.5142905134557627,0.4702046128715046,0.6433924089843112,0.6895334088951974,0.590635158798635,0.4330388168667898,0.5142905134557627,0.42548778882870414,0.4702046128715046,0.5539423127842642,0.5409786264057719
FOODS_3_313_TX_3_validation,9.208308483442218,8.091901426991726,7.921221972190392,8.132478698270386,9.74937042980559,11.953773721653455,12.70676107756253,10.517961588204274,8.99758217188251,10.113945658733572,8.641699385995976,10.887987942824811,10.905910396936044,12.53697853798935,11.54717811235795,10.748798291797492,9.351308610277108,9.959754772030479,9.228522659775368,10.852181900801583,12.17036072676868,10.561649699135332,9.110047819296067,9.373197719376149,8.507227017853326,9.219933032815353,10.39760631225054,10.870171004910345
FOODS_3_314_TX_3_validation,0.30147430353059057,0.3379275962014212,0.27164015509305023,0.2723075980694678,0.3054713102310841,0.42918488618926043,0.48409310605763345,0.41332872532905524,0.35037959475002445,0.4418865162449799,0.3595852788020553,0.49563385391268727,0.4815383155734813,0.6295861543013613,0.5306879042047983,0.4326993846924976,0.3655405342348678,0.4543432588619274,0.41025735827766835,0.5834451543904751,0.6295861543013613,0.5306879042047983,0.3730915622729535,0.4543432588619274,0.3655405342348678,0.41025735827766835,0.49399505819042877,0.48103137181193606
FOODS_3_315_TX_3_validation,0.09057750573957857,0.41693130372767384,0.4126465250493924,0.31335562900522357,0.3554521939027979,0.47631853462845464,0.5224595345393395,0.49769198396690706,0.38296122586106124,0.4642129224500352,0.4006333097378111,0.5456147375843997,0.5286719640126744,0.6642630601236079,0.5479655574663678,0.512924575197428,0.44576572473979903,0.5430348491915764,0.5078818013432754,0.6782223622235632,0.7243633621344495,0.6080658594772103,0.4533167527778847,0.5345684493668575,0.454232124564518,0.5078818013432754,0.6010759612234582,0.5881122748449659
FOODS_3_316_TX_3_validation,0.44924033063961055,0.4867324003400276,0.47550437577318205,0.4239083818428512,0.45628215459671984,0.49237629511558595,0.5442769791770106,0.4896661970062139,0.3714727991981106,0.4527244957870846,0.38288000096110747,0.5189285760717384,0.5048330377325324,0.6295861543013613,0.5306879042047983,0.4326993846924976,0.3655405342348678,0.4543432588619274,0.41025735827766835,0.595748849590417,0.6418898495013032,0.5429915994047405,0.3853952574728955,0.4666469540618695,0.37784422943480983,0.4225610534776103,0.5062987533903699,0.4933350670118781
FOODS_3_317_TX_3_validation,1.065939057690096,0.8696798441299447,0.9140999606929802,1.0154884690031676,1.0850747037618496,1.067794833802188,1.4441836150873621,0.9617585261774034,0.8118768048545579,0.9064745540828341,0.8143807462052073,0.9993066022869612,1.001647554169186,1.5621002555604107,1.1438920081354573,0.9362952597470537,0.848971658375993,0.9644997530871925,0.9327731929552133,1.1955070385516997,1.652601938270549,1.0608383350332358,0.8179415638608054,0.913263757818507,0.8496716138890515,0.9354441579285768,1.0860196274181353,1.2011802439096728
FOODS_3_318_TX_3_validation,9.503177578162214,8.461389764647263,9.039318073898336,8.788301853489823,9.86173816110885,11.381163840575486,11.445475484023525,10.094671195955444,9.28455769372891,9.936497799806197,8.836288276080033,10.839823121981588,11.983314061473127,12.376089215573828,10.284792633750806,9.872287519746148,9.167484242685015,10.170121163124906,10.61149095665341,12.978624507986499,12.934208117476985,10.730240577434946,8.732801573155232,10.16075731374701,9.23713450867446,10.775940169159535,11.428229692997036,10.910114673282184
FOODS_3_319_TX_3_validation,0.08913492920613213,0.5871073497245856,0.5828225710463042,0.5828225710463042,0.5256282398997096,0.5657092664635079,1.0883488890475599,0.6226133479986585,0.5339852904112726,0.6220984263037243,0.5482635886855185,0.7047195409329444,0.701015941747152,1.2497095778144285,0.7113678374212173,0.6154441213724493,0.5463794902608096,0.643648614712588,0.6301810248400299,0.8029227805641463,1.274470015631318,0.7361282752381066,0.5573020146107424,0.6762389266930564,0.5959026018907156,0.6712377366452171,0.7653673757113911,0.9403565657998437
FOODS_3_320_TX_3_validation,0.5050209629768024,0.516837375492139,0.5224156853005423,0.619905465747768,0.6001401383523003,0.7566394434171245,0.7707501759583274,0.6441133880599319,0.5696714008139935,0.6762299320866463,0.4867450694846295,0.6146812303275129,0.6005856919883069,0.6880676932373601,0.5891694431407977,0.48034294408639244,0.42548778882870414,0.5142905134557627,0.4702046128715046,0.6433924089843112,0.6895334088951974,0.590635158798635,0.4330388168667898,0.5142905134557627,0.4650787849760542,0.5097956090188536,0.593533308931614,0.5805696225531217
FOODS_3_321_TX_3_validation,6.158038930781243,5.354153010690416,5.225784761583691,5.099901825636764,5.58521242276275,7.130994551558516,7.210186563718052,5.728257766554503,5.163727785565645,5.727697099114157,5.2120635832651665,6.188367926931977,6.7648243538714325,7.033955885023361,6.187283325443969,6.016823515334843,5.493081038161116,5.698126408308998,5.653506226629595,7.403214237944283,7.17084177367139,6.316592578880483,5.288721124463281,5.800959125708688,5.180374863749288,5.625999468425079,7.140803916874349,7.365140496680828
FOODS_3_322_TX_3_validation,1.3943932439279894,1.0938263541119888,1.025608445092399,1.1789738362840492,1.2889939099125596,1.464046379774049,1.6731215363477643,1.3292731782618525,1.1231379475259644,1.2404578086036824,1.0989785584451919,1.3025712187532246,1.3585997484742012,1.6693026690353658,1.519500346347509,1.2511895838466183,1.184235380127587,1.2111593472903297,1.157480001008651,1.4327592266484466,1.5319368589850497,1.256194347582409,1.009188995973069,1.1194609926265295,0.9977373091127064,1.066920569050182,1.0792781102339966,1.4549213675606243
FOODS_3_323_TX_3_validation,0.10901362289057186,0.28743035628985375,0.2826031792252456,0.28314557761157233,0.3054713102310841,0.42918488618926043,0.48409310605763345,0.41332872532905524,0.29723873693918434,0.37849043352815825,0.3595852788020553,0.49563385391268727,0.4815383155734813,0.6295861543013613,0.5306879042047983,0.4326993846924976,0.3655405342348678,0.4543432588619274,0.41025735827766835,0.5834451543904751,0.6295861543013613,0.5306879042047983,0.3730915622729535,0.4543432588619274,0.3655405342348678,0.41025735827766835,0.49399505819042877,0.48103137181193606
FOODS_3_324_TX_3_validation,4.253017721939663,3.913764677327272,3.6576429916670614,3.812857245903338,3.660594501149484,4.560031618167653,4.919424983802963,4.241125177806232,3.4364820171227963,3.8114988923234296,3.7058388951017323,4.061707934239855,4.6104907036587,5.305779741726508,4.776975323066635,4.307747350277489,3.7941276784455633,4.678030544784367,4.165841216060443,4.970694652523319,5.403565073176884,4.520446504439595,3.6935695634065677,3.875573212614465,3.7949579957533963,3.5705140557565342,4.416289234134076,4.604403452802403
FOODS_3_325_TX_3_validation,0.4278699977590304,0.41678153597320183,0.29860343466653094,0.29860343466653094,0.3317671468281473,0.46361411815956916,0.5169809305558566,0.5023868200586975,0.3766754313470879,0.4761860981954829,0.3858811153991188,0.5401886607691707,0.5159675475437895,0.6770434263995465,0.5833761064345288,0.5248977509428755,0.4394799302258255,0.5465416251123051,0.484196754268626,0.6690867346610416,0.7152277345719279,0.6286331796753074,0.3401562280335178,0.5019868182558213,0.41318409362876224,0.4579009176715627,0.5539423127842642,0.5409786264057719
FOODS_3_326_TX_3_validation,0.5155909484576143,0.37068761527333255,0.36640283659505113,0.3847323249064546,0.5324506872767766,0.6221083719145045,0.694209825154398,0.5391726529912597,0.4819074590945953,0.5631591556835681,0.48932431806536364,0.666542165850633,0.6495993922789074,0.7692670664754927,0.6491133084108682,0.5539720241310859,0.48681317367345706,0.5840822981252344,0.5914500320836322,0.7282115089368498,0.7584290869333882,0.6505790240687056,0.49582991736938,0.5770816139583529,0.4967452891560129,0.5701746432565038,0.6906561040840946,0.6654386767552583
FOODS_3_327_TX_3_validation,1.967878803695259,2.3824353753122027,2.188759593003399,2.228681231723548,2.2224942360696422,2.6238197687024876,2.8667801553519716,2.6912918679549436,2.3032601092732463,2.631760082152023,2.234405761133496,2.63202158499486,2.826419994989786,3.738190517136381,2.810598700476204,2.5946568921622886,2.2558928892556556,2.3149558729693203,2.2698730806701866,2.8181771936277333,3.1976347103388036,2.5865620029734857,1.9942438180991178,2.284810424607389,1.871583435942908,2.122351769854126,2.471775836980455,2.5142815419721054
FOODS_3_328_TX_3_validation,0.23189991091820028,0.26835320358903136,0.2723075980694678,0.2723075980694678,0.3054713102310841,0.43795210614674734,0.48409310605763345,0.404994725462264,0.29723873693918434,0.37849043352815825,0.3595852788020553,0.49563385391268727,0.49399505819042877,0.6295861543013613,0.5306879042047983,0.4326993846924976,0.3655405342348678,0.4543432588619274,0.41025735827766835,0.5834451543904751,0.6295861543013613,0.5306879042047983,0.3730915622729535,0.4543432588619274,0.3655405342348678,0.41025735827766835,0.49399505819042877,0.48103137181193606
FOODS_3_329_TX_3_validation,8.875051393775777,7.698231293330779,7.620451684263853,7.229431504389161,7.665304336671203,9.80826708936911,9.884551159442886,8.50467490002208,7.900174604545882,8.21192667111996,7.513493259257349,8.847859914435219,9.80818296363394,10.892377997135458,9.722559877167324,8.663347219663896,7.671312207040915,8.537451925995775,8.255036794236439,10.319372220868114,10.809813910086586,10.2374417579814,7.644193043201464,8.589518428405324,7.5895737282528355,8.266128422902979,9.57677705516876,9.89396546879843
FOODS_3_330_TX_3_validation,1.3897605166401934,1.2009316928811418,1.274366966217508,1.297885563147202,1.350968459671837,1.6335688863769786,1.9698637994083732,1.5045249473552778,1.102846181302718,1.4737735373262897,1.2999456369182174,1.5191616586423682,1.6499732063288863,2.2879047728757995,1.466390416529601,1.3040669853017182,1.2336714026767581,1.3474815099073298,1.057068834634152,1.4139590411387446,1.5191211775195592,1.2795314604146382,1.0585477872714282,1.1688197839248886,1.0626998042247096,1.1157827007493446,1.2873344929658312,1.5472394726355398
FOODS_3_331_TX_3_validation,2.112473811728009,1.9177634652514453,1.9474038536557252,2.012188033854618,2.1869611763148513,2.7151727809323667,2.8469596696904667,2.306712403358047,2.0404738034206957,2.3033515826374904,1.9602202143630238,2.1997522923692348,2.376230091097695,2.66482722330848,2.4050261520202803,1.892879097052204,1.881454316369325,2.0916159163677914,2.0430721255696898,2.5629650154875145,2.718431204506864,2.4184081262179014,1.992117977895792,2.1591712277037236,2.058979815987463,2.1548967510172754,2.5834301751147204,2.8412926305562465
FOODS_3_332_TX_3_validation,2.8137597297873795,2.4901886346666235,2.2183569609808766,2.451437140245537,2.491341578770563,2.843534120035122,3.2866027337123094,3.002462739236128,2.5328769872260697,2.9556077917944297,2.3183882856746556,2.6873554878893833,3.1629016858553407,3.859399007719242,3.017493597638437,2.8888941215768154,2.3495680920702746,2.549193237642225,2.6148104083800194,3.1697863687161996,3.390378558918622,2.6910288722187214,2.2158854063004982,2.4545341894718935,2.255222257105208,2.442541516680431,2.737042580360232,2.9169977402645086
FOODS_3_333_TX_3_validation,4.757546716843505,4.166045006916499,4.385999945222071,4.226093819051817,4.9898407508790585,6.168030518698956,7.070904314446236,6.804508252160697,5.865226063124403,6.550330120355648,6.096983027264773,7.154719712519765,7.547184050236088,8.112370155723251,7.009294447750216,5.911470499717153,5.595186060164723,5.808866621173797,5.709173946133122,7.9324154773232,8.408553503619881,6.7588912271546,5.1618488462977385,5.5527401095897355,4.918820069766815,5.080024286978676,6.437783805079799,6.1619834829079005
FOODS_3_334_TX_3_validation,0.8726679260877188,0.7568054766561386,0.7864170038034193,0.7611667362372171,0.7103002186233673,0.8079309980599126,0.9252570066371874,0.7735646126986507,0.675454461158413,0.7303168817758893,0.6297566740735436,0.7879648782658737,0.7637437650404922,0.9452091587405058,0.8186955813142841,0.6875446202764126,0.5982261407370846,0.7680216905022947,0.7452673809357063,0.9091526168553686,0.8711040774151536,0.7665014704563952,0.5942199705424885,0.6752763586198954,0.5713879057536946,0.6205477870050988,0.7042854869178593,0.6831940784569616
FOODS_3_335_TX_3_validation,0.5215360902016826,0.4993172300061046,0.4441226425741249,0.34226278926302667,0.4689353717001962,0.5409965936961136,0.5750940440906178,0.5028200401493933,0.38693065625306944,0.49889806571841216,0.4106415532160082,0.5526454033861182,0.5407279853606788,0.7018038642164358,0.6433233610283648,0.4715095177701502,0.41318409362876224,0.5019868182558213,0.4579009176715627,0.6310887137843693,0.6895334088951974,0.590635158798635,0.4330388168667898,0.5142905134557627,0.42548778882870414,0.4702046128715046,0.5539423127842642,0.5409786264057719
FOODS_3_336_TX_3_validation,1.0302091822029549,0.9413732536282203,0.9021117171114281,0.8176683251204753,0.9339216072957762,1.1595118618632725,1.0153940011923814,0.8647750748568926,0.7327155650063754,0.8094920180534121,0.7716656652297964,0.9298738694221265,0.9309052493665357,1.1209524211451751,0.9858570656403276,0.8572838799086364,0.7847095812421935,0.9064332647560168,0.8207544495861245,1.022093227718469,1.104431333037641,0.9948119642944117,0.7991684050686653,0.8057777718127471,0.7115022191392878,0.7614339913997601,0.9584542918172149,0.8349019410328281
FOODS_3_337_TX_3_validation,0.2913581890408336,0.3366844794546235,0.33239970077634207,0.34226278926302667,0.415976698268398,0.5300177366833377,0.5176824654180074,0.5028200401493933,0.38993779321917843,0.471751141748407,0.3858811153991188,0.5379552220330607,0.5284242901607369,0.6735686792222454,0.5686859250814713,0.5143082933979471,0.42402207317086676,0.5165301481086353,0.4579009176715627,0.6310887137843693,0.6832142177394672,0.5783314635986931,0.4207351216668479,0.5019868182558213,0.42548778882870414,0.4702046128715046,0.5539423127842642,0.5469631304499836
FOODS_3_338_TX_3_validation,0.07458439092026299,0.2765923767477492,0.2723075980694678,0.2723075980694678,0.3054713102310841,0.42918488618926043,0.48409310605763345,0.41332872532905524,0.2869835120332028,0.37849043352815825,0.3595852788020553,0.49563385391268727,0.4815383155734813,0.6295861543013613,0.5306879042047983,0.4326993846924976,0.3655405342348678,0.4543432588619274,0.41025735827766835,0.5834451543904751,0.6295861543013613,0.5306879042047983,0.3730915622729535,0.4543432588619274,0.3655405342348678,0.41025735827766835,0.49399505819042877,0.48103137181193606
FOODS_3_339_TX_3_validation,1.881531993590145,1.8974766944038428,1.778970301220452,1.8688031179560136,1.8913013217883614,1.9990654761755935,2.473100884976822,1.8783037720445217,1.7298499360465123,1.8982618707854024,1.7790053420203347,2.0131394152046633,2.10712312954115,2.846447360785818,2.1396841825301243,1.9836597582614313,1.949180094819764,2.0943266073652436,2.010876856157854,2.454794205570367,3.2445121978977256,2.4491728702462883,2.097299400367089,2.207448956675701,2.1259523583620745,2.283885354837281,2.668701047777997,3.019254019063482
FOODS_3_340_TX_3_validation,0.6513242421208412,0.6344942661051969,0.628567153395078,0.6400725759136001,0.6679508079120267,0.7598219031980327,0.8949468285135693,0.7628735756268634,0.5469424775376013,0.6748589036612725,0.5742986959589269,0.732506900151257,0.7082857869258755,0.8772146627922085,0.6854119426152679,0.580346730295563,0.509287221015656,0.5980899456427157,0.5579047038807337,0.7310924999935411,0.7772334999044274,0.6302261549459849,0.47262981301413987,0.5538815096031126,0.4650787849760542,0.5097956090188536,0.593533308931614,0.5805696225531217
FOODS_3_341_TX_3_validation,0.3630721706748966,0.28743035628985375,0.28314557761157233,0.2930086660982568,0.35628516581860453,0.5121861684056725,0.5585519882102313,0.4875627875879814,0.3714727991981106,0.4564298460977946,0.3595852788020553,0.49563385391268727,0.4815383155734813,0.635570658345573,0.5306879042047983,0.4326993846924976,0.3655405342348678,0.4543432588619274,0.41025735827766835,0.5834451543904751,0.635570658345573,0.5306879042047983,0.3730915622729535,0.4543432588619274,0.3655405342348678,0.41025735827766835,0.49399505819042877,0.49931957105608954
FOODS_3_342_TX_3_validation,3.241962297217405,2.647333151503234,2.58630600239948,2.6447436481710147,2.9805780268765076,3.4703840573823825,3.8161768086830032,3.171610056945166,2.562953384553663,2.8328920376487954,2.617538854344483,3.125753153040512,3.299829696852826,3.724156397158729,3.3359803864091506,2.967180104917004,2.633024736211123,2.8567196253831932,2.585281358273784,3.4661749554324595,3.629966871981562,3.1557144025758297,2.5491557805436456,2.965708938809252,2.6313799978738217,2.970447508569694,3.300726951477696,3.2943618364638625
FOODS_3_343_TX_3_validation,0.07458439092026299,0.2765923767477492,0.2723075980694678,0.2723075980694678,0.3054713102310841,0.43795210614674734,0.48409310605763345,0.404994725462264,0.29723873693918434,0.37849043352815825,0.3595852788020553,0.49563385391268727,0.4815383155734813,0.6171294116844139,0.5182311615878509,0.4326993846924976,0.3655405342348678,0.4543432588619274,0.41025735827766835,0.5834451543904751,0.6295861543013613,0.5306879042047983,0.3730915622729535,0.4543432588619274,0.3655405342348678,0.41025735827766835,0.49399505819042877,0.48103137181193606
FOODS_3_344_TX_3_validation,1.2143225509448008,1.2003169500984607,1.1706065508167105,1.215347638738785,1.2683030740870964,1.4818392741538606,1.7190715536631163,1.313530212033154,1.1118749970546449,1.3465244420245388,1.1396113084111594,1.3025712187532246,1.4221664339572242,1.8753358178469468,1.3339466059625826,1.1561329228273212,1.0646776980569403,1.1194609926265295,1.0381254102445878,1.321634017617579,1.7346426535670156,1.195112424772245,0.980906884075102,0.9593204826611926,0.8558557694067906,0.8962438705386736,1.0381470910033488,1.0721946524691641
FOODS_3_345_TX_3_validation,0.32904350896166884,0.28743035628985375,0.28314557761157233,0.2930086660982568,0.35628516581860453,0.5121861684056725,0.5525674841660196,0.47922878772119026,0.3744799361642196,0.4418865162449799,0.3595852788020553,0.49563385391268727,0.49399505819042877,0.6295861543013613,0.5306879042047983,0.4326993846924976,0.3655405342348678,0.4543432588619274,0.41025735827766835,0.5834451543904751,0.6295861543013613,0.5306879042047983,0.3730915622729535,0.4543432588619274,0.3655405342348678,0.41025735827766835,0.49399505819042877,0.4933350670118781
FOODS_3_346_TX_3_validation,2.401135530885216,2.3219282520051143,2.251355925311876,2.377902226119929,2.3057281758412667,2.6304332014991374,3.2551622449335227,2.5240038655067236,2.2666398211416574,2.500501719940945,2.1568963991325165,2.535476017760265,3.0428230447251896,3.1064997298510253,2.6843897070184086,2.5217772261010336,2.3397131736766843,2.30590702331676,2.3295558088095953,2.9639338074468897,3.7309456347619916,2.6266939854231395,2.2429019098969687,2.3393940028691884,2.194210069993146,2.327614314070795,2.5783802850342936,2.7870074767320454
FOODS_3_347_TX_3_validation,2.5828548390836175,2.552417606007752,2.580769006344547,2.5962075208023516,3.092189404899503,3.3379252461163924,3.474461755975142,2.6290806130442514,2.308225333891062,2.6916698593326878,2.5325585121018697,2.8874598612286664,3.1996145530741367,3.570691937870573,3.113123799491992,2.806308087677123,2.5487976785525577,2.8074301693531942,2.612680356213863,3.33481984820409,3.906532656158436,3.0226022619073034,2.51845244680239,2.7779461961111056,2.5195614270251383,2.7462099650817073,3.412968292061089,3.169988893741377
FOODS_3_348_TX_3_validation,6.887593997978714,5.287773680884695,5.111364440368494,4.792073756478638,5.333802017619193,6.865906370225067,8.466084214887035,7.511306111353561,5.622178534853603,5.985065713070626,5.57028487808113,6.875768125103146,7.215042985340351,9.559748622937269,7.416690531275853,5.3352656127149665,5.725467384104605,6.359341007272497,5.954665889506281,7.727427888797444,9.978576780107915,7.353940818748881,5.492954380764191,6.360408336628199,5.582117393938256,5.927466420341059,7.174893189059681,8.636534905884798
FOODS_3_349_TX_3_validation,8.971467125971026,8.156145822053658,8.186006096233005,8.08831987214678,8.271253918426343,9.76350009808648,9.624629430812218,8.48279419555341,7.527893975343743,8.581379097246641,7.690122537376065,9.221045428306384,10.118788633287735,11.271369793256412,9.561196177831562,8.696568913208365,7.780656552868559,8.628113347140136,8.858897420266906,10.564280660457845,10.905424482728517,10.143966948533388,8.54205166429936,9.457374676009268,8.557715995417379,9.647253518531473,9.983153035321225,9.928315816871827
FOODS_3_350_TX_3_validation,0.11883351026714283,0.28743035628985375,0.28314557761157233,0.28314557761157233,0.31630928977318856,0.4592274949738755,0.48409310605763345,0.41332872532905524,0.35037959475002445,0.43163129133899836,0.3493300538960738,0.49563385391268727,0.4815383155734813,0.6171294116844139,0.5182311615878509,0.4326993846924976,0.3655405342348678,0.4543432588619274,0.41025735827766835,0.5834451543904751,0.6295861543013613,0.5306879042047983,0.3730915622729535,0.4543432588619274,0.3655405342348678,0.41025735827766835,0.49399505819042877,0.48103137181193606
FOODS_3_351_TX_3_validation,2.0645935947936427,2.0816800937581896,2.0447267154122977,2.119667983344649,2.491999821090721,2.715206377769518,3.5015821916950745,2.459443128760752,2.0898388691719125,2.348708811769292,2.2205946228628113,2.6692892256176526,2.732938095918256,3.741269805956605,2.7458603976865104,2.539151186592971,2.2183134434051723,2.413127289687948,2.388521360297466,2.9664333576914275,3.805610615475404,2.929234694530119,2.4051748063919747,2.614052888353015,2.446294982621997,2.6864640262418265,3.2685087826676646,3.5204228840911234
FOODS_3_352_TX_3_validation,0.46772636067589335,0.41797981263083267,0.48695420515605753,0.4754487826375354,0.4796456203775373,0.5715167156635422,0.706358399450536,0.6148150335075271,0.49892564961120295,0.5984363164595968,0.45828511260990246,0.6521836541273043,0.6279625409019228,0.7890384197576799,0.6829143571757147,0.5767924422901672,0.36864666079034664,0.5142905134557627,0.4702046128715046,0.6433924089843112,0.6895334088951974,0.590635158798635,0.4330388168667898,0.5142905134557627,0.42548778882870414,0.4702046128715046,0.5539423127842642,0.5805696225531217
FOODS_3_353_TX_3_validation,0.8080309682934157,0.6651263809774479,0.6055989742478844,0.6463465616565262,0.7183070860386837,0.8238606672117578,0.931384757878235,0.7125444304690963,0.5966550465727711,0.7047217972158365,0.6041615895134909,0.8092691028499538,0.7101585408965819,0.8667815145115269,0.75467294788535,0.6485510329998025,0.566417658470223,0.6734793533567036,0.6150351413353006,0.8146153030807746,0.8818196165318513,0.7922869848573911,0.6113054142589874,0.6737602469109801,0.5813887333775569,0.6300062162426345,0.713743916155395,0.7379379656273939
FOODS_3_354_TX_3_validation,0.48700849262183926,0.43726194457677836,0.43297716589849694,0.44284025438518154,0.5386277426246144,0.6111077118108922,0.7227931745397387,0.6720582308219238,0.5269618327296351,0.6271707129226309,0.45828511260990246,0.6668688121093647,0.588371544754573,0.7422165877539302,0.6161582963228,0.48034294408639244,0.41318409362876224,0.5019868182558213,0.4702046128715046,0.6310887137843693,0.6895334088951974,0.590635158798635,0.4330388168667898,0.5142905134557627,0.42548778882870414,0.4702046128715046,0.5539423127842642,0.5805696225531217
FOODS_3_355_TX_3_validation,1.0627215970502042,1.1046176802199885,1.0762874163238245,1.0853178899772344,1.238047359167369,1.3520262258336775,1.943347238676566,1.2370321336712493,1.1013533475165147,1.2395034402439056,1.155444337426439,1.3580984135236325,1.4285005154341806,2.0278953980000876,1.483339888691046,1.3268448511625623,1.249486474478591,1.2202476165708926,1.1524011130739713,1.513538346601618,2.0946903922471836,1.401101521898342,1.1047074642512502,1.2326339931250871,1.1193767094359837,1.0951001090010215,1.3652691144414952,1.5055996507443612
FOODS_3_356_TX_3_validation,0.9214853660213905,0.9575372688083151,0.8424234646969511,0.8217865925488307,1.083199966512315,0.9097904385278427,1.0233185009155195,0.9829282391816769,0.8279910692364825,0.9118153867077768,0.8230408695602548,1.00427321619958,1.1044972173825205,1.1307036089086577,0.9956082534038101,0.8733162125640705,0.7839977330247425,0.8778843722121329,0.8194401601907298,1.0351904478903957,1.145538393874348,0.9824331977047196,0.5560186430458159,0.7014806161757227,0.612677891548663,0.6612953744137406,0.7450330743265011,0.6957305962906422
FOODS_3_357_TX_3_validation,0.2750963628459964,0.32191065820828085,0.3170834811436727,0.3120311109617253,0.3510021966365432,0.49237629511558595,0.48088089646018967,0.47922878772119026,0.3714727991981106,0.4527244957870846,0.38288000096110747,0.508090596529634,0.49399505819042877,0.6295861543013613,0.5306879042047983,0.4326993846924976,0.3655405342348678,0.4543432588619274,0.41025735827766835,0.5834451543904751,0.6295861543013613,0.5306879042047983,0.3730915622729535,0.4543432588619274,0.3655405342348678,0.41025735827766835,0.49399505819042877,0.48103137181193606
FOODS_3_358_TX_3_validation,0.26632914288850945,0.30288821334481236,0.29860343466653094,0.30846652315321554,0.37475055868051077,0.4723813381170561,0.5116979613737953,0.5028200401493933,0.38693065625306944,0.471751141748407,0.3858811153991188,0.5526403800151211,0.5048330377325324,0.6404241338434659,0.541525883746903,0.4435373642346023,0.42347967478453996,0.4543432588619274,0.4579009176715627,0.5834451543904751,0.6772297136952555,0.5783314635986931,0.4207351216668479,0.5019868182558213,0.41318409362876224,0.4579009176715627,0.5416386175843223,0.52867493120583
FOODS_3_359_TX_3_validation,0.44868836468165196,0.34616676936013907,0.4151411618853642,0.4151411618853642,0.47609202788680766,0.5540700436490278,0.5861608544203657,0.47922878772119026,0.3714727991981106,0.4527244957870846,0.38288000096110747,0.5189285760717384,0.5048330377325324,0.6295861543013613,0.5306879042047983,0.4326993846924976,0.3655405342348678,0.4543432588619274,0.41025735827766835,0.595748849590417,0.6418898495013032,0.5429915994047405,0.3853952574728955,0.4666469540618695,0.37784422943480983,0.4225610534776103,0.5062987533903699,0.4933350670118781
FOODS_3_360_TX_3_validation,0.9006335466806115,0.8659412929302743,0.8665591024171246,0.9394489844924087,1.0967017979641178,1.01435034075294,1.0997214516293903,0.9842425285770715,0.8607115281321049,0.978031389209823,0.6725994567278535,0.9502175266841777,0.9438296147964105,0.915420453730159,0.8072490578650369,0.6945753803706746,0.6235158710907676,0.7123185957178272,0.6721333539558452,0.8045735626600109,0.8711040774151536,0.7518163124743348,0.5942199705424885,0.6715710083091855,0.5719303041400212,0.6205477870050988,0.7147228962028831,0.6957305962906422
FOODS_3_361_TX_3_validation,1.0107949475867486,1.0751507063700874,1.0100288115680722,0.9504476691803485,0.9070446720431606,1.2167900062829744,1.1282057253944227,1.0222872660215971,0.8673500960764027,0.9224884226836303,0.8243551589556494,1.00427321619958,1.0684730489136864,1.265568085116584,0.9582743005611952,0.9145449837565989,0.7255838859687617,0.8276028328900177,0.7691586208686146,0.9849089085682807,1.0489140480453432,0.9224004706191222,0.7384117630546094,0.7333662781374577,0.6857073275831705,0.6612953744137406,0.7450330743265011,0.7992120385780135
FOODS_3_362_TX_3_validation,8.893931822097231,7.707115559231721,6.954285593934415,6.43297395077701,6.225334443015016,7.364569486100157,7.972867374360228,6.848471411942976,5.563376438346413,5.8888554727212155,5.335330286907546,6.152422310649095,6.930993682503182,8.08646930036703,7.036174880253568,5.895533335782206,5.6695581759485405,6.394186221745724,5.892037362630735,7.80563440446073,9.168358803815245,8.223234509190775,6.577966496017843,6.560856627335068,6.050414446214144,6.581527661764015,7.735739713673355,8.169247604043285
FOODS_3_363_TX_3_validation,6.855207063959081,6.11163380665857,5.5901061227536095,5.705375888121673,6.183700203317958,7.470998773597486,6.703343644267255,5.703787707405885,4.784434716906732,4.974748276573367,4.372218499528883,4.806034380073475,5.349041529781724,5.848780723023821,5.096951026485043,4.46866444593937,4.007914718531713,4.572592087893574,4.334936448539172,5.755562222638474,6.083508818672391,5.3236401037402175,4.463765484847319,4.945570029794725,4.4589594529672025,4.70900927823276,6.304961158647834,5.823882971844268
FOODS_3_364_TX_3_validation,0.3623827461802879,0.2791911831311359,0.28314557761157233,0.28314557761157233,0.31630928977318856,0.4400228657313649,0.494931085599738,0.42416670487115976,0.3714727991981106,0.4527244957870846,0.37042325834415996,0.5064718334547914,0.5048330377325324,0.6404241338434659,0.541525883746903,0.4435373642346023,0.37637851377697246,0.46518123840403214,0.42109533781977293,0.5942831339325796,0.6527278290434078,0.5562110417289634,0.4207351216668479,0.4543432588619274,0.41318409362876224,0.4579009176715627,0.5416386175843223,0.48103137181193606
FOODS_3_365_TX_3_validation,0.8460619809567791,0.6820342606223209,0.681216855807309,0.6842315092040684,0.7385600915473212,0.9174952103986016,1.0250193010650788,0.754671568182307,0.5980345968773401,0.7061013475204054,0.6055411398180598,0.7637493440103899,0.7395282307850084,0.9552375399362523,0.8266941982208728,0.7510012152976178,0.6616827357582897,0.7687444306447704,0.6718726697544862,0.8861379894820206,0.9879865104383053,0.8594431687229258,0.675454461158413,0.771064469184531,0.6640027742980503,0.6875912110108039,0.8421961611755394,1.0730461785463379
FOODS_3_366_TX_3_validation,0.35683536332667193,0.3442370644133361,0.3502075106410362,0.3685369989524398,0.4106812532126763,0.5177684926166427,0.5835920476298793,0.5573148738447998,0.4472798621471046,0.497762869515069,0.42392803189686323,0.5689094597434519,0.5996102455656208,0.735201341676554,0.6312075342192567,0.5310174404026782,0.44576572473979903,0.5430348491915764,0.5078818013432754,0.6782223622235632,0.7243633621344495,0.6203695546771522,0.4533167527778847,0.5468721445667994,0.4665358197644599,0.5201854965432172,0.6010759612234582,0.5881122748449659
FOODS_3_367_TX_3_validation,0.4957676383029757,0.4707656894728861,0.4741776855669958,0.44250593279124967,0.4140118402039604,0.5150550164295014,0.6403996896212389,0.5401527815016596,0.42426339760533555,0.5399361573813869,0.48331415876222683,0.6376217041322786,0.6134005909068971,0.7744764697626542,0.668352407180689,0.6018214884424914,0.4913746215731175,0.5984363164595968,0.5465288549009406,0.7770122093970533,0.6895334088951974,0.590635158798635,0.4330388168667898,0.5142905134557627,0.42548778882870414,0.4702046128715046,0.5539423127842642,0.5409786264057719
FOODS_3_368_TX_3_validation,3.7254100152126424,3.32193388458601,3.29823842746627,3.4053650784948695,3.683226251809472,4.045481230663286,4.759779065122494,3.968989958478274,3.5240671354911064,3.8041302094724845,3.439213534202006,4.342455155687035,4.252451470389128,5.031325387077314,4.137966099707805,3.697995633193383,3.41580939935384,3.7495235933012596,3.5956802101775884,4.310340804079127,4.60879487096475,4.173920490696651,3.125520505812658,3.413139490001555,3.0421409499245624,3.1618492254389152,3.681232404344545,4.031149741673103
FOODS_3_369_TX_3_validation,1.1604921322610307,0.9702981281741131,0.9588464413137504,0.776303839538092,0.9168182867985958,1.1341601581961238,1.1672330675620934,0.947164598871563,0.8207019130548963,0.8470704573559098,0.7520716713399964,0.8475460206535966,0.902228888261137,1.0799275982418797,0.9474295167714465,0.8645387655717821,0.7269600761942467,0.8537033994141747,0.7755775590593244,0.9368762870235364,1.027728977677874,0.8187008653698347,0.7121159264575461,0.793172314534953,0.6754117464273927,0.6612953744137406,0.8077669292052307,0.7644489552135836
FOODS_3_370_TX_3_validation,9.887011570614135,8.393299368518115,8.415231513719386,8.002139620936722,9.576724346971938,11.257905645051139,12.737702774348223,11.075313649633564,8.903166004030277,10.02008593530297,8.882862951474802,10.764213587775554,12.033309461078499,13.965224544779598,12.297684235676234,10.59999476823999,9.887227380080578,10.783893741770449,10.355877405643108,12.083407978380777,13.52031049961749,11.791504788470556,8.862510765510297,10.598324676122406,8.818239301441173,9.410809204772583,11.104970838721636,11.570900284787907
FOODS_3_371_TX_3_validation,0.9732527833657015,0.8277620353022445,0.867947662985846,0.8880955073603215,1.056692161100892,1.1360050455702824,1.1145241376064352,0.8770523928376596,0.7954494198851052,0.8910594279112232,0.7904992202088775,0.988645075553059,0.9406564371300182,1.0825248722762946,0.9474295167714465,0.841307601885899,0.6292611615638,0.8087692779109364,0.6980286202958277,0.8871713727562779,0.9390117061583633,0.8197239412175443,0.650425415006089,0.6751397972155491,0.6455021385608554,0.7193721145957238,0.7778573213386935,0.8361556504165405
FOODS_3_372_TX_3_validation,5.925392212463059,5.153367232925213,5.160624879157818,5.251060731129384,5.384925270821209,6.7750222554673085,7.169946546161643,5.655845348286351,5.206807737434102,5.670498994425737,5.098574877377433,5.68906903914052,6.227807404198793,6.895561638080934,6.117620144149263,5.27819240270967,4.883037120277935,5.411058759280449,5.4703717025884595,6.670219762231603,7.090795030332719,6.046097417790673,5.043887078098215,5.503311887174026,5.0142573046111245,5.43528728962811,6.435611462498992,6.504595341172669
FOODS_3_373_TX_3_validation,0.7043517853029927,0.5290868617660692,0.48533854811676336,0.5047273031660129,0.5571267823322306,0.6741891256037336,0.7361377160786493,0.713438780085799,0.6022530319250302,0.708811563197683,0.6096698908957984,0.8280672482879475,0.8484439856353384,1.0330025040045563,0.911794888781437,0.8082385224608478,0.7118721784972619,0.8648770695950118,0.8083178458853089,1.0273295714657404,1.1243528347669731,0.7688977493524166,0.5940681263956973,0.6714191641623942,0.6232969905221262,0.6808473261231618,0.7209902033947607,0.699898794933863
FOODS_3_374_TX_3_validation,0.2427378904603049,0.28743035628985375,0.28314557761157233,0.2930086660982568,0.3505254816680651,0.4400228657313649,0.494931085599738,0.42416670487115976,0.3714727991981106,0.4527244957870846,0.37042325834415996,0.5064718334547914,0.5048330377325324,0.6404241338434659,0.5562110417289634,0.4326993846924976,0.3655405342348678,0.4543432588619274,0.41025735827766835,0.5834451543904751,0.6295861543013613,0.5306879042047983,0.3730915622729535,0.4543432588619274,0.3655405342348678,0.41025735827766835,0.49399505819042877,0.48103137181193606
FOODS_3_375_TX_3_validation,0.2680272202888696,0.32001198740089054,0.3157272087226091,0.3340566970340126,0.4062660494903184,0.54479291273684,0.5420647340389313,0.5172971834664972,0.39379920540316576,0.48530612689812147,0.4114712892799157,0.5564527171265042,0.539509943554779,0.6875577822826598,0.6189038390193148,0.5237625547395325,0.45660370428190356,0.5538728287336809,0.5291571901704034,0.6782223622235632,0.7243633621344495,0.6080658594772103,0.4533167527778847,0.5345684493668575,0.4665358197644599,0.5201854965432172,0.6010759612234582,0.5881122748449659
FOODS_3_376_TX_3_validation,12.022712429558425,11.421131804242345,11.83707103479218,11.741796019992407,12.76509062896501,13.577444952068268,13.723902293102865,12.38894444639063,9.65525018531085,10.834479877086649,9.365696642216747,11.952996793307776,12.503023290917305,14.126244457200828,12.958128682952463,11.577430623546316,9.627436922914034,11.012531034293707,11.38461183225787,13.873314295339782,16.292468514212548,13.95528716610155,11.255007619714553,13.083426996762292,11.892281540109794,13.901367987371275,16.081827584733695,14.241646541431386
FOODS_3_377_TX_3_validation,39.148123564065685,38.23759401635439,37.06748893319766,42.03304884405174,51.231345370819575,56.81788610526885,56.152233944887385,47.28966064077546,40.11917631670213,44.08407721926138,45.20177731651754,54.845652459425956,63.04587484837883,60.48774174357127,45.15362723771936,45.289865149601525,43.473059730611645,49.610930980926355,55.81226338321976,63.31827431052778,58.353850038164246,44.94198794055885,39.614304816864006,44.34208104416722,43.93145095458077,55.0707231984548,64.18475628761499,54.358769589168986
FOODS_3_378_TX_3_validation,0.5739854836234791,0.5784735393755819,0.5866455033142479,0.5606121037650434,0.561120491768241,0.6909654223668589,0.7448282915849876,0.6035010990600898,0.48647492952235327,0.5251284929978672,0.4824182517022937,0.5788758306655747,0.6043712884737186,0.7459468886288635,0.6014731383407396,0.532237635433683,0.4650787849760542,0.5538815096031126,0.4702046128715046,0.682983405131661,0.735108909086759,0.590635158798635,0.47262981301413987,0.5538815096031126,0.4650787849760542,0.5097956090188536,0.593533308931614,0.5865541265973334
FOODS_3_379_TX_3_validation,0.3102715738927304,0.3541229456315057,0.3498381669532243,0.36816765526462786,0.4433845435278811,0.5131390415795815,0.552455664836322,0.5261784910512428,0.4131363423874386,0.5163523595465421,0.42055320135820695,0.5815601607281066,0.6272629623021811,0.7288253966998863,0.6272130520247075,0.5065486302207608,0.4393897797631314,0.5366589042149087,0.5015058563666078,0.6718464172468955,0.7179874171577818,0.6016899145005425,0.4469408078012171,0.5404961995901317,0.4601598747877922,0.5138095515665495,0.5947000162467905,0.5817363298682982
FOODS_3_380_TX_3_validation,0.23189991091820028,0.2765923767477492,0.2723075980694678,0.2706652640376303,0.3054713102310841,0.42918488618926043,0.47532588610014653,0.4045615053715683,0.2869835120332028,0.36823520862217674,0.3595852788020553,0.49563385391268727,0.4815383155734813,0.6171294116844139,0.5306879042047983,0.4326993846924976,0.3655405342348678,0.4543432588619274,0.41025735827766835,0.5834451543904751,0.6295861543013613,0.5306879042047983,0.3730915622729535,0.4543432588619274,0.3655405342348678,0.41025735827766835,0.49399505819042877,0.48103137181193606
FOODS_3_381_TX_3_validation,2.741854352950619,2.3681454789326457,2.316431689407616,2.2687133685787253,2.4366939326825467,2.905361154761427,3.0689400201620582,2.566704648485432,2.3620620034331687,2.5197914086988287,2.4364831624620145,2.587241952077421,3.0739377605438345,3.6594474715252705,2.853097748064717,2.647254789269904,2.4313535181907517,2.571723336177515,2.4380427832924108,3.1354070033403874,3.3734721877406475,2.802588601420484,2.1312724106313548,2.584525526857831,2.3648706971057325,2.394731622291532,2.8698020836595974,3.135561541365155
FOODS_3_382_TX_3_validation,2.1232972856530625,1.8836441077372013,1.9060919704843482,1.9966435839707528,2.1389438624871864,2.3639627763535906,2.4407093303090917,2.081681712699145,1.8734915117828346,2.1134522382729415,1.9121561666165245,2.2040476749178346,2.493747784297467,2.6555450950856248,2.363473020694407,2.19124656162614,1.94656922605026,2.0204834956105233,2.0010021977991097,2.5623336617752837,2.8200397707821243,2.3038330028538727,1.9366160335747866,2.108722269638711,1.7591730974369144,1.9479772765768506,2.4472101828658666,2.5909878274386733
FOODS_3_383_TX_3_validation,1.246191518671164,1.2089133802491507,1.1839863679362732,1.289352902368893,1.3646036146368687,1.3579153824025385,1.4834105267660274,1.3986400219382178,1.0503234422911683,1.2558849959761815,1.1420813350469554,1.2430251980731362,1.3936689569355691,1.5959278469385862,1.4217136924774134,1.2361469024607614,1.1590298175341185,1.2493899550933918,1.0364908192903395,1.3741585342130536,1.4257977468683325,1.2291800791251026,1.046951050323336,1.1412746780463632,1.0234983863057716,0.8986716074761959,1.1352698861558297,1.1570637066713012
FOODS_3_384_TX_3_validation,0.5742346341444903,0.6132813446679173,0.6073542319577984,0.6188596544763205,0.6198569048385264,0.586078665658568,0.6949420344593271,0.627092351488294,0.5311398007732745,0.6306504676216694,0.5300902599193238,0.6990829632714373,0.6043712884737186,0.7513841705015913,0.644632923394453,0.5430756149757875,0.50813091568023,0.5647194891452171,0.5632851490080545,0.6938213846737655,0.7399623845846518,0.6410641344880894,0.48346779255624434,0.5538815096031126,0.4650787849760542,0.5202330183038774,0.593533308931614,0.5805696225531217
FOODS_3_385_TX_3_validation,0.4996159496351766,0.41797981263083267,0.4770911166693729,0.48695420515605753,0.5735688502247683,0.6687119895941896,0.7730099907804462,0.587796340895554,0.47190695699923,0.5838743664645711,0.48331415876222683,0.6376217041322786,0.5577097359626083,0.6880676932373601,0.5891694431407977,0.49118092362849697,0.42402207317086676,0.5128247977979253,0.46873889721366724,0.6419266933264738,0.700371388437302,0.6014731383407396,0.44387679640889427,0.5142905134557627,0.42548778882870414,0.5097956090188536,0.593533308931614,0.5910070318381455
FOODS_3_386_TX_3_validation,0.4230598228224422,0.457970764523297,0.45041973648521133,0.33979266321662605,0.4488568900746737,0.4830915867943971,0.5690374169939001,0.4916855303381377,0.396233237015,0.4774849336039741,0.3946412977747226,0.5189285760717384,0.5048330377325324,0.6295861543013613,0.5306879042047983,0.4326993846924976,0.37784422943480983,0.4666469540618695,0.4225610534776103,0.595748849590417,0.6418898495013032,0.5429915994047405,0.3853952574728955,0.4666469540618695,0.41318409362876224,0.4225610534776103,0.49399505819042877,0.4933350670118781
FOODS_3_387_TX_3_validation,0.42101173832187944,0.4575708087781827,0.5274965214018316,0.4168694481332478,0.5561284928214432,0.5477116290940706,0.6394454780548571,0.6148150335075271,0.5019327865773113,0.558845320312247,0.45828511260990246,0.6125876346089574,0.5647802923263687,0.700371388437302,0.6014731383407396,0.5034846188284383,0.4363257683708086,0.5288338433085772,0.4579009176715627,0.6310887137843693,0.6895334088951974,0.590635158798635,0.4330388168667898,0.5142905134557627,0.42548778882870414,0.4702046128715046,0.5539423127842642,0.5409786264057719
FOODS_3_388_TX_3_validation,1.3018281664493951,1.210024083699105,1.2604426193273908,1.2326327696709616,1.2857156661955966,1.4760614370902871,1.4714102071418733,1.3668602228299345,1.1175812560175056,1.179003139991536,1.0258588837463132,1.1843921119170429,1.2270859001477803,1.3563140859037306,1.1567040436028548,0.94157726731404,0.8877721389028085,0.9593204826611926,0.9044732522718683,1.1573417453151549,1.2898585839601862,1.0557359127805326,0.8673074562671533,0.9954846008542471,0.8558557694067906,0.9044732522718683,1.0908255846321633,1.0167413509389385
FOODS_3_389_TX_3_validation,14.009853366847203,11.113682798897173,11.36346450475554,11.688103980534379,13.618505673677262,16.313152319804853,15.195834328274245,12.662489192966127,11.123278046404737,12.431242808108196,11.459859232570356,14.139242204768957,14.926870238190952,16.22171511022848,13.953080481855238,13.564518104136953,12.075573305279189,13.079323050774724,12.961635775712463,15.700749251497658,16.537767037572376,14.483724023833162,11.71752752875773,13.24897664236076,11.841041288023527,13.771517589469129,16.611700041184083,14.531238347840375
FOODS_3_390_TX_3_validation,1.1973687996251943,1.244221908943315,1.1797344342558338,1.249065047897434,1.4252314075433283,1.3843467089455619,1.5416120722757356,1.2870682669271856,1.1557195786370018,1.2730394397147198,1.1592357787854937,1.2541626196734552,1.322341236706414,1.6262144332886488,1.4203910653240235,1.240959203761723,1.1716179770838167,1.2142975002528644,1.1501598806074156,1.4225918710146914,1.5217695033512946,1.3630900612510737,1.0911294183824656,1.23756553322898,1.088144131346822,0.961107166006142,1.2515586608793072,1.2329277287163076
FOODS_3_391_TX_3_validation,0.26056945873797,0.31165543330229933,0.3073706546240179,0.31762587952999943,0.3507895916916158,0.43473989654930356,0.48088089646018967,0.41583270500436853,0.3714727991981106,0.4527244957870846,0.38288000096110747,0.5189285760717384,0.5048330377325324,0.6404241338434659,0.541525883746903,0.4435373642346023,0.37637851377697246,0.4688865887147421,0.41025735827766835,0.5834451543904751,0.6295861543013613,0.5306879042047983,0.3730915622729535,0.4543432588619274,0.3655405342348678,0.41025735827766835,0.49399505819042877,0.48103137181193606
FOODS_3_392_TX_3_validation,1.3091036134215392,1.1559701377408322,1.171303297169968,1.2739337308009082,1.2357546083628945,1.5197054953017473,1.7690894684221539,1.468558038949828,1.1535375844471587,1.4430813653053747,1.0621645045975292,1.4191833782636456,1.537707278875741,1.6855192095500304,1.4506180516134763,1.343308385803109,1.168881541173183,1.1039126455113455,1.0731494296928041,1.3256156506537373,1.4470095347253609,1.2999489027891131,0.9841599498207448,1.0301913099646152,0.7670728746498031,0.9044732522718683,1.0678916491151083,1.1522386509309939
FOODS_3_393_TX_3_validation,2.7617634672978646,2.5515447435910326,2.6017532981984233,2.6828255742626186,2.71596462467792,3.302472554818799,3.6148137452692284,3.063159619014124,2.492245636821006,2.894805556256466,2.5549194561883355,3.045777452635063,3.121419624692469,3.7330345992978864,3.4514192006976097,2.826023228020466,2.477638314936513,2.836585883013371,2.731612316846341,3.6399122198944496,3.653133650914404,3.3562466690793546,2.4312190408704386,2.6095415089556764,2.407196200023706,2.4425774042967467,3.0331006031720995,2.96035110289653
FOODS_3_394_TX_3_validation,0.07458439092026299,0.2765923767477492,0.2723075980694678,0.2723075980694678,0.3054713102310841,0.42918488618926043,0.47532588610014653,0.4045615053715683,0.2869835120332028,0.36823520862217674,0.3595852788020553,0.49563385391268727,0.4815383155734813,0.6171294116844139,0.5306879042047983,0.4326993846924976,0.3655405342348678,0.4543432588619274,0.41025735827766835,0.5834451543904751,0.6295861543013613,0.5306879042047983,0.3730915622729535,0.4543432588619274,0.3655405342348678,0.41025735827766835,0.49399505819042877,0.48103137181193606
FOODS_3_395_TX_3_validation,0.7068229824747678,0.7808575962562976,0.7612941974135414,0.7611667362372171,0.8208914879499695,0.904927358471716,0.8962536074232965,0.8036211630355051,0.675454461158413,0.771064469184531,0.6705042614821853,0.8287124656745154,0.804491352449134,0.9597754408633442,0.7816175081385264,0.6801093245865009,0.5827682836821259,0.6715710083091855,0.6313857665472035,0.8045735626600109,0.8917737394414257,0.7518163124743348,0.5833819910003839,0.6607330287670808,0.5719303041400212,0.6205477870050988,0.7147228962028831,0.6587496505388807
FOODS_3_396_TX_3_validation,0.07320484061569409,0.2752128264431803,0.27092804776489887,0.27092804776489887,0.30409175992651516,0.4278053358846915,0.4886980597972762,0.4119491750244863,0.2958591866346154,0.3771108832235893,0.3582057284974864,0.49425430360811834,0.4801587652689124,0.6341911080410041,0.5293083539002293,0.43131983438792865,0.3641609839302989,0.45296370855735846,0.4088778079730994,0.5820656040859061,0.6341911080410041,0.5293083539002293,0.37171201196838455,0.45296370855735846,0.3641609839302989,0.4088778079730994,0.49261550788585984,0.4856363255515788
FOODS_3_397_TX_3_validation,0.5688324303315073,0.6322667019991262,0.6240812644985678,0.6412724854458114,0.4025128980309388,0.628801971104146,0.6907505615790618,0.63180969285999,0.5176236620496961,0.611878498122407,0.5165741211957454,0.6779295309900564,0.6813960950248418,0.8581016163834834,0.7713083149166747,0.695647288354839,0.606328808815511,0.7133905037019916,0.6549462916805886,0.8768052524935399,0.9788209911411041,0.8445836965163696,0.64270549065636,0.7383154986824779,0.44650603053994903,0.5579047038807337,0.6416424037934941,0.6205509953325964
FOODS_3_398_TX_3_validation,0.915553600666959,0.8176145894623158,0.7872894473978844,0.7987948699164066,0.835906930262962,0.9366589953215739,0.931241510681399,0.7421466330227675,0.6199964830437964,0.7156064910699144,0.6454752153298613,0.7629358321135497,0.7387147188881682,0.9042486227939331,0.7789763538089026,0.6728544389233552,0.5827682836821259,0.6715710083091855,0.694119621425933,0.8673074175387404,0.9545075943201552,0.7518163124743348,0.5972271075085976,0.6607330287670808,0.5719303041400212,0.6205477870050988,0.7147228962028831,0.6891785825011733
FOODS_3_399_TX_3_validation,6.989515981147785,6.031764884871834,5.95905360376222,5.9373224717120845,6.1962599581048785,7.325450885765003,7.4076530471756605,6.517711315952207,5.7645097301734385,6.2409758648900855,5.824860035829792,6.970998140163838,7.246464978642434,8.111626173586101,7.4525777226227525,6.125427562234177,5.912029318507827,6.545624418447861,6.146273763088335,7.93708855507958,8.665394964646852,7.571127588969051,5.99288247035735,6.798952531559052,5.9310627426744675,6.144749385958995,7.689724926350432,7.6684241256434875
FOODS_3_400_TX_3_validation,0.5093654413238051,0.50561432391719,0.45041973648521133,0.33979266321662605,0.4546165742252132,0.5464876695112181,0.641738357150862,0.5275804779662827,0.41169109406995885,0.5112017609183527,0.4106415532160082,0.597902476626897,0.588371544754573,0.7275314297718698,0.6286331796753074,0.5466444038821511,0.4759167645181587,0.5647194891452171,0.5310709978459819,0.6542303885264157,0.7546475425667122,0.590635158798635,0.4330388168667898,0.5142905134557627,0.42548778882870414,0.4702046128715046,0.5539423127842642,0.5409786264057719
FOODS_3_401_TX_3_validation,0.658764686607772,0.6174840005927723,0.6195537879981955,0.6268819204587546,0.6812590874743715,0.7868126686474456,0.8500765302530225,0.6754964319047839,0.5720637906254061,0.6676737986515241,0.5671135909491785,0.7253217951415085,0.7333148330781998,0.8772146627922085,0.7632376031996674,0.6571156883141199,0.5672548103884653,0.6785642539719825,0.5687426834228382,0.7419304795356456,0.8281386276191804,0.7213873805120421,0.5637910385801959,0.6715710083091855,0.5827682836821259,0.6313857665472035,0.7147228962028831,0.6632025557796928
FOODS_3_402_TX_3_validation,0.07320484061569409,0.2752128264431803,0.27092804776489887,0.27092804776489887,0.30409175992651516,0.4278053358846915,0.4799308398397893,0.4031819550669994,0.2856039617286339,0.3668556583176078,0.34795050359150487,0.49425430360811834,0.4801587652689124,0.6217343654240567,0.5168516112832819,0.43131983438792865,0.3641609839302989,0.45296370855735846,0.4088778079730994,0.5820656040859061,0.6341911080410041,0.5293083539002293,0.37171201196838455,0.45296370855735846,0.3641609839302989,0.4088778079730994,0.49261550788585984,0.4856363255515788
FOODS_3_403_TX_3_validation,3.280945703191536,3.0233644548558924,2.8284486199526384,2.935488830493338,3.1783946625958457,3.5615019897577684,3.8470381458020233,3.414084347536554,2.7125509186790313,3.2963960067446183,3.0286622264091347,3.3745467572397123,3.6025518018103497,4.200585181758483,3.788368902194617,3.3757617722817796,3.189866292219974,3.174295993806501,3.075006151933808,4.076235368677475,4.595889941059478,3.889622022208534,3.0735825148122338,3.2290839185394065,3.03495142244522,3.5225288686358196,3.7877409590159203,3.770001078938986
FOODS_3_404_TX_3_validation,0.08913492920613213,0.5871073497245856,0.5828225710463042,0.5828225710463042,0.5256282398997096,0.5657092664635079,1.0883488890475599,0.6226133479986585,0.5339852904112726,0.6220984263037243,0.5482635886855185,0.7047195409329444,0.701015941747152,1.2497095778144285,0.7113678374212173,0.6154441213724493,0.5463794902608096,0.643648614712588,0.6301810248400299,0.8029227805641463,1.274470015631318,0.7361282752381066,0.5573020146107424,0.6762389266930564,0.5959026018907156,0.6712377366452171,0.7653673757113911,0.9403565657998437
FOODS_3_405_TX_3_validation,1.0438541037877316,0.9489857643593218,0.8767175460181237,0.8156946530586822,0.8700718200742991,0.9881393495274854,1.1212431989837952,1.0081966090668257,0.8534223719505188,0.9673997189146892,0.8157517133786686,0.9899361955937359,0.9878153910611558,1.2436374234253225,1.029815645227685,0.9075236043879455,0.6808151754385038,0.8528553260598087,0.7957254034338004,1.0117493395482051,1.0766868931222167,0.8841190368378603,0.7229539059996505,0.6996494508230777,0.612677891548663,0.6612953744137406,0.7450330743265011,0.7584644511693719
FOODS_3_406_TX_3_validation,5.213845833412492,4.226432460117522,4.187606654691136,4.352609160382167,4.584109880853243,5.765620850348048,7.117188075870399,5.535530064074746,4.752058920785179,5.335182683777573,5.051133052640397,6.002828055175215,6.546497052791727,8.100909128890592,6.826627827523638,5.107917903956662,5.139735155471642,5.624999759742341,5.55171780143915,7.35377267857101,8.856275702700838,6.590595418958923,5.124155715730988,5.553296489343423,5.062349119480778,5.467643789999278,6.513900999185205,7.557279321136747
FOODS_3_407_TX_3_validation,0.5675410740417,0.5071941838827286,0.5029094052044478,0.5761685764079535,0.6275964046997187,0.79982726773212,0.9140773744776091,0.7588042099485944,0.5926591825880686,0.752652519288322,0.6450444471617185,0.8103005157783064,0.8421766784434607,0.9935061491231645,0.8266941982208728,0.7205722833353253,0.5312876134153284,0.6426447524992,0.5842005404777969,0.8398114856119908,0.7772334999044274,0.678335249807865,0.5207389078760187,0.5980899456427157,0.509287221015656,0.5579047038807337,0.6257474600936866,0.6127837737151943
FOODS_3_408_TX_3_validation,0.07458439092026299,0.2765923767477492,0.2723075980694678,0.2723075980694678,0.3054713102310841,0.42918488618926043,0.47532588610014653,0.41332872532905524,0.2869835120332028,0.37849043352815825,0.3595852788020553,0.49563385391268727,0.4815383155734813,0.6295861543013613,0.5306879042047983,0.4326993846924976,0.3655405342348678,0.4543432588619274,0.41025735827766835,0.5834451543904751,0.6295861543013613,0.5306879042047983,0.3730915622729535,0.4543432588619274,0.3655405342348678,0.41025735827766835,0.49399505819042877,0.48103137181193606
FOODS_3_409_TX_3_validation,0.8094105185979846,0.6701829278107769,0.5969948678922721,0.6043230003528312,0.6641720264348967,0.759315165804318,0.8364575639224194,0.635905435757434,0.5200160518611088,0.6156260598872267,0.5275225948018285,0.6857307989941586,0.7011006819161271,0.8621765607718841,0.7560524981899189,0.6499305833043715,0.5606121037650434,0.6426447524992,0.5842005404777969,0.8159948533853435,0.8772146627922085,0.7632376031996674,0.6096778275974473,0.7052878356235652,0.5976837423507579,0.6009568345849108,0.7151234664599639,0.7356327845343397
FOODS_3_410_TX_3_validation,0.6312950337421905,0.5801512592405064,0.5604603992214259,0.5707156241274074,0.5843452037343824,0.690884993933702,0.7370259938445882,0.5268723471150834,0.44387679640889427,0.5251284929978672,0.4428272555549436,0.5788758306655747,0.5647802923263687,0.700371388437302,0.6410641344880894,0.5430756149757875,0.4759167645181587,0.5647194891452171,0.5206335885609581,0.6938213846737655,0.7478153815952278,0.6410641344880894,0.47262981301413987,0.5538815096031126,0.4650787849760542,0.5097956090188536,0.593533308931614,0.5910070318381455
FOODS_3_411_TX_3_validation,0.8864816850881174,0.8741804660889921,0.9387574494873936,0.9460855819479524,0.9947030648130295,1.2109145778748722,1.2208355827390154,1.1023179372763887,0.8409495801008061,1.036585096306857,0.9029330041048738,1.094796096087265,1.1407987261404213,1.2966515950498834,1.1528227460414422,0.9081392475148996,0.8681332964758105,0.7996549446630735,0.706424765989885,0.946627474787019,1.0348416938055882,0.8952354059135571,0.7229539059996505,0.789466964224243,0.7006642395971834,0.749281722462261,0.8434568316600453,0.8244645317478043
FOODS_3_412_TX_3_validation,4.689057563290448,5.081147070912834,5.0429963837873215,4.693074996459517,4.7557354461394326,5.770035021154668,7.464237879313679,6.138430679919007,5.318358333443045,5.946318544097592,5.253997685852466,6.150044760339272,6.814496554792866,8.625331031287068,8.183497945906108,6.3748816390655865,5.3046271314455495,7.099271467173551,5.761349057590028,8.092467114997758,9.274678328056725,8.261147763917679,6.411357354664198,6.17960696036839,5.941412294041066,5.919321811173007,7.256362295066313,8.079981940524279
FOODS_3_413_TX_3_validation,1.48075665180374,1.1851427156094752,1.2179012005044587,1.1531135238272954,1.1918960984914126,1.50298835723255,1.790302593407114,1.3778831620516072,1.1560077532252868,1.3624339553846287,1.2544199165030019,1.4947554366965297,1.7157170810545461,1.8181884822935577,1.5371640936489643,1.3894143578823435,1.345880756559319,1.4790339139147861,1.4000873319658778,1.7721361692737494,2.371566127449737,1.4818989300833778,1.2160542821986913,1.4051180251794406,1.215063873331315,1.294864421745374,1.5551764305078126,1.7576324691612846
FOODS_3_414_TX_3_validation,0.5137881829342889,0.556428371639489,0.5722619063538738,0.6564881353726274,0.5532599860233641,0.6788814785365819,0.7169860376709571,0.5193122416898185,0.422123495558114,0.5003680551809788,0.4180668177380544,0.5665721354656328,0.5524765971264268,0.6832142177394672,0.5783314635986931,0.48034294408639244,0.41318409362876224,0.5019868182558213,0.4702046128715046,0.6433924089843112,0.6955179129394091,0.590635158798635,0.4330388168667898,0.5142905134557627,0.42548778882870414,0.5097956090188536,0.593533308931614,0.5865541265973334
FOODS_3_415_TX_3_validation,1.0871105945828239,0.9812091313067917,0.9290098570377875,0.9405152795563096,0.9596385142412215,1.1430586637215316,1.3103948369720777,1.0962434431607817,0.9413062732155878,1.0947902524863597,0.9363560735393601,1.0979554771412863,1.1533787787260754,1.3645132262191826,1.21485532024852,1.0454193535443776,0.9414388853777074,1.06316256889153,0.884284693062112,1.338618133166376,1.156913892343431,0.9328991295093341,0.7775150568404637,0.8083005192033241,0.7194977945762645,0.7694295668367368,0.8899295640696416,0.9082986746547241
FOODS_3_416_TX_3_validation,0.9406413650128709,0.7982005613287776,0.7937061599850055,0.8061629026019531,0.8228330594344202,0.9863659476522669,1.0818178240249667,0.8297713939236193,0.6261176138151241,0.7406355372222385,0.6400753295198929,0.7982835337122229,0.7844998297718653,0.9429912963531745,0.7882666493519916,0.6821447344664442,0.5928262549271162,0.7052878356235652,0.6468436236021622,0.8464237853476362,0.9201801125881817,0.7936665351619601,0.6096778275974473,0.6905976542705078,0.5976837423507579,0.6313857665472035,0.7151234664599639,0.7481693023680202
FOODS_3_417_TX_3_validation,0.3694410149333444,0.3988343957078972,0.40700635964656307,0.4168694481332478,0.5192366165248862,0.6053480276603529,0.6704590282513929,0.6044778382467241,0.523954695763526,0.6271707129226309,0.4978761087572525,0.6521836541273043,0.588371544754573,0.7554319276545417,0.6433233610283648,0.5372014461428174,0.4913746215731175,0.5984363164595968,0.44898656145346383,0.6433924089843112,0.6955179129394091,0.590635158798635,0.4330388168667898,0.5142905134557627,0.42548778882870414,0.4702046128715046,0.5539423127842642,0.5469631304499836
FOODS_3_418_TX_3_validation,0.3387482176921434,0.47676525192043734,0.4724804732421559,0.4724804732421559,0.5056441854037711,0.6479212843740879,0.8279697998679292,0.7283752779863019,0.6018855519760661,0.7084440832487189,0.6008360111221154,0.7780863646162339,0.8013103371961444,0.9249889715832889,0.7707376561719793,0.6499305833043715,0.5606121037650434,0.6426447524992,0.5842005404777969,0.7984658602053313,0.8991628020524915,0.6387442536605151,0.48114791172867,0.5584989494953658,0.4696962248683074,0.5097956090188536,0.593533308931614,0.5865541265973334
FOODS_3_419_TX_3_validation,1.6927053217160248,1.3204585128447144,1.1334499283901307,1.2106185693449194,1.306617681810431,1.6834964531339516,1.848139818331904,1.5045249473552778,1.3225925957481437,1.4737735373262897,1.3185907524940719,1.5570814121526646,1.6685180101946597,2.0068354892167792,1.7607186004331299,1.5496247553218132,1.3574692814847535,1.520101909923262,1.410552178009389,1.8105573305604359,2.3910878331372536,1.6788022545954644,1.1723456005304904,1.4439892073632037,1.3123317625064381,1.3081136549581234,1.5124848270109394,1.9465013415733372
FOODS_3_420_TX_3_validation,0.5380472785475859,0.577093989071013,0.5613037878742094,0.5613037878742094,0.512097382069778,0.6097281615063233,0.6873698842424237,0.6134354832029582,0.497546099306634,0.5970567661550279,0.4964965584526836,0.6654892618047957,0.6370203998823777,0.7445673383242946,0.6000935880361706,0.5416960646712186,0.47453721421358974,0.5633399388406481,0.5192540382563892,0.6924418343691966,0.7671054933169309,0.628846604641416,0.47125026270957093,0.5525019592985436,0.46369923467148527,0.5084160587142846,0.5525627624796953,0.5851745762927645
FOODS_3_421_TX_3_validation,0.4393772421529259,0.46706949995753977,0.5069931573188604,0.5042549547578252,0.4703323437362682,0.49237629511558595,0.5442769791770106,0.47922878772119026,0.3714727991981106,0.46518123840403214,0.38288000096110747,0.5189285760717384,0.5171367329324745,0.6527278290434078,0.5538295789468453,0.4558410594345443,0.4363257683708086,0.5251284929978672,0.48104259241360925,0.6542303885264157,0.700371388437302,0.6014731383407396,0.44387679640889427,0.5538815096031126,0.4645363865897274,0.4702046128715046,0.5539423127842642,0.5409786264057719
FOODS_3_422_TX_3_validation,1.8335410220307764,1.7393375589408662,1.6324323014651427,1.6838149172307382,1.947411878277891,2.1552750845088138,2.414695251484507,1.9788439512427467,1.8323807221371424,2.0496462852064212,1.7835917777704091,2.118459790712809,2.2297619082164797,2.8618558209018685,2.274093634943753,2.077029119366704,1.871127385155413,2.015119292214881,1.7797792026190322,2.1388851668233935,2.22549938804521,2.0257414776547,1.7183300481693364,1.8990480738611135,1.7085421600356145,1.7258440328793812,2.083584667601334,2.236794585506029
FOODS_3_423_TX_3_validation,2.2594095752972705,2.013259408607773,1.9314399615248472,2.0555363293395796,2.135715420151319,2.3301104202212803,2.771851838733952,2.182094111978325,1.9557859235009596,2.217468603425046,2.0383148000764937,2.333798992839914,2.4772573968051095,3.2177214359298776,2.5002303518247118,2.3212196278748247,2.0873252376592735,2.064948434305483,2.057319978173285,2.6899548599969365,3.079272052821917,2.5303735248674677,1.8697029968021528,2.108722269638711,1.9858548986682114,2.1613842636739493,2.3067906463883006,2.697937271494097
FOODS_3_424_TX_3_validation,0.8976641023714623,0.7808575962562976,0.7800002912162982,0.7726721587557392,0.8286177740813758,0.905652756196745,0.9748158058168269,0.9020449203690496,0.7381883160371427,0.8590508172330517,0.758490609530706,0.9166988137230361,0.9029151097826784,1.0489140480453432,0.9370856286011826,0.7910260625637838,0.7269600761942467,0.803873732672711,0.7601197020043654,0.9368762870235364,1.0034068017786795,0.8062933762534609,0.6241295784090257,0.7014806161757227,0.612677891548663,0.6937190511688524,0.7042854869178593,0.6957305962906422
FOODS_3_425_TX_3_validation,0.5103047476513074,0.513175673011503,0.46097639874249996,0.42702318760887803,0.4717400116516785,0.5264049568288133,0.5442769791770106,0.47922878772119026,0.3869366787811671,0.46518123840403214,0.38288000096110747,0.5189285760717384,0.5048330377325324,0.6404241338434659,0.5429915994047405,0.4450030798924397,0.42548778882870414,0.4666469540618695,0.4702046128715046,0.595748849590417,0.7291244050425473,0.6302261549459849,0.47262981301413987,0.5538815096031126,0.42548778882870414,0.4702046128715046,0.5539423127842642,0.5409786264057719
FOODS_3_426_TX_3_validation,0.5414958962816,0.557191778704447,0.5627700885128503,0.6172337494584349,0.6543458098049904,0.6260946585402173,0.7303926597264738,0.587796340895554,0.47190695699923,0.5838743664645711,0.5229051549095753,0.6772127002796284,0.652991587054247,0.8226492439886307,0.7079434033280388,0.6018214884424914,0.5928262549271162,0.6998879498135968,0.6518811470772176,0.7837807022232709,0.9332454461809284,0.6891732293499695,0.5315768874181233,0.5980899456427157,0.509287221015656,0.60055626432783,0.6416424037934941,0.6205509953325964
FOODS_3_427_TX_3_validation,0.48914657010807033,0.4348837976186043,0.48700979829170415,0.4013101056479378,0.47609202788680766,0.5400198545094794,0.5861608544203657,0.47922878772119026,0.3714727991981106,0.4527244957870846,0.3823376025747807,0.508090596529634,0.49399505819042877,0.6295861543013613,0.5306879042047983,0.4326993846924976,0.3655405342348678,0.4543432588619274,0.4225610534776103,0.5834451543904751,0.6418898495013032,0.5429915994047405,0.3853952574728955,0.4666469540618695,0.37784422943480983,0.4225610534776103,0.5062987533903699,0.4933350670118781
FOODS_3_428_TX_3_validation,0.6649945697793328,0.6013792051915033,0.6157247349573935,0.6484277484784744,0.7271103295396212,0.8495909565314352,0.951108403191614,0.7016180251411062,0.6113982471745334,0.7518087912399068,0.6149663217126867,0.8541276815089112,0.8264937090062153,1.035497169364434,0.8954587266712322,0.8499129890427083,0.7157939734641248,0.7980247309217199,0.60949027083148,0.7826780669442874,0.8366720638657497,0.7213873805120421,0.5637910385801959,0.6411420763468928,0.5719303041400212,0.5901188550428063,0.7042854869178593,0.706168005575666
FOODS_3_429_TX_3_validation,1.0126344612643208,0.9547752111724748,0.9758319385620359,0.9465897736719164,1.025296897465285,1.2513102372722544,1.3953869177842784,1.1931306996936422,0.9999533597815126,1.1706855465263377,1.019745162200467,1.2567064178083842,1.2516388886105498,1.5797979406583056,1.2648799112858315,1.1590187813523265,1.0025164514468343,1.0308905941735316,0.9831832435173191,1.083157565102886,1.2741788797737768,0.9629363763877354,0.7745079198743546,0.8702262965791042,0.7208120839716592,0.8116737158790696,0.9168535652819414,0.9142831786989358
FOODS_3_430_TX_3_validation,0.4958986846387932,0.4461521365937323,0.5253817540249376,0.5138763315064154,0.45493366054171475,0.5467562778466529,0.6565732476091353,0.587796340895554,0.47190695699923,0.5875797167752811,0.4459814174099605,0.6125926579799544,0.588371544754573,0.7554319276545417,0.6433233610283648,0.5372014461428174,0.36046969386116173,0.5019868182558213,0.4702046128715046,0.6310887137843693,0.6955179129394091,0.590635158798635,0.4330388168667898,0.5142905134557627,0.42548778882870414,0.4702046128715046,0.5539423127842642,0.5865541265973334
FOODS_3_431_TX_3_validation,1.6453567788966736,1.6342467435345256,1.6362953573609522,1.8270457605631094,1.8968363652454892,1.990070377350068,2.32120608553036,1.8822535426344964,1.5223113064050093,1.781854912389958,1.6130725988716967,1.9014440663777599,2.03821709352318,2.373698714519652,1.907934268342488,1.5814463695840522,1.615242498994458,1.7779683604301117,1.7015664736469793,2.1264456889561103,2.642723610670429,1.9487498264753644,1.6508345247933436,1.8645759713632948,1.6413369533153284,1.686342859799211,1.9675090633019308,2.082373359719713
FOODS_3_432_TX_3_validation,2.8755576832585206,2.7954878620338866,2.892032594903123,2.944789424246075,3.242744732216267,3.984776712520346,3.9127936632593476,3.3653187459902836,2.9288775252613846,3.4170589630906907,2.8610333765106906,3.3796830251210785,3.576205309468619,4.39035291294642,3.5454758562682493,3.1576820156585788,2.7503631565724294,3.0863569109989495,2.8924377564925776,3.7936632402378563,3.9817545215795622,3.381820045008871,2.7038368140167313,3.020499565014591,2.7846506685303734,3.0276625324049538,3.673214614927536,3.3527767002634454
FOODS_3_433_TX_3_validation,1.545786305085188,1.4806890837249682,1.2156359250015287,1.2519121744826769,1.3884448022594882,1.5164914754236667,1.6960041968140211,1.4481750085080816,1.2365556805674212,1.3665730068549855,1.2206179587684685,1.450928270965925,1.5579814898062827,2.0230629272981293,1.6882143336956172,1.5244688273829328,1.3444916265530387,1.4939953546222948,1.4341477047980968,1.823082423495563,2.0659254116256385,1.7785001140182586,1.2075774000370838,1.413890930118782,1.3374501846056726,1.318581886787503,1.587246353030305,1.7203092119198238
FOODS_3_434_TX_3_validation,0.7418108857328704,0.7401100088476554,0.7205466100048993,0.676210712788972,0.6679508079120267,0.8021713139093734,0.8400608999685482,0.7585948745526851,0.6540979998494997,0.7497080078756176,0.6297566740735436,0.7879648782658737,0.8053444915757657,0.9076435947545012,0.8083516931440204,0.6233988609997402,0.5523393517198332,0.6411420763468928,0.6313857665472035,0.8045735626600109,0.8711040774151536,0.7665014704563952,0.5529530590380913,0.6644383790777908,0.5415013721777286,0.5901188550428063,0.6738565549555667,0.652765146494669
FOODS_3_435_TX_3_validation,1.9792250117019003,2.03266484049233,2.0168026655753057,1.8802331968763457,2.0438189219151077,2.283417196506747,2.488169614304668,2.293556029957866,1.9376275943301495,1.9768859820801445,1.9167240600335185,2.1646367283090178,2.3048836524450222,2.4502362853488173,2.114525713174451,1.9947650433267445,1.8423571192729506,1.88637190967468,1.9312219162126987,2.3300326054603153,2.4711728247460605,2.159412391116733,1.9017592461292943,2.0240128742579615,1.900768837261918,1.8043799919448114,2.150025138751013,2.2805099492884766
FOODS_3_436_TX_3_validation,0.5256792909997318,0.472664268525814,0.46673715581569514,0.4305990189403229,0.5502862980120506,0.645429437381472,0.7411456604891018,0.5504635995432879,0.4345742156469637,0.5340848824953577,0.43352467479301304,0.5855987814269551,0.5760678495546311,0.7275314297718698,0.6286331796753074,0.5070534077348015,0.43578336998448186,0.5128247977979253,0.48104259241360925,0.6542303885264157,0.700371388437302,0.6014731383407396,0.44387679640889427,0.5538815096031126,0.42548778882870414,0.5097956090188536,0.593533308931614,0.5910070318381455
FOODS_3_437_TX_3_validation,2.154429340797856,1.8720552360186018,1.8926265521436507,1.9034840895961072,1.9250393236142551,2.235050849974514,2.4201301571048033,2.024136489450656,1.5527273259511605,2.0080587603520614,1.8031123286407464,2.0807502997291376,2.1372561317139223,2.643740836796425,2.2732791237606502,2.0125097958169156,1.9723438414296013,2.117490353975081,2.044810806788113,2.6258289510553263,2.911086003503971,2.3312797400536653,2.005480980275275,2.078203970134847,1.758925398142613,2.065136400224064,2.424434373960767,2.5224779565999373
FOODS_3_438_TX_3_validation,2.0932484237447446,1.8293909412497544,1.7971291544663701,1.8856350067282126,1.9191992634474722,2.3736785256670374,2.619812092532414,2.30290927562756,2.0825918556628555,2.36447705084393,2.0708242367396084,2.356477904778692,2.485266945365332,3.260613236710804,2.4354046674533607,2.243122542126034,2.066269676083237,2.2049373038495186,2.1662540537046375,2.996656211528998,2.9736682993512535,2.3793837948003067,1.9268604184464642,2.2143817050910477,2.0632138893241745,2.175226439880043,2.52690905078654,2.596809614424877
FOODS_3_439_TX_3_validation,1.375452952825875,1.0981165094315823,1.135008578566775,1.1320792937634914,1.3451865424485843,1.3952417065111202,1.3953483237144646,1.2287163261727994,1.0581195021754957,1.1613544591935638,1.0688289565513782,1.1574053954680805,1.1843654931136296,1.3030754206447455,1.1191314827909509,1.0156747954326182,0.9414388853777074,1.0482011281840213,0.9603118101310256,1.2769366611774802,1.2371926384931689,1.061830478718001,0.840815963901037,0.9808325186662566,0.8591088351524334,0.9044732522718683,1.0908255846321633,1.1036516947937496
FOODS_3_440_TX_3_validation,0.23189991091820028,0.2765923767477492,0.2723075980694678,0.2821706865561524,0.34544718627650006,0.42342520203872097,0.4813103901443582,0.4045615053715683,0.2869835120332028,0.36823520862217674,0.3595852788020553,0.49563385391268727,0.4815383155734813,0.6231139157286256,0.5306879042047983,0.4326993846924976,0.3655405342348678,0.4543432588619274,0.41025735827766835,0.5834451543904751,0.635570658345573,0.5306879042047983,0.3730915622729535,0.4543432588619274,0.3655405342348678,0.41025735827766835,0.49399505819042877,0.48701587585614775
FOODS_3_441_TX_3_validation,0.04059500930546011,0.2752128264431803,0.27092804776489887,0.27092804776489887,0.30409175992651516,0.4278053358846915,0.4799308398397893,0.4031819550669994,0.27683674177114703,0.3668556583176078,0.34795050359150487,0.49425430360811834,0.4801587652689124,0.6217343654240567,0.5168516112832819,0.43131983438792865,0.3641609839302989,0.45296370855735846,0.4088778079730994,0.5820656040859061,0.6341911080410041,0.5293083539002293,0.37171201196838455,0.45296370855735846,0.3641609839302989,0.4088778079730994,0.49261550788585984,0.4856363255515788
FOODS_3_442_TX_3_validation,0.7070553239633378,0.6476723763029356,0.6172337494584349,0.6464759143485544,0.7008530813641713,0.7869644924996381,0.8885040791219037,0.7139239807736653,0.6104913394942875,0.5874600375705962,0.48703569159454707,0.6269849255274548,0.6128893871882488,0.7880714794465319,0.6014731383407396,0.5430756149757875,0.4759167645181587,0.5647194891452171,0.5206335885609581,0.6938213846737655,0.7478153815952278,0.673278285650162,0.5048439641762112,0.5860956607651852,0.4972929361381262,0.5420097601809262,0.6257474600936866,0.6232211830002181
FOODS_3_443_TX_3_validation,0.33383277591628174,0.37039184637258477,0.4381160412852692,0.3269465696303573,0.3711377788259861,0.43473989654930356,0.48088089646018967,0.47922878772119026,0.3714727991981106,0.4527244957870846,0.38288000096110747,0.5189285760717384,0.49399505819042877,0.6295861543013613,0.5306879042047983,0.4326993846924976,0.3655405342348678,0.4543432588619274,0.41025735827766835,0.5834451543904751,0.6295861543013613,0.5306879042047983,0.3730915622729535,0.4543432588619274,0.3655405342348678,0.41025735827766835,0.49399505819042877,0.48103137181193606
FOODS_3_444_TX_3_validation,22.215993257649096,19.638538685760032,19.000533584447453,19.429411742882834,20.714984053724084,27.60272001025776,29.871708914104232,27.001286706577183,19.73228214695456,23.18629708127861,21.16957363862661,26.60323835580628,28.84085711819974,34.149483657519305,30.047294623634624,28.469602678020205,22.289778423770716,25.45838186369405,24.976299970431675,31.33252095166079,38.63580525578463,30.808883794551036,22.981417577449005,25.328057192180168,23.26913360414473,24.457113301821924,29.645713382215288,30.95354706471355
FOODS_3_445_TX_3_validation,0.32904350896166884,0.28743035628985375,0.2826031792252456,0.2821706865561524,0.34544718627650006,0.5013481888635684,0.5417295046239151,0.4767248080458768,0.36063481965600597,0.4418865162449799,0.3595852788020553,0.49563385391268727,0.4815383155734813,0.6171294116844139,0.5306879042047983,0.4326993846924976,0.3655405342348678,0.4543432588619274,0.41025735827766835,0.5834451543904751,0.6295861543013613,0.5306879042047983,0.3730915622729535,0.4543432588619274,0.3655405342348678,0.41025735827766835,0.49399505819042877,0.4933350670118781
FOODS_3_446_TX_3_validation,0.8388375224207425,0.9779877323229028,1.0093009366388537,1.1351392838825605,1.2138152779807263,1.32558314715933,1.3752266411138188,1.1073651100623985,0.992368046865765,1.185119698359078,1.0376894954952587,1.3265316581563689,1.3378416607089099,1.5319567329297097,1.5193650631659363,1.4254872517512163,1.2572398562502538,1.267932123973038,1.1657948230194555,1.4813372781794665,1.5988775204848535,1.3832204376127104,1.077259557812117,1.1842469712973878,1.0709896876082838,1.1130663944772647,1.3934510941817828,1.2280606823862186
FOODS_3_447_TX_3_validation,0.6765307940751161,0.6035015764538304,0.609207347438558,0.6660032936030608,0.6857206247808638,0.7689848006838109,0.8151258005946972,0.6047158378554809,0.49980708456492184,0.6054873490548707,0.5280837225303013,0.6769658091991684,0.6119139407655627,0.7475050368764959,0.6312075342192567,0.5360662499394744,0.46890739948184545,0.6057675200809727,0.5310234760853219,0.7409550331129595,0.7870960330238458,0.6707985303666065,0.5160494236672799,0.5864631407141493,0.5061268159118085,0.5919906438526398,0.6728811085328806,0.6703548314394121
FOODS_3_448_TX_3_validation,2.0339525823898548,1.8116139856185751,1.9140527874159625,1.9900411291761,2.1341846103046525,2.392408338267939,2.559480827808623,1.9252770388873037,1.550174809419645,1.776321333975207,1.6325434695027266,1.9119776517810034,2.0512825185226347,2.1023039653753677,1.8918759319417193,1.7378628912073006,1.5393331286552827,1.800764010918797,1.6864053711348959,2.1091605773735713,2.2190802927092586,1.9759084176026116,1.6286577748548716,1.8579984852646314,1.6744405623403436,1.6186451972764708,1.8843079092577508,2.262859279504219
FOODS_3_449_TX_3_validation,3.134675359019296,2.9389851660378734,2.835325984991328,2.9059934254049,3.0992941582546805,3.595538876831239,3.9613723493053947,3.3863598281639185,3.0895528363249616,3.3344122636836597,3.004828488895349,3.3552655152912405,5.01822572553859,4.303264493703682,3.687425998684228,3.409094730373452,2.8358978300596283,3.1211647562567,3.08442997302145,3.8162816972277582,4.0512415563132835,3.460832541913949,2.7169840485042536,2.944827160810677,2.6863106330407613,2.929449958091666,3.3770761522172235,3.3022301150522404
FOODS_3_450_TX_3_validation,1.4291828864099176,1.15737115898396,1.2004685717593198,1.2096069223903516,1.3393857213009568,1.4438216181042849,1.4888197672228618,1.300655633385984,1.163770697491932,1.28109055856965,1.1588204978157048,1.3841593588154293,1.4294781552863067,1.6563293544887432,1.456226782131228,1.343308385803109,1.2214034029120049,1.346090160442753,1.27448629943664,1.6903956873506187,1.7147401829965798,1.3683796848207723,1.134204556685612,1.2444765533390725,1.1227528698252496,1.201666757448909,1.4292602925325208,1.3006295646576653
FOODS_3_451_TX_3_validation,7.476215751751704,7.203074320595064,7.754834879446798,7.631931976670744,8.246613230816124,9.25439709859591,9.463499329586869,8.607783362287615,7.6621296054811205,8.401227557623159,7.561648641617855,9.096396501272961,9.859787294967369,11.06090868285379,10.357966162310134,9.543786698953399,8.241686391690344,9.308026339483439,9.971442116737572,12.264340892193806,11.096968407503532,10.514782486221794,8.26148060483119,9.913032242531116,8.47959791747548,9.344152019694917,10.36403464608879,9.447364459368014
FOODS_3_452_TX_3_validation,0.23189991091820028,0.2765923767477492,0.2723075980694678,0.2821706865561524,0.34544718627650006,0.42342520203872097,0.4813103901443582,0.41332872532905524,0.2869835120332028,0.4418865162449799,0.3595852788020553,0.49563385391268727,0.4815383155734813,0.635570658345573,0.5306879042047983,0.4326993846924976,0.3655405342348678,0.4543432588619274,0.41025735827766835,0.5834451543904751,0.635570658345573,0.5306879042047983,0.3730915622729535,0.4543432588619274,0.3655405342348678,0.41025735827766835,0.49399505819042877,0.48701587585614775
FOODS_3_453_TX_3_validation,0.30147430353059057,0.34616676936013907,0.4151411618853642,0.4151411618853642,0.42268878434237367,0.5064264842551333,0.48088089646018967,0.47922878772119026,0.36063481965600597,0.4418865162449799,0.3595852788020553,0.49563385391268727,0.49399505819042877,0.6295861543013613,0.5306879042047983,0.4326993846924976,0.3655405342348678,0.4543432588619274,0.41025735827766835,0.5834451543904751,0.6295861543013613,0.5306879042047983,0.3730915622729535,0.4543432588619274,0.37784422943480983,0.4225610534776103,0.5062987533903699,0.48103137181193606
FOODS_3_454_TX_3_validation,3.7698430909452365,3.82304123162609,4.253636593704147,3.5193124538563736,3.9685587250620267,4.365152245326675,5.040445992104329,4.3406314509957316,3.6630302710616225,4.4407206434536155,3.3444830842182327,5.138237297736651,4.553937693319589,6.500612800101163,6.05778221420907,4.935616039527927,4.107659342961055,5.438319505095235,4.430280055231697,6.361822485424327,7.578694634328817,6.767370582793874,4.621345297264034,5.496526750433044,4.737685956353381,4.753360540015355,5.9744790197660445,6.751712611993484
FOODS_3_455_TX_3_validation,19.568554647778097,16.128405340738844,15.274576287906966,15.433796194215148,18.13915829793223,21.294310640683786,23.16105191081059,21.280754846764562,16.741809608082338,18.18032901937655,17.36175782914977,20.35334804040621,21.828126477169615,24.59393995822749,21.08266328363595,19.475739679999652,16.30167249750624,18.73726080539474,18.339894389300074,22.661279372792904,25.36862054343241,21.579272908587903,17.359156627823726,18.677568826593486,16.69817828775081,18.81413992414027,21.299651155802454,21.17086183708057
FOODS_3_456_TX_3_validation,0.5118355673702057,0.5286273183222504,0.5230923420314284,0.5345977645499506,0.5090727530039437,0.606703532440489,0.6602951647304505,0.6002530835125014,0.4593346534638531,0.558845320312247,0.45828511260990246,0.6521836541273043,0.6383999501869466,0.7482010917981419,0.6014731383407396,0.5034846188284383,0.43578336998448186,0.5142905134557627,0.4702046128715046,0.6433924089843112,0.6955179129394091,0.590635158798635,0.4330388168667898,0.5538815096031126,0.42548778882870414,0.5097956090188536,0.5539423127842642,0.5865541265973334
FOODS_3_457_TX_3_validation,0.07458439092026299,0.2765923767477492,0.2723075980694678,0.2723075980694678,0.3054713102310841,0.42918488618926043,0.48409310605763345,0.41332872532905524,0.29723873693918434,0.37849043352815825,0.3595852788020553,0.49563385391268727,0.49399505819042877,0.6295861543013613,0.5306879042047983,0.4326993846924976,0.3655405342348678,0.4543432588619274,0.41025735827766835,0.5834451543904751,0.6295861543013613,0.5306879042047983,0.3730915622729535,0.4543432588619274,0.3655405342348678,0.41025735827766835,0.49399505819042877,0.48103137181193606
FOODS_3_458_TX_3_validation,9.186585398233907,7.891067248975496,8.31076390694073,8.64491740032505,9.849607908975377,11.447622250382594,11.269760800738425,10.119009781381317,8.62138528028093,9.993689010768803,8.659446996056724,10.566233739515784,11.052291445686194,12.625353944006767,10.727147791741263,10.172343301333093,8.83605722166418,9.857784076855562,10.342077759972499,11.962093080965486,12.12642865035793,10.592393787897347,8.895866958495747,9.898741200264286,8.704274064204537,9.584808339139316,11.063824171661079,10.9082974849064
FOODS_3_459_TX_3_validation,3.129179307493418,2.819005724023095,2.9180266099953327,2.8017053636665206,3.1560949384358423,3.543060631018639,4.127984396683152,3.305014750992305,2.956396997551021,3.2962984043307824,2.982721598304428,3.427384970716651,3.718965411952224,4.553707484636711,3.6614383607554024,3.25616108700529,3.0156843532601907,3.4363300582412046,3.066575694450751,3.9845482001915964,4.4330741732633365,3.5655730076783674,2.9360332423154216,3.07931967432781,2.9107364558640434,3.0304198978529273,3.474367513979577,3.5043049613463455
FOODS_3_460_TX_3_validation,1.6544830610142114,1.449856756580197,1.1991131468263971,1.2119360471359355,1.3268891661492193,1.4628909088295727,1.5904883584860576,1.3485542314813703,1.2171954357202577,1.3260275817020455,1.1736716812433785,1.3881409918515877,1.4727315564677181,1.8024168685697997,1.4792220237819762,1.2434015920989019,1.1394211239322318,1.2611448074460543,1.267197143255054,1.515213865436866,1.7612362751314325,1.4958138767463898,0.9742886715812279,1.1990755699265223,1.018813988513099,0.966125209857062,1.181491076923057,1.185794080277113
FOODS_3_461_TX_3_validation,6.404322970173389,5.066500016169377,4.993960083923857,4.96186755698602,5.206009544691674,6.605533416386781,7.057791331464506,5.812000683087135,5.322717234381345,5.897996474150941,5.595296313226506,6.444649188598445,7.620835328070234,9.005757252467937,7.791603372882742,6.476965650030778,5.7766716303903305,6.146538106538112,5.92574699514306,7.682214414077634,8.245607122678544,7.067357835203429,5.607704686095984,6.173338485363572,5.40643909359698,5.621085046202644,7.1362165273834375,6.9601394372516765
FOODS_3_462_TX_3_validation,10.967941992816726,9.617969083273223,9.69460277911533,9.098023770141783,9.665440221956391,11.061103628723913,11.204360238204522,8.730635326669809,7.907091295982642,8.520454941881495,7.573679907185765,9.254796529856211,9.836583483573145,11.219616939776563,10.163329159826688,8.961468487470368,7.994153973560719,8.896998767861675,8.874925010549289,11.290677768978911,12.309242986115121,10.75401157873101,8.69911910906552,10.468156381642755,8.647338747201633,10.102212507891076,11.527762413564881,11.06594030341507
FOODS_3_463_TX_3_validation,0.3833132359533755,0.41660026232626374,0.4642061438462819,0.35357907057769655,0.3867427827393129,0.49428434002520516,0.5660923990826524,0.5512299738140383,0.4103115437653899,0.5098222106137837,0.40926200291143927,0.5635695482814913,0.586991994450004,0.7540523773499728,0.6419438107237959,0.5430767815013942,0.42210012447997103,0.5114452474933564,0.4673593469090983,0.6405471430219049,0.6926726469770028,0.6000935880361706,0.44249724610432534,0.5166163134619037,0.4118045433241933,0.4688250625669357,0.5525627624796953,0.5455835801454146
FOODS_3_464_TX_3_validation,0.37473206786854113,0.4112911383248445,0.39550093712804096,0.40700635964656307,0.4401700718081795,0.5477116290940706,0.6730563022858079,0.5526095241186072,0.4367201402222829,0.5362308070706769,0.5229051549095753,0.6918978582616888,0.588371544754573,0.7890384197576799,0.6829143571757147,0.5767924422901672,0.36864666079034664,0.5142905134557627,0.4702046128715046,0.6433924089843112,0.6895334088951974,0.5783314635986931,0.4330388168667898,0.5142905134557627,0.42548778882870414,0.4702046128715046,0.5539423127842642,0.5409786264057719
FOODS_3_465_TX_3_validation,0.2858587885665344,0.33546984445584915,0.3399522857350547,0.3484186855597737,0.40077047536332966,0.5054647974167013,0.5588316098129897,0.5429918453129343,0.4040544303091474,0.48530612689812147,0.42392803189686323,0.5689094597434519,0.5519666861717266,0.735201341676554,0.6189038390193148,0.5433211356026201,0.44576572473979903,0.5430348491915764,0.5078818013432754,0.6782223622235632,0.7243633621344495,0.6080658594772103,0.4533167527778847,0.5345684493668575,0.454232124564518,0.5201854965432172,0.6010759612234582,0.5881122748449659
FOODS_3_466_TX_3_validation,0.04197455961002902,0.2765923767477492,0.2723075980694678,0.2723075980694678,0.3054713102310841,0.42918488618926043,0.47532588610014653,0.4045615053715683,0.27821629207571597,0.36823520862217674,0.3493300538960738,0.49563385391268727,0.4815383155734813,0.6171294116844139,0.5182311615878509,0.4326993846924976,0.3655405342348678,0.4543432588619274,0.41025735827766835,0.5834451543904751,0.6295861543013613,0.5306879042047983,0.3730915622729535,0.4543432588619274,0.3655405342348678,0.41025735827766835,0.49399505819042877,0.48103137181193606
FOODS_3_467_TX_3_validation,0.37566105802398975,0.35100422640182904,0.3945496170296158,0.40700635964656307,0.4401700718081795,0.5477116290940706,0.647298475065433,0.5898862013794237,0.45128209021730886,0.5507927570657027,0.4978761087572525,0.6374934727742468,0.6279625409019228,0.7513841705015913,0.6593180813765134,0.5430756149757875,0.4363257683708086,0.5288338433085772,0.4702046128715046,0.6433924089843112,0.6895334088951974,0.590635158798635,0.4330388168667898,0.5019868182558213,0.42548778882870414,0.4702046128715046,0.5539423127842642,0.5409786264057719
FOODS_3_468_TX_3_validation,2.357974081868421,2.25168577831502,2.0837358980564207,2.103580259223338,2.2371100744730104,2.540436009608506,2.8775953208694474,2.3305453542977097,2.129426433283852,2.4002462111907517,2.0084609617188605,2.4900868035990893,2.6797425173238887,3.221455193191587,2.7061116831330314,2.2832126054801023,2.134642571684938,2.4350957901909465,2.133818305187488,2.8524588131685746,3.1038690611784263,2.7005064065578743,2.2066516993003717,2.412847530079304,2.185837879344283,2.2224708376498197,2.6608445749844702,3.048518670635489
FOODS_3_469_TX_3_validation,3.1766683666227604,2.6681655289010084,2.663359497020891,2.496651729069747,2.6209410014588084,3.360099942613243,3.6479641642267304,2.8400794540752994,2.4765997213194693,2.663330485418764,2.501757784964668,2.8428749829837563,2.9798225374494174,3.9583471267302386,3.0770885992198633,2.7259855392529775,2.425952668231816,2.6858605839540544,2.5144273594539523,3.3247410184954065,3.610736397287495,3.386012087228643,2.6530646056461973,2.86638081509614,2.4749129931806926,2.619806670402268,3.211582573851663,3.2888296328342723
FOODS_3_470_TX_3_validation,0.2514295565962257,0.309174007858786,0.3048892291805046,0.31335562900522357,0.3554521939027979,0.4850857545859416,0.5312267544968267,0.49812520405760286,0.39321645076704276,0.4744681473560167,0.4006333097378111,0.5456147375843997,0.541128706629622,0.6767198027405553,0.6080658594772103,0.512924575197428,0.44576572473979903,0.5430348491915764,0.5078818013432754,0.6782223622235632,0.7243633621344495,0.6080658594772103,0.4533167527778847,0.5345684493668575,0.454232124564518,0.5078818013432754,0.6010759612234582,0.5881122748449659
FOODS_3_471_TX_3_validation,0.47803930126039573,0.4348837976186043,0.4668646169920193,0.4151411618853642,0.4703323437362682,0.5121861684056725,0.6002110435599141,0.4896661970062139,0.36063481965600597,0.4418865162449799,0.3595852788020553,0.49563385391268727,0.49399505819042877,0.6295861543013613,0.5306879042047983,0.4326993846924976,0.3655405342348678,0.4543432588619274,0.41025735827766835,0.5834451543904751,0.6295861543013613,0.5429915994047405,0.3853952574728955,0.4666469540618695,0.37784422943480983,0.4225610534776103,0.5062987533903699,0.4933350670118781
FOODS_3_472_TX_3_validation,0.261651275312202,0.31363604242422294,0.2978458412274194,0.3178176635706605,0.35991422846823473,0.4895477891513784,0.5356887890622636,0.5025872386230383,0.3976784853324798,0.47893018192145376,0.4050953443032481,0.5625335147667841,0.5455907411950589,0.6811818373059921,0.6125278940426471,0.5173866097628648,0.45022775930523595,0.5474968837570132,0.5227812451937357,0.6718464172468955,0.7179874171577818,0.6016899145005425,0.4469408078012171,0.5281925043901898,0.4478561795878504,0.5015058563666078,0.5947000162467905,0.5817363298682982
FOODS_3_473_TX_3_validation,3.190307281602316,3.0894293256112952,2.931785593604614,3.060236540791233,3.2521842436673807,3.7745083882502914,4.096320363984859,3.352496964572123,2.934612622970074,3.3043567070139837,2.762405017046549,3.5133926796430535,3.639032788762978,4.180877530244274,3.510780709030381,3.200759878115013,3.0300189565830635,3.1026752321930355,2.8758081848301185,3.8240184349771873,4.309743297576928,3.4082854047567808,2.7381044260245457,2.9968295446404594,2.6863106330407613,2.929449958091666,3.3852898778447575,3.373596112495281
FOODS_3_474_TX_3_validation,2.8659458305077896,2.099508051512011,2.08249006597132,2.255327323606202,2.4387270431596884,2.7416546694224317,2.121822776168652,1.8000334156826927,1.5400324229397977,1.738154187461494,1.5970373870221446,1.7633885076640963,1.7119791047332527,1.9705831002338239,1.7870556117043128,1.6883110872668068,1.4794647262829017,1.6703577353268664,1.5499468753682142,2.073234401176295,2.1673310485335433,1.9839274772396094,1.667313900081516,1.9344072821062734,1.721563087391707,1.8208549391269895,2.3788454245567574,2.164690928038767
FOODS_3_475_TX_3_validation,1.3788963120562412,1.2616852822915128,1.2637338961179398,1.2173589738255544,1.2971595222396133,1.5824041857160496,1.9432022902088126,1.5839757247943937,1.1851602241760026,1.5519225183766314,1.4619812938162153,1.6828046970399835,1.9353109420314494,2.0661457638282528,1.6956885059585614,1.6154996994583006,1.4766762506973006,1.4754621711710496,1.5322264412977222,1.923068804874225,2.423582668594837,1.62993662071657,1.3580301923396463,1.4468005325731166,1.3409255688432573,1.4207261172573162,1.6498973732228983,1.7283592889742696
FOODS_3_476_TX_3_validation,3.3849715185851346,3.0239727709731223,3.101505079225061,3.1310035417945907,3.4627529030729556,4.162602888175612,4.445863917010015,3.8281222288107246,3.336867313932749,3.867707849823921,3.3832286739555473,4.132125208283012,4.146663284536524,5.348085397083703,4.049378823346719,3.591839217836388,3.334683127936741,3.6278435976906587,3.488106130060049,4.3630835127494425,4.752399990768854,3.9913887938964727,3.086099326533341,3.4242465142392264,3.0522086790809198,3.2129121855734573,3.732295364479087,4.0397315197517285
FOODS_3_477_TX_3_validation,5.118793245493104,4.941421122444753,5.184101207073873,5.190484451383096,5.399485968010854,6.663683615941379,6.744346347941775,5.9504605460307465,5.055276076815578,5.9219411989142285,5.099364731735159,5.979016138827396,6.9929661805129895,7.004368011338583,6.241326344038667,5.238853321265801,4.869796979889285,5.612878503008443,5.275173801269618,6.712323548781916,6.518583754186927,5.770178810864815,4.868534969712024,5.4047225525200115,4.871293929695893,5.199664739791977,6.55819420499187,6.111959947509542
FOODS_3_478_TX_3_validation,1.298112075354465,1.276688557791119,1.240230566830839,1.2404865926336615,1.2589996720309549,1.319762727940482,1.4722885630659932,1.2574299515705525,0.9566042479991564,1.2204749639113173,1.0867709973196726,1.3116700952197662,1.354148802666644,1.5748043198923931,1.4044464208386054,1.255296224367567,1.184900641742607,1.2477533286763143,1.0256973262606777,1.4300503031658818,1.525246302466326,1.4203910653240235,1.1327707684033057,1.29486653730193,1.1454451354197719,1.0330367213533846,1.2286247253622518,1.2329277287163076
FOODS_3_479_TX_3_validation,1.248391071158217,1.2952547254622386,1.2644306424711969,1.2892014694338232,1.4241952331448395,1.5820631056117882,1.6269227539779387,1.3784472358802977,1.2208960265153115,1.3172142155566264,1.2420667588841803,1.4915610209318926,1.5882271466524207,1.975919001433725,1.6920166620530264,1.581951692473283,1.428600879462255,1.4353775533174953,1.4341477047980968,1.830130287919821,2.408181947123058,1.7678293103896427,1.2473704872221891,1.4683125685781804,1.259890077000935,1.4341743288897961,1.5167013919284795,1.635781672367869
FOODS_3_480_TX_3_validation,0.6966329655160933,0.7250793339256096,0.7392137275286833,0.7684558924188033,0.7763257878752388,0.7893898584470962,0.8717279637662685,0.8134403784642354,0.6731344226186524,0.7687444306447704,0.6081901170383833,0.7879648782658737,0.7637437650404922,0.9452091587405058,0.8186955813142841,0.7125736664287367,0.5982261407370846,0.7052878356235652,0.6468436236021622,0.8464237853476362,0.9762108959769016,0.7518163124743348,0.5942199705424885,0.6715710083091855,0.5822258852957992,0.6309851962901226,0.6738565549555667,0.652765146494669
FOODS_3_481_TX_3_validation,0.44238477795987347,0.4255487559306888,0.42950315041112525,0.4496214638037913,0.5362361088725023,0.6256195640913843,0.5855314533756416,0.47922878772119026,0.419116358592005,0.5003680551809788,0.4305235603550018,0.5665721354656328,0.5524765971264268,0.6880676932373601,0.6014731383407396,0.5034846188284383,0.4363257683708086,0.5251284929978672,0.48104259241360925,0.6542303885264157,0.700371388437302,0.6014731383407396,0.44387679640889427,0.5142905134557627,0.42548778882870414,0.4702046128715046,0.564379722069288,0.5409786264057719
FOODS_3_482_TX_3_validation,1.0460044972829006,0.9194479412023903,0.9211775328532643,0.9211775328532643,1.0546937565517747,1.1362411902179266,1.2249343094343412,1.0476635315676175,0.8927263616224226,0.9957092020942969,0.8804870057646087,1.0533571985842805,1.1129901471434422,1.6168683225349159,1.039526460429125,0.8824945582356213,0.7779716916826239,0.8541414227294887,0.7802675463788415,1.041307342415261,1.1225230151524634,0.8965265259542341,0.7272753323611543,0.8003049437663474,0.7115022191392878,0.7601197020043654,0.8330194223750215,0.856808401794175
FOODS_3_483_TX_3_validation,0.8346500154702441,0.8329112081020796,0.9068700771733998,0.8941700014759286,0.9299677724270895,0.9725751339289147,1.0086066976264574,0.917033315042144,0.815796082201699,0.9428988966410765,0.8108458825254713,1.0005468931310608,0.9846192760881126,1.207102057314648,1.0587403070461001,0.9258479240924513,0.8187789930872863,0.9595674174623413,0.7590873553713157,0.9368602116716115,0.9959313809300967,0.8344141225706018,0.650425415006089,0.7786212395029204,0.7115022191392878,0.6730148178419113,0.7450330743265011,0.7584644511693719
FOODS_3_484_TX_3_validation,0.45224786644655807,0.4354118444173734,0.42786081637928775,0.32748896801668403,0.4402935456933474,0.49237629511558595,0.5442769791770106,0.47922878772119026,0.3714727991981106,0.46518123840403214,0.38288000096110747,0.5189285760717384,0.5048330377325324,0.6404241338434659,0.5306879042047983,0.4450030798924397,0.37784422943480983,0.4666469540618695,0.4225610534776103,0.595748849590417,0.6418898495013032,0.5429915994047405,0.3853952574728955,0.4666469540618695,0.41318409362876224,0.4225610534776103,0.5062987533903699,0.4933350670118781
FOODS_3_485_TX_3_validation,1.495139507234996,1.3855095057619327,1.3703808223728104,1.4045686563813535,1.5429097267621175,1.577908730793819,2.0700366662345915,1.5098883839244812,1.2952976769983524,1.3915591311222069,1.1995401398949255,1.3728941133379968,1.393623767922417,1.5669608784332656,1.4663134388596897,1.328971365197265,1.1762043687571972,1.3597509567930097,1.253555900627956,1.5661601196586796,1.8497258264024972,1.5232322532248344,1.2362682873258912,1.3256696493402242,1.208702385836516,1.0727325677598774,1.3662467542936214,1.4013153802241733
FOODS_3_486_TX_3_validation,0.3947412185659791,0.3658296697426269,0.2958652321054958,0.31762587952999943,0.3507895916916158,0.43473989654930356,0.48088089646018967,0.5021229396231609,0.3839295418150581,0.46518123840403214,0.38288000096110747,0.5189285760717384,0.5048330377325324,0.6404241338434659,0.5306879042047983,0.4450030798924397,0.37784422943480983,0.4543432588619274,0.4225610534776103,0.5834451543904751,0.6418898495013032,0.5306879042047983,0.3730915622729535,0.4543432588619274,0.3655405342348678,0.41025735827766835,0.49399505819042877,0.48103137181193606
FOODS_3_487_TX_3_validation,1.921504674405166,1.6547245415132767,1.6195534696474565,1.7489496819367099,1.7181301344872513,1.9719889683120577,2.441248874804784,1.8618624823966083,1.499626305965307,1.725281724459568,1.5716065835971045,1.8358341654192112,1.9665220819969327,2.1876896115076305,1.8578890465855153,1.7020405220897037,1.6014561235831113,1.6351939284503552,1.5927853781798176,1.960558613158618,2.0751491588812496,1.759504487999224,1.2995468684557574,1.5151915922659833,1.4240848699508701,1.4592522580568796,1.6233972587575236,1.7459051664813774
FOODS_3_488_TX_3_validation,1.5979832758652823,1.5917210687372223,1.4240385089977998,1.5448185166669777,1.4990403562922898,1.8281774197511766,1.890962146023025,1.6249658788087469,1.3601776328258732,1.6476152374306288,1.5639257340888917,1.751396706351755,1.8329326518889044,2.4194767707146636,1.8598012514448243,1.5109221897911524,1.5370935179441163,1.4180385740760058,1.2559596806021889,1.6962577337614995,1.9816364392160704,1.5875091420454164,1.1604110975264197,1.4046367195138636,1.1103829408868564,1.2585322166155084,1.4777039288121343,1.4831726029486134
FOODS_3_489_TX_3_validation,2.1290293653077943,1.9556763044413512,1.968171651882348,2.0260851630439203,2.1392676559464747,2.161409372956345,2.318014488958843,2.081681712699145,1.741959455410658,2.039188937484351,1.7496281300204908,1.8800572816735859,2.0135311597960253,2.3462636710107896,2.091224214260362,1.8630602480087677,1.7019581530386452,1.88080346335592,1.7664448235720194,2.304727320041759,2.414647035377446,2.1509942018217574,1.7861154213915575,1.9749624517660322,1.6570576414650136,1.6694388543446015,2.2281706143198132,2.086393962349323
FOODS_3_490_TX_3_validation,0.7060307044374801,0.7236413085169344,0.6933560666774905,0.5938720661985636,0.6747037002257137,0.7532012423342643,0.8287625139702953,0.6765822939665632,0.547034744473082,0.6426447524992,0.5420845447968543,0.7002927489891844,0.7082857869258755,0.8772146627922085,0.7936665351619601,0.6801093245865009,0.5523393517198332,0.6715710083091855,0.6009568345849108,0.8045735626600109,0.885789235397214,0.7409783329322301,0.5833819910003839,0.6644383790777908,0.5415013721777286,0.5901188550428063,0.6738565549555667,0.6205509953325964
FOODS_3_491_TX_3_validation,6.688145207946222,5.447574358195466,5.110091102059848,5.133873745090468,5.926959998449944,7.713448903215397,7.713901136364626,6.539804538609603,5.289021070450985,5.752356884961297,5.281791089903896,6.04483458465144,7.472129047867615,7.4944389744450035,6.457343441262167,5.667865048785709,5.246213206431702,5.805891005577606,5.479292411666897,7.265747454730608,7.7518220192144005,7.416349195025168,5.287139217290008,5.6427254546302885,5.298469038753048,5.611370917150786,7.486192656553095,6.713643993759814
FOODS_3_492_TX_3_validation,0.7010632983242285,0.7401100088476554,0.7319245713470971,0.7611667362372171,0.8097842191022947,0.8664998096028346,0.8518415545102038,0.7628735756268634,0.675454461158413,0.7303168817758893,0.6919481305659466,0.7879648782658737,0.7637437650404922,0.9201801125881817,0.7936665351619601,0.7575333608182878,0.4754981799543145,0.6715710083091855,0.6009568345849108,0.7741446306977182,0.8585675595814731,0.7518163124743348,0.5529530590380913,0.6607330287670808,0.5719303041400212,0.6205477870050988,0.7147228962028831,0.652765146494669
FOODS_3_493_TX_3_validation,0.07320484061569409,0.2752128264431803,0.27092804776489887,0.27092804776489887,0.30409175992651516,0.4365725558421784,0.4886980597972762,0.4119491750244863,0.2958591866346154,0.3771108832235893,0.3582057284974864,0.49425430360811834,0.4801587652689124,0.6217343654240567,0.5293083539002293,0.43131983438792865,0.3641609839302989,0.45296370855735846,0.4088778079730994,0.5820656040859061,0.6341911080410041,0.5293083539002293,0.37171201196838455,0.45296370855735846,0.3641609839302989,0.4088778079730994,0.49261550788585984,0.4856363255515788
FOODS_3_494_TX_3_validation,0.5733228503936258,0.5394036718318644,0.519712811812784,0.5414734592372876,0.5843452037343824,0.7144762463619063,0.6962784064359464,0.5268723471150834,0.44387679640889427,0.5128247977979253,0.4305235603550018,0.5665721354656328,0.5524765971264268,0.6880676932373601,0.6014731383407396,0.49118092362849697,0.4363257683708086,0.5251284929978672,0.48104259241360925,0.6542303885264157,0.700371388437302,0.6410641344880894,0.47262981301413987,0.5538815096031126,0.4650787849760542,0.5097956090188536,0.593533308931614,0.5910070318381455
FOODS_3_495_TX_3_validation,2.4223839698092218,2.237596018154497,2.237321504560568,2.3012895211075044,2.550374046450679,3.081528964689469,3.625409425753468,2.9812137210107235,2.455397872238525,2.725226464699516,2.603045668609651,2.753094639653579,3.0997549333050793,3.482841092067982,2.7970660235888265,2.4963391518976863,2.175303929905076,2.401509605848055,2.2749130447098733,2.8917439388649835,3.1231386076440217,2.675569043838119,2.2033341551440775,2.5408470083089365,2.3530482543521805,2.393641935231158,2.798918697104231,2.93155671242071
FOODS_3_496_TX_3_validation,1.9571299959015032,1.8914289930202715,1.8410075702398583,1.879977306159909,1.9211866610515953,2.2744552857643545,2.4174348375009402,1.961389627922443,1.5628719507282505,1.9691214476350543,1.692679445362472,1.9502339537721658,2.0157707705071917,2.833579823885334,2.0834015288006356,1.8373113220478507,1.6899563842500462,1.9087394763884018,1.8081607600030722,2.342091312412261,2.4923753615134907,2.1235213258864425,1.62079732900769,1.9237009170959105,1.6057961067948918,1.8131370759906247,2.2281706143198132,2.0923784663935345
FOODS_3_497_TX_3_validation,1.043315487000476,1.0467269535328814,1.000251247224303,0.9588845430364136,1.0075020259014904,1.1424102001190903,1.1790042800952696,0.9791794323618811,0.8607115281321049,0.978031389209823,0.8877761619461949,0.9879715274568589,1.0493425029496461,1.1778625628397945,1.0682431940965642,0.9532060389199724,0.8105645155899281,0.9322881991037515,0.8521606190863524,1.1081866112552092,1.1905247165743815,1.029815645227685,0.8500167935380648,0.9289721700458081,0.7785140900689506,0.681774695503297,0.8427706101385041,0.8244645317478043
FOODS_3_498_TX_3_validation,2.859683676639726,3.146179581740465,3.4253622502015193,4.122706216580455,4.501612094434026,5.313406931614307,6.289212161419703,5.532491572057612,5.266166263704793,5.585847960197997,5.024505405983929,5.96714225459274,6.128812543481915,7.911334913172314,7.99454364889896,5.840745652687474,5.19854245504209,7.013456226257952,5.549697870423703,7.704247674970181,8.95290108583643,7.676987712034026,5.6544640758450555,6.505832267652701,5.259587274416774,5.429943762000407,6.658162131554481,7.921628840335241
FOODS_3_499_TX_3_validation,11.121030461469699,9.46926047376753,8.574969706989295,8.5713573333264,9.58141360201431,11.279648453046004,12.827589407867775,12.031409040875,9.423573571556528,10.575404726751621,9.7025572620846,11.83478113434135,12.975352934916778,14.55551809657032,13.850346978305474,11.845798134539463,9.79477332919958,10.937689585090872,10.690266398597393,12.783425598652801,14.761900956456856,12.974942023021182,9.659698625310938,10.869221162715467,9.339383626401263,9.943678269001358,10.959370593171668,11.36822642649214
FOODS_3_500_TX_3_validation,0.08542237046236752,0.28743035628985375,0.28314557761157233,0.28314557761157233,0.32507650973067553,0.43795210614674734,0.48409310605763345,0.41332872532905524,0.36063481965600597,0.4418865162449799,0.3595852788020553,0.49563385391268727,0.49399505819042877,0.6295861543013613,0.5306879042047983,0.4326993846924976,0.3655405342348678,0.4543432588619274,0.41025735827766835,0.5834451543904751,0.6295861543013613,0.5306879042047983,0.3730915622729535,0.4543432588619274,0.3655405342348678,0.41025735827766835,0.49399505819042877,0.48103137181193606
FOODS_3_501_TX_3_validation,6.436212697137469,5.461997377616394,5.5492313124797015,5.291004098926952,5.692347274295975,6.8209368356584745,8.257297474337365,6.531537289239732,5.325131051145639,6.155519866793791,5.97045867321268,6.8396260296914475,7.2598110691837645,9.080545226094683,7.800312330360508,5.811290893861592,5.894635286367126,6.5929279642493706,6.090368652812155,8.694364363345551,10.432003851077912,7.786081815148275,6.269830967399083,7.18992002389751,5.747710636883527,6.478459570645699,7.898659219031671,9.025409162176334
FOODS_3_502_TX_3_validation,1.5916186411274484,1.427583677161965,1.273988151088965,1.2940506797427613,1.4597447144573426,1.3918762505157931,1.6267459677091278,1.497507564282437,1.2847442329514143,1.429946371595685,1.2847887947595384,1.4920597817452272,1.5530254137359805,1.9522244282273944,1.6234191362411485,1.4014367463372297,1.3186780297307907,1.4619377235868134,1.3654146590310732,1.7365010917455528,1.9205913557443854,1.5994432534163119,1.0523909128593225,1.2297863719860151,1.1343509875072806,1.0668110254235699,1.2953683474815154,1.2983661374562656
FOODS_3_503_TX_3_validation,5.658637904703067,4.781522271926115,4.725484140661408,4.800441611156141,5.430578681002697,6.515909243230558,6.3979018957966804,5.33627131766709,4.786250066196045,5.284793787637476,5.048463611013869,5.907213973539526,6.539265723696252,6.999757408304884,6.228155538758826,5.536753447338052,5.107584189529718,6.010418712967312,5.425124534244302,6.7026914244232785,7.103111909421656,6.0128063627047,5.016807177332039,5.394535470540726,4.843404714528512,5.149375353054398,6.508245792119126,6.2785821789106775
FOODS_3_504_TX_3_validation,1.1289408679529664,1.2327086844584838,1.2076542109692823,1.3227217401960971,1.4737566830545807,1.653060588051685,1.5912851983775214,1.463853042465343,1.3017206843905653,1.5058288637447788,1.3283147161982825,1.5629805743792509,1.647247957215101,1.9142687067252735,1.755570023615187,1.4937047847904803,1.3904813914744893,1.4596817766774062,1.4778054507560339,2.0286296288956946,1.9396403435840885,1.5290735611472142,1.2313088246950763,1.4005279277392986,1.2763939937500182,1.356194542164077,1.683710780104328,1.509579299351197
FOODS_3_505_TX_3_validation,0.9243304526333028,0.8939347135057782,0.9211775328532643,0.9326829553717865,1.005495523695637,1.2686650474795336,1.1215671574501251,0.947164598871563,0.8220162024502908,0.9636943686039793,0.8484721722742912,1.036027523076023,1.038905093664623,1.2289522654432625,1.0682431940965642,0.9459511532568267,0.8414282867038295,0.9289721700458081,0.8207544495861245,1.1081866112552092,1.1966280964778147,0.9205838151430576,0.7572453180336908,0.8227072876517925,0.7303357741183693,0.7601197020043654,0.9073645892137463,0.8244645317478043
FOODS_3_506_TX_3_validation,0.3047463476140058,0.34616676936013907,0.3937726508801574,0.28314557761157233,0.31630928977318856,0.44879008568885187,0.5009155896439492,0.47922878772119026,0.3714727991981106,0.4527244957870846,0.37042325834415996,0.5189285760717384,0.5048330377325324,0.6464086378876776,0.541525883746903,0.4435373642346023,0.37637851377697246,0.46518123840403214,0.42109533781977293,0.5942831339325796,0.6464086378876776,0.541525883746903,0.3839295418150581,0.45804860917263734,0.41318409362876224,0.41025735827766835,0.49399505819042877,0.48701587585614775
FOODS_3_507_TX_3_validation,0.2427378904603049,0.28743035628985375,0.28314557761157233,0.2821706865561524,0.34544718627650006,0.42342520203872097,0.48409310605763345,0.41332872532905524,0.35037959475002445,0.4418865162449799,0.3595852788020553,0.49563385391268727,0.4815383155734813,0.6171294116844139,0.5306879042047983,0.4326993846924976,0.3655405342348678,0.4543432588619274,0.41025735827766835,0.5834451543904751,0.6295861543013613,0.5306879042047983,0.3730915622729535,0.4543432588619274,0.3655405342348678,0.41025735827766835,0.49399505819042877,0.48103137181193606
FOODS_3_508_TX_3_validation,0.9717034181667311,1.0122562643280655,0.9923926442272558,1.1449417455989948,1.1053193972464463,1.2905351726997616,1.4740565502428975,1.1280982659153047,0.9804647635269786,1.0927316383487071,1.0048111953251433,1.2043990400342381,1.284682449773674,1.4382523983174527,1.0948193402626991,0.9586486611176948,0.8886779046096095,0.9892163658875852,0.9796637827282109,1.1797174723152186,1.3003158389160605,1.049482418423223,0.8536691597225372,0.913263757818507,0.8496716138890515,0.925006748643553,1.0860196274181353,1.1080454102098347
FOODS_3_509_TX_3_validation,0.09418959041985446,0.2961975762473406,0.2919127975690592,0.2919127975690592,0.33533173463665705,0.43473989654930356,0.48088089646018967,0.41583270500436853,0.3714727991981106,0.46518123840403214,0.38288000096110747,0.5189285760717384,0.5048330377325324,0.6295861543013613,0.5306879042047983,0.4326993846924976,0.3655405342348678,0.4543432588619274,0.41025735827766835,0.5834451543904751,0.6295861543013613,0.5306879042047983,0.3730915622729535,0.4543432588619274,0.3655405342348678,0.41025735827766835,0.49399505819042877,0.48103137181193606
FOODS_3_510_TX_3_validation,0.6155579555300585,0.5064605346356239,0.5120388444440271,0.5788062005895537,0.6036145657361672,0.606703532440489,0.6628924387648655,0.587796340895554,0.4843636996161775,0.5838743664645711,0.5229051549095753,0.6376217041322786,0.652991587054247,0.814067465910004,0.7079434033280388,0.5767924422901672,0.4913746215731175,0.5984363164595968,0.44898656145346383,0.6542303885264157,0.7399623845846518,0.6410641344880894,0.48346779255624434,0.5538815096031126,0.4650787849760542,0.5202330183038774,0.593533308931614,0.5805696225531217
FOODS_3_511_TX_3_validation,8.621594560919949,7.141606814496771,6.699395800978581,6.570077778366206,7.325126609253243,8.206910062267768,9.367891158213283,7.857570005038757,6.787580162877732,7.4938329451283705,6.555230670389359,8.549950721913131,8.75635364096762,10.107563594890628,8.96063608480436,8.540760485852967,6.944306791003215,7.886863741874229,7.486882413919408,9.768695701511954,11.157377404131237,9.792950015418368,7.366135243755887,7.938930244283776,6.948496083748511,7.243646154845809,8.718587095818148,9.39702560906379
FOODS_3_512_TX_3_validation,0.07458439092026299,0.2765923767477492,0.2723075980694678,0.2723075980694678,0.3054713102310841,0.42918488618926043,0.47532588610014653,0.4045615053715683,0.2869835120332028,0.36823520862217674,0.3595852788020553,0.49563385391268727,0.4815383155734813,0.6171294116844139,0.5306879042047983,0.4326993846924976,0.3655405342348678,0.4543432588619274,0.41025735827766835,0.5834451543904751,0.6295861543013613,0.5306879042047983,0.3730915622729535,0.4543432588619274,0.3655405342348678,0.41025735827766835,0.49399505819042877,0.48103137181193606
FOODS_3_513_TX_3_validation,0.5466104365549196,0.6359652476141336,0.6300381349040147,0.4502245841752452,0.4734300342416996,0.6370785180628259,0.7050116125819533,0.6782716285287325,0.5945963957944799,0.6248655989177704,0.5223627565232487,0.6376217041322786,0.6134005909068971,0.8200519699542157,0.7079434033280388,0.6249015371520473,0.5350406592263927,0.49778082351632785,0.4702046128715046,0.6433924089843112,0.6955179129394091,0.590635158798635,0.4330388168667898,0.5538815096031126,0.42548778882870414,0.4702046128715046,0.5539423127842642,0.5865541265973334
FOODS_3_514_TX_3_validation,1.2282543212557817,1.3268164397432596,1.4323578064670381,1.337508945256007,1.3956315295334973,1.7331930370281015,1.69482904137383,1.4488009207717898,1.038878831835764,1.3161145780178662,1.1938445172639212,1.4191833782636456,1.4727315564677181,2.0510847018727802,1.3230127921187176,1.12532989137252,1.0646776980569403,1.1395235713672367,1.0731494296928041,1.2708420463896537,1.4070268006744988,1.0259913546687744,0.8673074562671533,0.9295759245494337,0.8069020218904863,0.8558933406787036,1.0381470910033488,1.0781791565133756
FOODS_3_515_TX_3_validation,1.212119056859123,1.0022822969970393,0.9719970551575953,0.940642740732634,1.103273668144938,1.2400708018085058,1.222431273427197,1.0853723402530906,0.9445200743675468,1.0839191495786686,0.8874404277457185,1.0865676743941923,1.1530336134001922,1.258520220692326,1.1181475258823788,0.7739893976322965,0.8035431362212748,0.9252668197350982,0.8521606190863524,1.1384072651002992,1.2681943757295648,0.9629363763877354,0.7775150568404637,0.8388201270788762,0.7303357741183693,0.7789532569834469,0.8549258831363684,0.9187360839397479
FOODS_3_516_TX_3_validation,9.173620853668494,8.24373861627029,7.760137730660183,7.905038225394735,8.231777099310353,9.946503923789919,11.542020615739293,9.522417013156922,8.220571314453599,8.977266366898096,8.101186894786077,9.554537056529075,10.706623365950366,12.229838540593562,10.307901783062585,9.267238977827748,8.417604849642196,9.076581229331198,8.704370760013866,10.950431868054714,12.229838540593562,10.67262874528649,8.584440176736578,9.448219976722992,7.688066576508519,8.507203534322676,10.042967612449239,10.367930153875045
FOODS_3_517_TX_3_validation,0.07458439092026299,0.2765923767477492,0.2723075980694678,0.2723075980694678,0.3054713102310841,0.42918488618926043,0.47532588610014653,0.41332872532905524,0.2869835120332028,0.37849043352815825,0.3595852788020553,0.49563385391268727,0.4815383155734813,0.6171294116844139,0.5306879042047983,0.4326993846924976,0.3655405342348678,0.4543432588619274,0.41025735827766835,0.5834451543904751,0.6295861543013613,0.5306879042047983,0.3730915622729535,0.4543432588619274,0.3655405342348678,0.41025735827766835,0.49399505819042877,0.48103137181193606
FOODS_3_518_TX_3_validation,0.2427378904603049,0.28743035628985375,0.28314557761157233,0.2930086660982568,0.37548979506111513,0.4321924219962079,0.48409310605763345,0.404994725462264,0.36063481965600597,0.4418865162449799,0.3595852788020553,0.49563385391268727,0.49399505819042877,0.6295861543013613,0.5306879042047983,0.4326993846924976,0.3655405342348678,0.4543432588619274,0.41025735827766835,0.5834451543904751,0.6295861543013613,0.5306879042047983,0.3730915622729535,0.4543432588619274,0.3655405342348678,0.41025735827766835,0.49399505819042877,0.48103137181193606
FOODS_3_519_TX_3_validation,1.8376267396071881,1.877955156698454,1.4757481801651964,1.4389752292056308,1.5582737097940753,2.153135813535619,2.224643467379723,1.9503425150114113,1.5674121551599616,1.8116115563739965,1.5585145744958844,1.9698370265676501,2.052742871940393,2.4358969329412496,2.0881616438712274,1.6989309186939827,1.646292640552664,1.796030182479545,1.7399057713867714,2.145396108822437,2.393366203423922,2.11834900807604,1.578071172393942,1.6720985922454277,1.5040549335701168,1.589201664579505,1.8381907774835458,1.9681429312907461
FOODS_3_520_TX_3_validation,0.9975699650609073,0.8657834060545939,0.8621601451839933,0.9029077325926348,0.9588533479182716,1.217619857611986,1.1833158239479562,0.9157466191956802,0.8279910692364825,0.9163119210810142,0.8170660027740632,0.9899361955937359,0.9878153910611558,1.183847066884006,1.0829283520786241,0.7417678999561289,0.720541138003537,0.8264126379625024,0.7537007638136559,0.9080550049473822,1.0058225169165276,0.8952354059135571,0.6977014128298599,0.7123185957178272,0.6754117464273927,0.749281722462261,0.8077669292052307,0.8408864450770398
FOODS_3_521_TX_3_validation,0.39654714198944113,0.3466948161589082,0.3021680224750407,0.3120311109617253,0.3510021966365432,0.4981359792661254,0.5385172950264713,0.47922878772119026,0.3839295418150581,0.46518123840403214,0.38288000096110747,0.5189285760717384,0.5048330377325324,0.6295861543013613,0.5306879042047983,0.4326993846924976,0.3655405342348678,0.4543432588619274,0.41025735827766835,0.5834451543904751,0.6295861543013613,0.5306879042047983,0.3730915622729535,0.4543432588619274,0.3655405342348678,0.41025735827766835,0.5062987533903699,0.4933350670118781
FOODS_3_522_TX_3_validation,0.32257791589167056,0.30288821334481236,0.29860343466653094,0.29860343466653094,0.3317671468281473,0.46361411815956916,0.5257481505133442,0.5111540400161847,0.38693065625306944,0.49014667341217444,0.37042325834415996,0.5100406223611542,0.49237629511558595,0.6439929227498294,0.5450946726532666,0.44710615314096586,0.37637851377697246,0.46518123840403214,0.42109533781977293,0.5942831339325796,0.6674129870254681,0.603854601122858,0.4207351216668479,0.5019868182558213,0.41318409362876224,0.4579009176715627,0.5416386175843223,0.52867493120583
FOODS_3_523_TX_3_validation,2.8685517300341514,2.6775806088559384,2.6809676841098837,2.6808402229335595,2.7654598170621814,3.3908197299052696,3.4435244895930746,2.956181144229899,2.456019813413432,2.974919700442118,2.751130184380333,2.9709999930656426,3.287359143336065,4.091891604469975,3.5770458343526945,2.9614993486673455,2.550338730609289,2.7502735824630937,2.671873037429078,3.306575858327891,3.514929246872648,3.0489854765637183,2.4561959979796493,2.6795460336007797,2.322976019452475,2.5014996203811934,3.03616237119697,3.0714422637032177
FOODS_3_524_TX_3_validation,0.08913492920613213,0.5871073497245856,0.5828225710463042,0.5828225710463042,0.5256282398997096,0.5657092664635079,1.0883488890475599,0.6226133479986585,0.5339852904112726,0.6220984263037243,0.5482635886855185,0.7047195409329444,0.701015941747152,1.2497095778144285,0.7113678374212173,0.6154441213724493,0.5463794902608096,0.643648614712588,0.6301810248400299,0.8029227805641463,1.274470015631318,0.7361282752381066,0.5573020146107424,0.6762389266930564,0.5959026018907156,0.6712377366452171,0.7653673757113911,0.9403565657998437
FOODS_3_525_TX_3_validation,3.211451685064208,2.9437708653053867,2.8597645246614865,2.8431093634640097,3.269398423482135,3.5480930532443025,4.206811389265129,3.1697848436272413,2.7019935314582497,3.0430296635498815,2.9310988262130575,3.258118482954906,3.382403831522361,3.8201611400672033,3.212102366236344,2.8209349144716707,2.7046786085449783,2.6310255070794657,2.6814018043218306,3.4315978404153604,3.5902680756046648,2.9583114143631213,2.2374753618005707,2.623878529561521,2.4709461870986242,2.521668560907819,3.174290362906378,3.454520341878482
FOODS_3_526_TX_3_validation,2.289859208676745,2.168359631950662,2.2397668871915912,2.486319218561462,2.58791328138122,3.2778857421668675,3.5571414428642267,3.168089489233504,2.73337290672213,3.0951938742694933,2.949621210512354,3.4133527863290243,3.531613840970383,4.167718300648699,4.1336721640048175,3.2182043892392755,2.9310173504888084,3.341185531461027,3.334292716908742,3.702955952015302,4.4464663486247025,3.19110078603905,2.4745664555448768,2.698404079562131,2.4735030802951963,2.5215577408016845,3.1258083492817037,3.208380565666356
FOODS_3_527_TX_3_validation,0.28559850489029415,0.33092439646324545,0.29860343466653094,0.3073706546240179,0.34053436678563426,0.45833114897750776,0.5176824654180074,0.5028200401493933,0.38693065625306944,0.48644132310146454,0.3983378580160662,0.5379552220330607,0.5284242901607369,0.6735686792222454,0.6286331796753074,0.5070534077348015,0.4363257683708086,0.5286972819042308,0.4914800016986329,0.6689155465084761,0.6832142177394672,0.5783314635986931,0.4207351216668479,0.5019868182558213,0.41318409362876224,0.4579009176715627,0.5416386175843223,0.5469631304499836
FOODS_3_528_TX_3_validation,0.3611118779731249,0.39767094842942813,0.3818807472326246,0.3933861697511467,0.46614087806011323,0.5861391779629518,0.7174683551989007,0.5910370729874884,0.5623822446324073,0.543251601530993,0.4428272555549436,0.5788758306655747,0.5647802923263687,0.7063558924815136,0.6014731383407396,0.5034846188284383,0.4363257683708086,0.5288338433085772,0.4579009176715627,0.6433924089843112,0.6832142177394672,0.5783314635986931,0.4330388168667898,0.5142905134557627,0.42548778882870414,0.4702046128715046,0.5539423127842642,0.5469631304499836
FOODS_3_529_TX_3_validation,0.6237346574857469,0.6040719310333832,0.619905465747768,0.6963280529494436,0.7741877007046407,0.7407444997173169,0.8651759499767996,0.8069133048104744,0.5926591825880686,0.7383154986824779,0.6681842229424247,0.8263924271347548,0.8126087231943971,0.9472389230296636,0.8333807392963445,0.6821447344664442,0.6640027742980503,0.7303168817758893,0.5597387394397081,0.7741446306977182,0.8645520636256848,0.7360725384941025,0.5637910385801959,0.6303040968047883,0.5415013721777286,0.6309851962901226,0.6738565549555667,0.6587496505388807
FOODS_3_530_TX_3_validation,7.700951658979288,6.895544176577151,6.4071474460644655,5.848529702852688,6.177977577205327,7.576457378723324,8.405263671718808,6.838117012938797,5.821040716295352,6.339662316552911,5.810961160259117,6.675628377012066,7.562765476334654,8.239351903613755,7.346022318187172,6.250994435192558,5.770750037706943,6.673701413619969,6.769615729775885,8.172620124046018,8.759681359977778,7.786123625450125,6.366448305015366,7.0426623459967,6.143852898078372,6.555745128967325,7.919987896388663,8.222708930042955
FOODS_3_531_TX_3_validation,0.5739854836234791,0.6149052599958841,0.5390019439203537,0.5751400807957258,0.5192366165248862,0.7014028316518827,0.7372914451706679,0.6148150335075271,0.49892564961120295,0.5984363164595968,0.5300902599193238,0.6990829632714373,0.6279625409019228,0.7513841705015913,0.6593180813765134,0.5430756149757875,0.4759167645181587,0.5647194891452171,0.5206335885609581,0.7085065426558259,0.6895334088951974,0.6302261549459849,0.47262981301413987,0.5538815096031126,0.4650787849760542,0.5097956090188536,0.593533308931614,0.5805696225531217
FOODS_3_532_TX_3_validation,1.1051801929794882,0.9514627746927083,0.9589739024900747,0.9253937991902004,0.981339414515837,1.0779864662101692,1.2086867077729129,1.078353944865285,0.9340171170340015,1.0442891136874617,0.910030494588621,1.0595279282724053,1.0960777746531256,1.298630444067606,1.0650434976091114,0.9516773979640313,0.8910252046484513,0.9181832727482888,0.8558933406787036,1.1234469917040497,1.1225230151524634,0.9776215343697958,0.7745079198743546,0.8388201270788762,0.7194977945762645,0.7610334211426795,0.8330194223750215,0.8244645317478043
FOODS_3_533_TX_3_validation,1.1279624215422577,1.0119588559733508,1.0075919158059032,0.9777198965178194,0.9298939561294617,1.1133141056097722,1.2330681344036203,1.0498509542153478,0.8927263616224226,1.0462103408931946,0.8877761619461949,1.067694219190124,1.1425581023925058,1.3811922303083892,1.1488379391800472,1.0340074481893047,0.8889170236388856,0.9572816532254163,0.875946070843476,1.1634363112526234,1.3066376476561212,0.9811903232761594,0.7745079198743546,0.8665209462683943,0.6403282722312209,0.7694295668367368,0.8680231033082947,0.8523554965533628
FOODS_3_534_TX_3_validation,1.3979332426323265,1.3373648758627643,1.3666734001446939,1.2496999018813548,1.2867542992013932,1.5761823174550742,1.5610953133593275,1.3642971977100689,1.1987947169401483,1.338182894100977,1.1352707406452132,1.2059041479221067,1.2384723612666686,1.4403292556318474,1.1989807719667909,1.1081042753267116,1.018813988513099,1.0122480628659152,0.9582974572297864,1.2147347391794365,1.3001076519600634,1.1131289066448142,0.9416393434793706,1.0448433921526055,0.8860053713006046,0.7987015770911957,1.0678916491151083,1.1210753336807433
FOODS_3_535_TX_3_validation,0.476261192937666,0.5198034442165343,0.5615198909003096,0.6126163095661817,0.656934979938135,0.5590599730465948,0.6394498101826697,0.6002530835125014,0.523954695763526,0.623465362611921,0.5229051549095753,0.6772127002796284,0.652991587054247,0.8200519699542157,0.7079434033280388,0.6249015371520473,0.5355830576127193,0.6426447524992,0.5842005404777969,0.8398114856119908,0.7544649873433937,0.6891732293499695,0.5315768874181233,0.5980899456427157,0.509287221015656,0.5683421131657574,0.593533308931614,0.5865541265973334
FOODS_3_536_TX_3_validation,0.10901362289057186,0.30288821334481236,0.3073706546240179,0.3073706546240179,0.34053436678563426,0.45833114897750776,0.5116979613737953,0.4394239574325728,0.38993779321917843,0.4527244957870846,0.38288000096110747,0.5189285760717384,0.5048330377325324,0.6404241338434659,0.541525883746903,0.4435373642346023,0.37637851377697246,0.46518123840403214,0.42109533781977293,0.5942831339325796,0.6551092918255262,0.5306879042047983,0.3730915622729535,0.4543432588619274,0.3655405342348678,0.41025735827766835,0.49399505819042877,0.48103137181193606
FOODS_3_537_TX_3_validation,1.059822973777292,0.9663405157957237,0.9843584644621167,1.0389187022800592,1.0155013207631967,1.2880610344225016,1.2309188134785531,1.0665369867716854,0.8959401627743819,1.0289196779042094,0.8874404277457185,0.9688149976735209,0.9954768855488724,1.146550634106785,0.9824331977047196,0.8601411568649803,0.7708226773256522,0.8528553260598087,0.8061628127188242,0.9751577208047983,1.0695741769945015,0.8841190368378603,0.7242681953950452,0.8199865720997948,0.7115022191392878,0.7505960118576557,0.9272909745669652,0.8627929058383866
FOODS_3_538_TX_3_validation,1.0066973710792335,0.9277757210613015,0.9311386242831228,0.990796068685576,1.0790648958243778,1.2649023710777212,1.312443599278477,1.0658879276352455,0.976630528040248,1.106647854327813,1.000976959838413,1.235117616372358,1.3112328463778704,1.4397259670376055,1.2525926223739414,0.9924244982638158,0.9458761516538624,0.9734901520783502,0.8399967191565743,1.0654339742029275,1.1379475278050688,1.022880241657807,0.8372990203769448,0.9313069249392517,0.8363086115095683,0.9116437462640697,1.0594174506527185,1.0281714097901344
FOODS_3_539_TX_3_validation,0.17247021791177714,0.36935194533212645,0.3620600296877361,0.3620600296877361,0.4039909618068396,0.5358379331382606,0.5977865236131764,0.5662766351705991,0.450387251274275,0.5498979181226689,0.44933771042032433,0.6512888151842704,0.6395244445758363,0.8091821015102201,0.6877435332804173,0.5816216183948698,0.4768126715780918,0.5838743664645711,0.440235050741161,0.6310887137843693,0.6772297136952555,0.5783314635986931,0.4207351216668479,0.5019868182558213,0.41318409362876224,0.4702046128715046,0.5539423127842642,0.5409786264057719
FOODS_3_540_TX_3_validation,5.490533101845051,4.407192931420714,4.439139548097277,4.655401737743748,5.123930644225541,5.762298082315593,5.9919684908139565,5.1852240031562475,4.504722164720223,4.927609253540425,4.472488104712063,5.094695342835386,5.660859541166677,6.069804132662318,5.5280885165133125,4.979689561562569,4.591296480318432,5.0611196742847735,4.980813746265824,6.126613374086721,6.660411867215876,5.9188565599758105,4.616067538789613,5.128029253635223,4.610572582584809,5.0022491950541665,5.927009967699996,5.9879118116924115
FOODS_3_541_TX_3_validation,0.08913492920613213,0.5871073497245856,0.5828225710463042,0.5828225710463042,0.5256282398997096,0.5657092664635079,1.0883488890475599,0.6226133479986585,0.5339852904112726,0.6220984263037243,0.5482635886855185,0.7047195409329444,0.701015941747152,1.2497095778144285,0.7113678374212173,0.6154441213724493,0.5463794902608096,0.643648614712588,0.6301810248400299,0.8029227805641463,1.274470015631318,0.7361282752381066,0.5573020146107424,0.6762389266930564,0.5959026018907156,0.6712377366452171,0.7653673757113911,0.9403565657998437
FOODS_3_542_TX_3_validation,0.04197455961002902,0.2765923767477492,0.2723075980694678,0.2723075980694678,0.3054713102310841,0.42918488618926043,0.47532588610014653,0.4045615053715683,0.27821629207571597,0.36823520862217674,0.3493300538960738,0.49563385391268727,0.4815383155734813,0.6171294116844139,0.5182311615878509,0.4326993846924976,0.3655405342348678,0.4543432588619274,0.41025735827766835,0.5834451543904751,0.6295861543013613,0.5306879042047983,0.3730915622729535,0.4543432588619274,0.3655405342348678,0.41025735827766835,0.49399505819042877,0.48103137181193606
FOODS_3_543_TX_3_validation,0.23189991091820028,0.2765923767477492,0.2723075980694678,0.2821706865561524,0.3396875021259606,0.42918488618926043,0.48409310605763345,0.41332872532905524,0.29723873693918434,0.4418865162449799,0.3595852788020553,0.49563385391268727,0.49399505819042877,0.6295861543013613,0.5306879042047983,0.4326993846924976,0.3655405342348678,0.4543432588619274,0.41025735827766835,0.5834451543904751,0.6295861543013613,0.5306879042047983,0.3730915622729535,0.4543432588619274,0.3655405342348678,0.41025735827766835,0.49399505819042877,0.48103137181193606
FOODS_3_544_TX_3_validation,0.7775308190326448,0.7163521523353482,0.6975723330144264,0.7098262078413023,0.7469382681878578,0.8290075367287372,0.8703862698805459,0.720167325683804,0.6042779417874788,0.6998879498135968,0.5993277421112512,0.7575359463035812,0.774181174325516,0.9022437089445328,0.7632376031996674,0.6875446202764126,0.5982261407370846,0.7052878356235652,0.6468436236021622,0.8464237853476362,0.9201801125881817,0.7936665351619601,0.6096778275974473,0.7052878356235652,0.5982261407370846,0.5442808823847494,0.7042854869178593,0.706168005575666
FOODS_3_545_TX_3_validation,1.4111724382273216,1.0857442250159197,1.1677182093269127,1.1043188063576268,1.1924601723201032,1.4269097016452834,1.5990880925066826,1.3434232164320818,1.1565718270539773,1.2581790656946485,1.155444337426439,1.355032182135533,1.4575943909424462,1.6705906357727889,1.4233785065230755,1.235172884234401,1.1682113136842145,1.26337737757454,1.1524011130739713,1.449340622571635,1.910348569445311,1.3714560905200326,1.1014543985056071,1.1510688915194833,1.0560705780898005,1.1314057128443002,1.3052160488409548,1.393433312066318
FOODS_3_546_TX_3_validation,3.8637821161435224,3.463082751496183,3.389329212679436,3.3846568086773337,3.6873740127389873,4.045347148622535,4.421795859495675,3.9490650449816824,3.181030027634506,3.7982647891091648,3.3832286739555473,4.152665956556678,4.226932341301763,4.567175269410893,4.306151512404487,3.6592054903527775,3.1165937777154653,3.6380301267179265,3.3844363725467868,4.173399248783946,4.4707153398593915,4.04345278472166,3.0455478284648687,3.401768295997799,3.017177460099689,3.414667006223236,3.732295364479087,3.827782568125557
FOODS_3_547_TX_3_validation,3.9669451444294226,4.427080551670596,4.59813629505109,5.4303842513074265,6.10322004574902,8.321096789210483,7.815490061125206,6.675476571217301,5.363870450880271,6.591704511008326,5.015071801301453,7.30423539150447,7.493024002797572,9.347960698791704,8.921863836274188,7.1315250035717765,5.838409666415333,7.546310711661657,6.739411102316687,9.011247216654372,10.248576466894013,9.294831351693501,6.501251841342503,7.739459882445967,6.635599258525141,6.500660020095472,9.086103215537086,9.75480948587549
FOODS_3_548_TX_3_validation,0.41730013867190274,0.3929507664785084,0.45041973648521133,0.33979266321662605,0.44215983160826566,0.5282712427437314,0.5998544819075071,0.5275804779662827,0.41169109406995885,0.5112017609183527,0.4106415532160082,0.5502589172330027,0.5988089540395968,0.700371388437302,0.6014731383407396,0.5034846188284383,0.4363257683708086,0.5251284929978672,0.48104259241360925,0.6689155465084761,0.6895334088951974,0.590635158798635,0.4330388168667898,0.5142905134557627,0.42548778882870414,0.4702046128715046,0.5539423127842642,0.5409786264057719
FOODS_3_549_TX_3_validation,0.3623827461802879,0.34616676936013907,0.4036357393668421,0.2930086660982568,0.3650523857760915,0.5064264842551333,0.48088089646018967,0.4683908081790856,0.36063481965600597,0.4418865162449799,0.3595852788020553,0.508090596529634,0.49399505819042877,0.6295861543013613,0.5306879042047983,0.4326993846924976,0.3655405342348678,0.4543432588619274,0.41025735827766835,0.5834451543904751,0.6295861543013613,0.5306879042047983,0.3730915622729535,0.4543432588619274,0.3655405342348678,0.41025735827766835,0.5062987533903699,0.48103137181193606
FOODS_3_550_TX_3_validation,0.07458439092026299,0.2765923767477492,0.2723075980694678,0.2723075980694678,0.3054713102310841,0.42918488618926043,0.47532588610014653,0.41332872532905524,0.2869835120332028,0.37849043352815825,0.3595852788020553,0.49563385391268727,0.4815383155734813,0.6295861543013613,0.5306879042047983,0.4326993846924976,0.3655405342348678,0.4543432588619274,0.41025735827766835,0.5834451543904751,0.6295861543013613,0.5306879042047983,0.3730915622729535,0.4543432588619274,0.3655405342348678,0.41025735827766835,0.49399505819042877,0.48103137181193606
FOODS_3_551_TX_3_validation,1.3376895155458373,1.1718214616069744,1.1493247455323057,1.231719542985349,1.048246165738578,1.3381935902053632,1.256102185288624,1.2225135023076392,0.9662542225352629,1.1213267552279786,0.9698222970734163,1.220055300878575,1.2516388886105498,1.5616566284777513,1.3555695520760247,0.9994056432550672,0.9487280415592935,1.077499589497374,0.9973455244243699,1.4705902049665225,1.3603406520548487,1.0650434976091114,0.7279997936048072,0.9175624257200347,0.807275857813626,0.874728694160109,1.061081026520403,1.0167413509389385
FOODS_3_552_TX_3_validation,0.89574569354158,0.8809093076341179,0.8809630432922774,0.913607530508688,1.0555072980336768,1.1371200740116847,1.0775229593066662,0.9742048213074711,0.8607115281321049,0.978031389209823,0.8877761619461949,1.067694219190124,1.1154933671779055,1.3208177851139982,0.9582743005611952,0.9218341399381852,0.8419706850901562,0.9636943686039793,0.7522170778624958,1.010161401738072,1.1058241897399634,1.0194717570574208,0.7585596074290855,0.81933158972767,0.7128165085346825,0.7057352767375342,0.8434568316600453,0.7992120385780135
FOODS_3_553_TX_3_validation,0.5741193011996725,0.5290194547415473,0.5230923420314284,0.5345977645499506,0.5846761190724431,0.6917920383037456,0.7393991665494953,0.5752240373601772,0.4593346534638531,0.558845320312247,0.45828511260990246,0.6125876346089574,0.5647802923263687,0.6880676932373601,0.6014731383407396,0.5034846188284383,0.4363257683708086,0.5251284929978672,0.48104259241360925,0.6542303885264157,0.700371388437302,0.6014731383407396,0.48346779255624434,0.5538815096031126,0.4650787849760542,0.5097956090188536,0.593533308931614,0.5910070318381455
FOODS_3_554_TX_3_validation,0.2427378904603049,0.28743035628985375,0.27164015509305023,0.28314557761157233,0.32507650973067553,0.44879008568885187,0.48088089646018967,0.41583270500436853,0.36063481965600597,0.4418865162449799,0.3595852788020553,0.508090596529634,0.49399505819042877,0.6295861543013613,0.5306879042047983,0.4326993846924976,0.3655405342348678,0.4543432588619274,0.41025735827766835,0.5834451543904751,0.6295861543013613,0.5306879042047983,0.3730915622729535,0.4543432588619274,0.3655405342348678,0.41025735827766835,0.49399505819042877,0.48103137181193606
FOODS_3_555_TX_3_validation,25.707748905370476,22.938189784780842,21.675544939661673,22.127499547365183,27.234248689103598,29.382246752641326,30.12214318840551,26.86495481308048,22.985302914213005,23.901121707076104,23.511693514221225,27.697316460341543,29.013605206961817,31.10834247819647,26.465727248082633,25.897682586150342,21.96008302746789,24.77011791315356,26.398205874475995,31.894590226261872,34.6350726578763,28.637077652849086,24.642915386669923,25.186862059167503,24.130474397027545,28.322786181331722,31.177008766375092,29.480798630433032
FOODS_3_556_TX_3_validation,0.23189991091820028,0.2765923767477492,0.2723075980694678,0.2706652640376303,0.3054713102310841,0.42918488618926043,0.48409310605763345,0.41332872532905524,0.29723873693918434,0.37849043352815825,0.3595852788020553,0.49563385391268727,0.49399505819042877,0.6295861543013613,0.5306879042047983,0.4326993846924976,0.3655405342348678,0.4543432588619274,0.41025735827766835,0.5834451543904751,0.6295861543013613,0.5306879042047983,0.3730915622729535,0.4543432588619274,0.3655405342348678,0.41025735827766835,0.49399505819042877,0.48103137181193606
FOODS_3_557_TX_3_validation,3.8608385058349537,3.5911084829748443,3.2342915378931947,3.16750456085134,3.5844615919038816,4.54883919739933,4.934716752629829,4.226877665704499,3.2666645858974626,3.645576646809005,3.515627758945179,4.041526545714317,4.2054022786861,4.919043511840736,4.441263961500935,3.8186720983769957,3.1952452839769405,3.5753678924297705,3.484185944741878,4.354984335958643,5.166931518490882,4.088928408881291,3.1321590737569553,3.467052799842224,3.0588472470252173,3.2035190123644437,3.8777350512909616,4.185334932652845
FOODS_3_558_TX_3_validation,0.2427378904603049,0.28743035628985375,0.28314557761157233,0.2930086660982568,0.35628516581860453,0.4430304015383124,0.5053684948847611,0.41332872532905524,0.35037959475002445,0.4418865162449799,0.3595852788020553,0.49563385391268727,0.4815383155734813,0.6171294116844139,0.5306879042047983,0.4326993846924976,0.3655405342348678,0.4543432588619274,0.41025735827766835,0.5834451543904751,0.6295861543013613,0.5306879042047983,0.3730915622729535,0.4543432588619274,0.3655405342348678,0.41025735827766835,0.49399505819042877,0.48103137181193606
FOODS_3_559_TX_3_validation,0.8131993852823182,0.7891517687648859,0.7234645125782063,0.7119590900596842,0.7605765729247618,0.9374603221569751,1.042811309934771,0.9479245582484037,0.8104718036527957,0.8237789060549983,0.7089318103510664,0.8671400145433965,0.8533563106030388,0.9532777261369317,0.757573559242075,0.6319322972463094,0.5608727879664024,0.6411420763468928,0.5901188550428063,0.7633066511556137,0.8477295800393685,0.7409783329322301,0.5833819910003839,0.6607330287670808,0.5719303041400212,0.6205477870050988,0.7042854869178593,0.6831940784569616
FOODS_3_560_TX_3_validation,1.5987139070697332,1.5755575877321124,1.3097420529848025,1.278095645480004,1.3951114670389795,1.6694473636742915,1.8145174391531786,1.5656124105079687,1.368920968345116,1.4989496350392808,1.37088603339949,1.5822153200728042,1.8688004240763891,1.9030153851290446,1.7098435702782673,1.5028724743404376,1.376022000683578,1.3426154396253258,1.3654146590310732,1.6378544622659428,1.8632903516714356,1.542142249343362,1.0523909128593225,1.2591286355270628,1.0596578647090935,1.1319499506382744,1.2953683474815154,1.2983661374562656
FOODS_3_561_TX_3_validation,3.204446795198127,2.891787841889976,2.874832517012561,2.904982849482982,3.3075788265745123,3.8552301111699974,4.220983768370476,3.3751537423663844,3.0510727188547753,3.203460416481843,2.9107381593666792,3.6946591025852684,3.4931119969677367,4.183508382347062,3.476909944536437,3.181197991935261,2.8153616581498038,3.195391671929978,3.134664303237783,3.7031373921617488,4.0512415563132835,3.4082854047567808,2.6729649458520726,2.969624534859729,2.6864380942170856,2.8886839264588273,3.3437181770637108,3.498371476114376
FOODS_3_562_TX_3_validation,1.864870752657915,1.9479186016057515,1.9871969955366107,2.0463296170667657,2.193096036366261,2.702958608016056,2.5755105704256365,2.317750931330423,2.1230374342196896,2.4750729752291365,2.005454728345157,2.2778751738891283,2.4799447931706875,2.938976046969105,2.5285101423626726,2.3829170268467443,2.090401043390968,2.18743398827276,2.0538286513506843,2.808648428556043,3.111510385659628,2.7268836468846054,2.106071451801884,2.2767194627025407,2.101997770967408,2.125172225132335,2.722085201459745,2.5036742914318766
FOODS_3_563_TX_3_validation,0.04197455961002902,0.2765923767477492,0.2723075980694678,0.2723075980694678,0.3054713102310841,0.42918488618926043,0.47532588610014653,0.4045615053715683,0.27821629207571597,0.36823520862217674,0.3493300538960738,0.49563385391268727,0.4815383155734813,0.6171294116844139,0.5182311615878509,0.4326993846924976,0.3655405342348678,0.4543432588619274,0.41025735827766835,0.5834451543904751,0.6295861543013613,0.5306879042047983,0.3730915622729535,0.4543432588619274,0.3655405342348678,0.41025735827766835,0.49399505819042877,0.48103137181193606
FOODS_3_564_TX_3_validation,0.1500357838622117,0.3604988906081733,0.3562141119298919,0.36468051175461086,0.4067770766521853,0.5445440327085731,0.5979108451048624,0.5575834821802347,0.3567769373042606,0.48530612689812147,0.4114712892799157,0.5564527171265042,0.5996102455656208,0.735201341676554,0.6189038390193148,0.5310174404026782,0.44576572473979903,0.5430348491915764,0.5078818013432754,0.6782223622235632,0.7243633621344495,0.6080658594772103,0.4533167527778847,0.5345684493668575,0.454232124564518,0.5201854965432172,0.6010759612234582,0.5881122748449659
FOODS_3_565_TX_3_validation,2.6047934816094633,2.5432928639014625,2.414166019816899,2.3514238646353287,2.512452139543098,2.8966024204418037,3.023892123768315,2.5427892126218303,2.2003013511210145,2.5276006367726147,2.3047789447082314,2.535476017760265,2.834452043966826,3.2629855418603904,2.7450876385673446,2.4606375778126472,2.268585907402401,2.3883557674393985,2.310288620888994,3.0003916860423194,3.63795297364606,2.9542927980885105,2.5492681533741144,2.5413290703248057,2.3648706971057325,2.5011891653332055,2.8944376273600017,2.881871737861034
FOODS_3_566_TX_3_validation,1.0352796128497055,1.7745946782830524,2.0408442496387678,2.3348898004482366,2.702300943533265,3.6419299553035245,3.12658725883336,2.351077611472217,2.0409891699523044,2.3376801380340715,2.150259875921826,2.524344861813759,2.8909781075283267,3.2828141641498276,2.7724441653555525,2.5865809678699145,2.4630351709727716,2.6639819154297033,2.620542761904738,3.490199544874089,3.9040785031869882,3.3679749374534564,2.652832601041626,3.050313226311574,2.8212724949484174,3.023315621380272,4.120451911262856,3.172371568800205
FOODS_3_567_TX_3_validation,0.42049595431996123,0.46107528197532177,0.5142971511776179,0.5112581284838146,0.6051544474993509,0.5829110692730711,0.6222276925298118,0.5801979954218051,0.47016298372410936,0.5329496862920146,0.45911484867381014,0.6165530191373464,0.5996102455656208,0.735201341676554,0.6189038390193148,0.5237625547395325,0.45660370428190356,0.5538728287336809,0.5310234760853219,0.7013640369656097,0.7475050368764959,0.6312075342192567,0.4764584275199311,0.5864631407141493,0.5061268159118085,0.570213901975591,0.6010759612234582,0.5881122748449659
FOODS_3_568_TX_3_validation,1.9390529067452913,1.6674998818589193,1.6832191708798152,1.6160797220072134,1.9759037083442554,2.3073780511474817,2.5005697442006074,1.9531307903364084,1.6557494492447593,1.9289434509979944,1.5702303971178628,1.9702468795509636,2.070762897679908,2.393366203423922,2.071205082211635,1.8915170412159805,1.654994523799577,1.8885020768323544,1.7955336502099863,2.2560431588193013,2.5138242905739285,2.184691287408603,1.7714312868331263,2.0080587603520614,1.7861005320178598,1.937012330682338,2.289399241618306,2.806890192633358
FOODS_3_569_TX_3_validation,1.258973205802128,1.005057338902203,1.0634618138722358,1.069443938599337,1.045207777152293,1.3127684619704925,1.6082905483915417,1.2156737504539037,0.9938788656659054,1.126858380795733,1.004588320041788,1.0976301726180495,1.182946733975139,1.4071135499367156,1.0581864352407735,1.0156747954326182,0.9436106967619659,1.0145826572983654,0.94147645664962,1.2207373153255732,1.3278952781703626,1.0925999435703018,0.8470096565719557,0.889084928164491,0.7785140900689506,0.8558933406787036,1.0193117375219432,1.090800845356556
FOODS_3_570_TX_3_validation,2.654220621734462,2.4124876315895394,2.472019180863729,2.4715272781061626,2.429079340260028,2.655825081761623,3.116331427235458,2.6532001635601064,2.4064531982122492,2.662699533733841,2.4800988746552632,2.8470226722621206,3.3393665086668243,3.589990992891722,3.1282804698740474,2.826992548617085,2.685873811996435,2.601919716174526,2.540492807262065,3.390865779300989,3.930647477587986,3.11850966245828,2.473458927935582,2.6993850582621666,2.683795149537593,2.6535205345619803,2.9125417267496685,3.0178525090306376
FOODS_3_571_TX_3_validation,0.8614934052233763,0.805600757112396,0.8162887748159063,0.797494196115798,0.8272382237768069,0.9042732058921761,1.01784830842535,0.928655509648338,0.8004888077712459,0.8960988157973638,0.7955386080950182,0.9537468122873483,0.9295256990619668,1.1255573748848178,0.9844775153357587,0.8783556004502112,0.7093680451839237,0.7772416891983515,0.7334876585300059,0.9102442435491769,0.9938756314242281,0.7911843495784076,0.6963218625252909,0.7880874139196741,0.6987422909062878,0.7330870882729251,0.7436535240219322,0.7003355500302849
FOODS_3_572_TX_3_validation,7.058446391666703,6.573792946040708,6.5494497373266585,6.03736690668594,6.58892067506449,8.081547333383352,8.916039912675306,7.494291385964034,6.466628107045454,6.466880712240373,5.9129701254088145,7.15639296303842,7.935319832574511,9.615518718012813,8.695794967277525,6.779074255553724,5.9900921261777995,6.619402066226112,6.465208780503858,8.931165510557186,8.801727256185167,7.799267264353813,6.601024655212334,6.657427971889912,5.815702337539041,6.447367759327368,7.940644960720026,7.832051953813969
FOODS_3_573_TX_3_validation,0.9776261392941352,1.081496430817665,1.1079685472835932,1.0375898060094129,1.1741224337862242,1.1165975457311992,1.2351726200119821,1.044435676769335,0.9290931214382316,1.0624602381852783,0.9436865477980619,1.1515869360786941,1.1477468861724136,1.5080030319996092,1.2990787275944617,1.1002727631918765,0.9152628222998248,1.11553505877927,1.0620986455956898,1.381078106916792,1.5510045755451292,1.3347164414348809,1.0206741772496208,1.1556485705477157,1.1489428502423036,1.070741554493125,1.248406755514595,1.2890993293245132
FOODS_3_574_TX_3_validation,9.667866070504369,7.765321819961264,7.605846541712111,7.703821457986923,8.409493053347852,9.747736713232023,11.3006135503133,9.571574310017018,8.294557434630176,8.938279529530448,8.209721529983883,10.15943271175905,9.950325036143624,12.435157297298794,10.975371918791112,9.87202386662737,8.596267840428455,9.332792941133029,8.982610658699882,11.026272506141572,12.804369300268894,11.023920530050747,8.348602759534192,9.094284824194235,8.261919628606543,8.558311004961448,10.58384258601097,11.303350286710526
FOODS_3_575_TX_3_validation,0.6962387774408937,0.6378726006152822,0.5997313367430906,0.5893551320539101,0.5655006256142113,0.6573717209002173,0.7991395962247075,0.7292251846642589,0.545655194168513,0.5970567661550279,0.4964965584526836,0.6508041038227353,0.6587971417594265,0.816181528489959,0.6668446255180883,0.5452648535775821,0.47453721421358974,0.5633399388406481,0.529691447541413,0.6924418343691966,0.7524203353348705,0.6396845841835205,0.4820882422516754,0.5562073096092536,0.46369923467148527,0.5084160587142846,0.5921537586270451,0.5851745762927645
FOODS_3_576_TX_3_validation,0.11778084284805874,0.31466257026840827,0.3073706546240179,0.2919127975690592,0.33533173463665705,0.43473989654930356,0.48088089646018967,0.41583270500436853,0.3714727991981106,0.46518123840403214,0.38288000096110747,0.5189285760717384,0.5152704470175562,0.6295861543013613,0.5306879042047983,0.4326993846924976,0.3655405342348678,0.4543432588619274,0.41025735827766835,0.5834451543904751,0.6295861543013613,0.5306879042047983,0.3730915622729535,0.4543432588619274,0.3655405342348678,0.41025735827766835,0.49399505819042877,0.48103137181193606
FOODS_3_577_TX_3_validation,0.10901362289057186,0.30288821334481236,0.29860343466653094,0.29860343466653094,0.3317671468281473,0.4723813381170561,0.5257481505133442,0.4394239574325728,0.38993779321917843,0.4527244957870846,0.37042325834415996,0.5064718334547914,0.5152704470175562,0.6295861543013613,0.5306879042047983,0.4326993846924976,0.3655405342348678,0.4543432588619274,0.41025735827766835,0.5834451543904751,0.6295861543013613,0.5306879042047983,0.3730915622729535,0.4543432588619274,0.3655405342348678,0.41025735827766835,0.49399505819042877,0.48103137181193606
FOODS_3_578_TX_3_validation,3.410501154473994,3.1278146453264526,3.1778729375699877,3.1463983409771408,3.4310799917772496,3.812254757866084,4.05107267162912,3.3380358596828295,2.691533393370139,3.316873179659095,2.986180784126751,3.7510841645789683,3.7101511946499905,4.262992779802665,3.7007729874912707,3.2530726680531252,3.0112205683600806,3.5608721895377506,3.1916922596385184,4.078093445406944,4.312033717226171,3.8930719626538943,3.034234349275131,3.3706847860644995,3.0105388921553913,3.3567839008908673,3.814167420128211,3.6312573394004404
FOODS_3_579_TX_3_validation,0.3124291041982624,0.2539281720989855,0.3073706546240179,0.31598354549816193,0.3507895916916158,0.43473989654930356,0.48088089646018967,0.41583270500436853,0.3714727991981106,0.4527244957870846,0.38288000096110747,0.5189285760717384,0.5048330377325324,0.6404241338434659,0.541525883746903,0.4435373642346023,0.37637851377697246,0.4688865887147421,0.41025735827766835,0.5834451543904751,0.6295861543013613,0.5306879042047983,0.3730915622729535,0.4543432588619274,0.3655405342348678,0.41025735827766835,0.49399505819042877,0.48103137181193606
FOODS_3_580_TX_3_validation,3.59575390164183,4.54431271113997,4.692779754328383,4.700821264313359,4.887580612674319,6.360778415683403,6.912539213293583,6.73541409224014,5.42314728610802,5.975409713496923,5.747994458967351,6.19586843526105,6.8762315078510134,8.790985846353648,8.545845935607687,6.334123287355738,5.571574578560794,7.2158989780428255,6.306733935351816,9.480344626223344,9.745814303831331,8.614059420860121,6.517129908568819,6.948256444601699,5.586543509762511,5.988354652667412,7.323354795608145,8.455777570718622
FOODS_3_581_TX_3_validation,0.26632914288850945,0.3034162601435815,0.3073706546240179,0.3073706546240179,0.3507895916916158,0.45833114897750776,0.5116979613737953,0.5028200401493933,0.38993779321917843,0.4527244957870846,0.37042325834415996,0.5336137340537987,0.49399505819042877,0.6295861543013613,0.5306879042047983,0.4326993846924976,0.3655405342348678,0.4543432588619274,0.41025735827766835,0.5834451543904751,0.6295861543013613,0.5306879042047983,0.3730915622729535,0.4543432588619274,0.3655405342348678,0.41025735827766835,0.49399505819042877,0.48103137181193606
FOODS_3_582_TX_3_validation,1.000698732743653,0.9657764419670329,0.9764644596705426,1.0499734585250737,1.12198207714352,1.1406767389879764,1.2312442260403438,1.0537380256832245,0.9176743109420985,1.0538733884307452,0.9400777389616572,1.1075397518845702,1.1489061207211715,1.370446098913071,1.2067313647227154,0.9324984499821208,0.7708226773256522,0.8778843722121329,0.8194401601907298,1.0351904478903957,1.1175285532095671,0.9984094757274571,0.8149948230816375,0.9064332647560168,0.8105289235592688,0.6887604828412909,0.8549258831363684,0.8463709925091512
FOODS_3_583_TX_3_validation,0.9426173480940793,0.8086940896223714,0.8098316627506397,0.8182980625753585,0.7776023842900257,0.9016141476016145,0.9698844622128359,0.856469763709204,0.7132165155086791,0.8108214017030644,0.7187275938254376,0.9036534499071915,0.8765851014492905,1.0421270732349563,0.8943579878406723,0.7910833081876445,0.5810317460338127,0.7855709742134035,0.7721033843408454,0.9424439452211332,0.9930510380619281,0.8416697856109425,0.6869206789116159,0.7662665948465801,0.6853878716579127,0.7612654047987408,0.8421558694789817,0.8213472379014205
FOODS_3_584_TX_3_validation,1.345329153956455,1.2427334005062154,1.197491934538709,1.1489428502423036,1.0424808512175574,1.2851565295144722,1.4788500967544358,1.3081671036119153,1.0182479826523365,1.1556485705477157,1.0418449096184896,1.2301619651098392,1.390703178451922,1.7177345616371933,1.4233785065230755,1.235172884234401,1.1825460855343572,1.0208452973398632,1.1314057128443002,1.3982349339473652,1.6437756944274988,1.3652272298774104,0.9747345017981921,1.1872330097125374,1.0368613886852551,1.1314057128443002,1.3052160488409548,1.3505371348989503
FOODS_3_585_TX_3_validation,2.026652504620739,1.9890063768709467,2.04739057884459,2.170758086496706,1.965211169391102,2.3859720431361655,2.50600072483828,2.177227223490537,1.8928240329584378,2.177734210897907,1.936255712437598,2.087644690413103,2.351122912037274,3.0573680552554503,2.4730622748610993,1.9965746969311975,1.907770201432577,2.1056631105725545,1.9491765893002957,2.5532221442610123,2.7742208396015977,2.3800848635337855,2.0105427746494433,2.29929611432684,1.8793077154435343,1.9870744736732244,2.5218663354076103,2.438051063847252
FOODS_3_586_TX_3_validation,57.72702429001622,53.26768068876335,52.89570321132616,54.966361568174875,68.7766573588368,78.99625487946567,75.53598291040794,61.732290184670255,54.619523504394074,59.21554019083787,59.61043679777901,71.72676946014022,80.78689811532048,77.4274999613623,59.77688118911049,57.584004279038,53.560429431853606,64.8258293811909,71.15466536736072,82.24069641536173,80.94379620656368,59.18942540014255,52.689025567506526,57.836477434398816,59.657898546714364,70.69969255850927,77.75276970026012,66.43892032966109
FOODS_3_587_TX_3_validation,17.37891023768317,17.47425783007727,17.13199562871199,17.40258789818573,19.275153177256154,21.762447465323635,25.28388386224257,24.329036123910452,18.4154029874894,20.263739093008102,19.29539667488169,22.208453252468683,24.62366777224901,28.00790211645727,25.476988911471704,23.704033714691768,20.648053344142667,23.381435833186803,22.307587575303224,28.391354503007335,32.233612800083066,25.29173015784914,20.177573308375298,21.585179255527844,19.660206674773487,21.728994956863186,25.496511883396906,24.092452633814055
FOODS_3_588_TX_3_validation,0.8180464135159207,0.8101330199079716,0.8564422404673239,0.7904421598888911,0.8020578167397634,0.7598219031980327,0.8902691033790848,0.91521997606814,0.6261176138151241,0.7747698194952409,0.6400753295198929,0.7879648782658737,0.7387147188881682,0.9201801125881817,0.7936665351619601,0.6875446202764126,0.5982261407370846,0.6046323426802955,0.6313857665472035,0.7741446306977182,0.8585675595814731,0.7518163124743348,0.5942199705424885,0.6607330287670808,0.5713879057536946,0.5901188550428063,0.6738565549555667,0.652765146494669
FOODS_3_589_TX_3_validation,1.3816345925415847,1.3497590480953903,1.3896610307016541,1.3981274305263731,1.6451807450048324,1.9423912188704302,1.8860046601719422,1.6534531864093809,1.484681061833367,1.657650862360517,1.612386307873317,1.8837731333008814,1.9552388188514562,2.5569122316598643,2.028822056133528,1.702626296425642,1.5742314000446076,1.764016112082448,1.6954926274490818,2.0990533255394803,2.22945146182614,1.9678802131428956,1.59567665125496,1.785437419539262,1.6103458964396935,1.7289170007374586,2.186721232926501,1.8389900974897848
FOODS_3_590_TX_3_validation,2.513570880097463,2.534867014256928,2.479536351473418,2.5289348923411326,2.6327035747065834,3.45436348875747,3.308249300027672,2.7610783841004745,2.5638103607513276,2.990725816727064,2.5167226143150825,3.0015570471417568,3.0580899266267028,3.6577352361044175,2.7989117297802695,2.525968970419751,2.412589017934623,2.6095415089556764,2.59289270092414,3.2808624823949732,3.411340831253092,2.895801276127753,2.2861954883464337,2.5616957269504614,2.402521288778266,2.4058388911392066,2.91878184091997,2.944015036939796
FOODS_3_591_TX_3_validation,0.5256792909997318,0.46442509536709614,0.4207359304536383,0.43936623889780985,0.5502862980120506,0.6313792482419236,0.7270954713495534,0.5504635995432879,0.4345742156469637,0.5377902328060676,0.4180668177380544,0.5541153928486854,0.5524765971264268,0.6880676932373601,0.5891694431407977,0.49118092362849697,0.4363257683708086,0.5128247977979253,0.48104259241360925,0.6542303885264157,0.700371388437302,0.6014731383407396,0.44387679640889427,0.5142905134557627,0.42548778882870414,0.4702046128715046,0.593533308931614,0.5910070318381455
FOODS_3_592_TX_3_validation,0.781559033712888,0.6792676852879209,0.6811689985675641,0.7595805563687048,0.7837354209859724,0.9048505130547124,0.9173254425431495,0.8388292529040742,0.6820735277604327,0.7890760449796904,0.6879734388910181,0.7556431853168116,0.7154396728678758,0.8417524683592027,0.7149537203799684,0.6410459566564936,0.5509598014152642,0.6433313149486874,0.5673631331182692,0.7727650803931493,0.8327435813588232,0.7651219201518262,0.5624114882756269,0.6289245465002193,0.5401218218731597,0.6191682367005299,0.7133433458983142,0.6573701002343117
FOODS_3_593_TX_3_validation,0.9059440020602001,0.9812799214132334,0.8675172071761136,0.885401667660358,0.9524944520586569,1.0201587991832175,1.0087929086911234,0.8633955245523237,0.7313360147018064,0.8745516729382831,0.7070098616601709,0.8273329153699465,0.8135492114295888,0.9905616998887902,0.8580636184183569,0.7519417035328094,0.6626232239934814,0.769684918879962,0.686211660706235,0.885791822451709,1.0282665086151959,0.9210209203145533,0.7400393497161496,0.821657389733811,0.6848701756649282,0.7334876585300059,0.8439897944977708,0.7410831374389267
FOODS_3_594_TX_3_validation,0.08913492920613213,0.5871073497245856,0.5828225710463042,0.5828225710463042,0.5256282398997096,0.5657092664635079,1.0883488890475599,0.6226133479986585,0.5339852904112726,0.6220984263037243,0.5482635886855185,0.7047195409329444,0.701015941747152,1.2497095778144285,0.7113678374212173,0.6154441213724493,0.5463794902608096,0.643648614712588,0.6301810248400299,0.8029227805641463,1.274470015631318,0.7361282752381066,0.5573020146107424,0.6762389266930564,0.5959026018907156,0.6712377366452171,0.7653673757113911,0.9403565657998437
FOODS_3_595_TX_3_validation,0.7340199014050383,0.6894269816806772,0.6950052914890804,0.7392137275286833,0.8170733752838809,0.9513622667189936,1.048565055889809,0.8476608922191161,0.5840069237720055,0.6833923399078418,0.5828321322054961,0.7557254943798866,0.6760716357638029,0.8230845177916757,0.7485474218466099,0.6269676499061038,0.5523393517198332,0.6447108652532564,0.579180092707862,0.7419304795356456,0.7959244764571078,0.6891732293499695,0.5637910385801959,0.6411420763468928,0.5415013721777286,0.6205477870050988,0.6738565549555667,0.6936314877419854
FOODS_3_596_TX_3_validation,1.7353232138060324,1.55857704659841,1.5549537857278095,1.6275694093491946,1.67013533285899,2.253211880142341,2.5821017032359492,1.9810376227478321,1.7483688447547405,2.0885494831489835,1.6752783526515218,1.838262778768866,1.914419003992011,2.4949786187735596,1.9109441671640102,1.7571987519974575,1.6098438141996534,1.7063144202625598,1.660116629199693,1.9987390840020556,2.411747719951491,1.6634828594523474,1.4508142715227665,1.5389357068022362,1.4124281309226185,1.4337371587661316,1.621745553712507,1.7647365841199
FOODS_3_597_TX_3_validation,0.08542237046236752,0.28743035628985375,0.28314557761157233,0.28314557761157233,0.31630928977318856,0.4400228657313649,0.4966012749272746,0.4045615053715683,0.3416123747925375,0.43163129133899836,0.3493300538960738,0.49563385391268727,0.4815383155734813,0.6171294116844139,0.5182311615878509,0.4326993846924976,0.3655405342348678,0.4543432588619274,0.41025735827766835,0.5834451543904751,0.6295861543013613,0.5306879042047983,0.3730915622729535,0.4543432588619274,0.3655405342348678,0.41025735827766835,0.49399505819042877,0.48103137181193606
FOODS_3_598_TX_3_validation,3.8258623763686437,3.5576344361157433,3.4358746810411027,3.5078273442161674,3.8035401752978384,4.603944228976606,5.017628410883575,4.167249613315217,3.6888566888547056,3.8361764682147674,3.4716286412675617,4.10773329480013,4.450441233783985,5.220058602344544,4.336003367047374,3.6154909373119577,3.4787784693726795,3.7979552516211887,3.506629867045252,4.408983900371547,4.548044027308295,4.090171830411582,3.0883389372445076,3.4753162883449686,3.1386008794760643,3.309372115124959,4.0213401710950745,4.033148034770114
FOODS_3_599_TX_3_validation,0.04197455961002902,0.2765923767477492,0.2723075980694678,0.2723075980694678,0.3054713102310841,0.42918488618926043,0.47532588610014653,0.4045615053715683,0.27821629207571597,0.36823520862217674,0.3493300538960738,0.49563385391268727,0.4815383155734813,0.6171294116844139,0.5182311615878509,0.4326993846924976,0.3655405342348678,0.4543432588619274,0.41025735827766835,0.5834451543904751,0.6295861543013613,0.5306879042047983,0.3730915622729535,0.4543432588619274,0.3655405342348678,0.41025735827766835,0.49399505819042877,0.48103137181193606
FOODS_3_600_TX_3_validation,0.2918955988013804,0.33421435340822275,0.32992957472994133,0.34238631734688874,0.375550029508505,0.5226825829417464,0.5364583991906852,0.5275804779662827,0.41169109406995885,0.5149071112290626,0.39518369616104937,0.5312322712716802,0.5171367329324745,0.6527278290434078,0.6014731383407396,0.5034846188284383,0.43578336998448186,0.5019868182558213,0.4579009176715627,0.6310887137843693,0.6772297136952555,0.5783314635986931,0.4207351216668479,0.5019868182558213,0.41318409362876224,0.4579009176715627,0.5416386175843223,0.5409786264057719
FOODS_3_601_TX_3_validation,0.07458439092026299,0.2765923767477492,0.2723075980694678,0.2723075980694678,0.3054713102310841,0.42918488618926043,0.47532588610014653,0.4045615053715683,0.2869835120332028,0.36823520862217674,0.3595852788020553,0.49563385391268727,0.4815383155734813,0.6171294116844139,0.5306879042047983,0.4326993846924976,0.3655405342348678,0.4543432588619274,0.41025735827766835,0.5834451543904751,0.6295861543013613,0.5306879042047983,0.3730915622729535,0.4543432588619274,0.3655405342348678,0.41025735827766835,0.49399505819042877,0.48103137181193606
FOODS_3_602_TX_3_validation,1.499029995269833,1.3293770355538725,1.3865012026064267,1.352949368141726,1.5197143685237233,1.8696174495155855,2.2654248537814947,1.6146017213868862,1.28006506277548,1.5376149600987026,1.43471626735242,1.617985890514589,1.7540956918072284,1.9644848880127004,1.7420675324155164,1.5423855926592727,1.3784706618027145,1.2428273000970484,1.3644717700738398,1.6418360953021012,1.9046359770780958,1.542142249343362,1.2973134250177394,1.3403598306932816,1.2077594968792822,1.261785282361151,1.5696072154013236,1.4663416075336464
FOODS_3_603_TX_3_validation,1.0985500406960291,1.0669106700368385,0.9820083822467519,1.0366780962793427,0.9902528340711038,1.2622224493377407,1.4425575612674064,1.1300680240677556,0.993828413824172,1.169731178166561,1.0074839304321737,1.2437278728892815,1.302110519591348,1.600632889344202,1.3122427708773912,1.2508488566617852,1.0586068082195348,1.2420766843399644,1.1945334268850438,1.5432574463179058,2.1513066398469625,1.352521610305177,0.9401019302528499,1.0582693551266849,1.0074906664966359,1.1119912741578044,1.3046369636358646,1.3797026078056196
FOODS_3_604_TX_3_validation,1.1671307002053282,0.9958101513224794,1.0250673833677004,0.96112415374758,1.0074639241788272,1.1430586637215316,1.3415581542223278,1.1282685174204583,0.6666773046680738,0.9322881991037515,0.8170660027740632,0.9899361955937359,1.0493425029496461,1.1778625628397945,1.0682431940965642,0.9459511532568267,0.835557969711593,0.9572816532254163,0.8841754525766706,1.1634363112526234,1.569858995587408,1.0773628014649506,0.7745079198743546,0.8665209462683943,0.7625138346276653,0.7798669761217606,0.8680231033082947,0.8813746734424244
FOODS_3_605_TX_3_validation,1.3077507834924567,1.190297410835791,1.1894800060207793,1.2880376414119767,1.2677390002584055,1.5795231347025267,2.059347681500318,1.5006900639508371,1.0862241407484132,1.3467145805444178,1.3424150726270598,1.4557926118796152,1.5170437909575232,2.060656203627583,1.3230127921187176,1.186100588025952,1.082120119859282,1.2038438033731045,1.135203016383917,1.4518278674303733,1.3503295818595191,1.2164792664528858,0.980906884075102,0.9593204826611926,0.8366465800022456,0.8962438705386736,1.0678916491151083,1.0721946524691641
FOODS_3_606_TX_3_validation,0.9891837761109872,0.9489857643593218,0.8867812179649269,0.9070964237407146,1.0199663838598445,1.1312796491834578,1.0229945424491904,0.9502236570014132,0.7327155650063754,0.8910594279112232,0.7277653653301477,0.9445590274041868,0.804491352449134,0.9945385242277741,0.8594431687229258,0.7533212538373784,0.7267366291767801,0.8337983240632607,0.8006066052116486,1.000186766957123,1.0739430941976682,0.869603856187047,0.6977014128298599,0.8003049437663474,0.7115022191392878,0.7601197020043654,0.8854581284523994,0.7992120385780135
FOODS_3_607_TX_3_validation,12.081999546722033,10.106884462242592,9.588881333087132,8.699363222428369,10.617235803958753,13.607746454770881,14.839450484395227,12.891383342369188,10.146664097101189,11.841757472323579,10.537689556341222,13.482699443535294,14.10669938280905,16.66444394084725,14.94255556983866,13.64854387616411,12.268849936164932,13.47095926060782,12.807501103162712,15.695472736099411,17.290483421244335,16.149928076878332,12.423502919190675,13.382218029229678,10.784700002471414,11.961676376927977,14.562420645364728,14.72235108007654
FOODS_3_608_TX_3_validation,0.8649452104372416,0.7813156507020454,0.8108872776243389,0.783734700196804,0.8834608930722597,1.0455025538614366,1.064241181212386,0.8646878431865317,0.7080360922694497,0.8036461002955677,0.7110098940316143,0.878693349346229,0.8516250008883279,1.0330903945883418,0.8891775646014429,0.7859028849484151,0.7342892141354925,0.849817308846692,0.800305949561247,1.0530696594629205,0.9589853132629894,0.8222982957614936,0.667549189062167,0.8113394320183035,0.6537259224844186,0.7112762580854542,0.8549005776444247,0.8160355088935897
FOODS_3_609_TX_3_validation,2.288571774121474,2.1540484705597494,2.1988168030075292,2.278884075546416,2.2354180937953316,2.466555985134921,2.930795696162094,2.4946497990813516,2.020963682872395,2.4427984061821215,2.279167705771271,2.5613495179486137,2.7562462136341264,3.2950615934197516,2.866057296737572,2.6553180988394067,2.3077968041806662,2.389085123742198,2.408095272588725,3.1249007489776335,3.7230760933037477,2.993842383623082,2.4416454254496305,2.6445746086712676,2.5046485559489216,2.4760715218641116,2.6811346368816302,2.830808777726492
FOODS_3_610_TX_3_validation,0.8166379043020634,0.7568054766561386,0.7559880718411268,0.7612042429488522,0.8170622973231519,0.8802581106599626,1.0064605828070654,0.8420487119043862,0.675454461158413,0.771064469184531,0.6705042614821853,0.8287124656745154,0.804491352449134,1.000641904131208,0.8741283267049862,0.7282922076850543,0.6389737281457263,0.7460354230322069,0.6875912110108039,0.8464237853476362,0.9609276999968235,0.7936665351619601,0.6096778275974473,0.6905976542705078,0.5982261407370846,0.6070147372634789,0.7042854869178593,0.706168005575666
FOODS_3_611_TX_3_validation,1.4887570212244003,1.3654316083972753,1.4340924915873057,1.29605299732795,1.4552340642263863,1.6436222562823484,1.9935522714511489,1.6095144093734048,1.4565664044506779,1.6077473460288234,1.4928048297024474,1.7506472899559722,1.847800601566397,2.2192343242619827,1.8904290322757358,1.6039769575942908,1.490710549845807,1.3593606079752287,1.3465298762043765,1.8275385498782721,2.0459265748595103,1.7463757104421689,1.3398976639958133,1.4281683647381764,1.169081242422222,1.2529714460334334,1.4208045086237888,1.4771880989044015
FOODS_3_612_TX_3_validation,0.47803930126039573,0.4354118444173734,0.43936623889780985,0.4239083818428512,0.45628215459671984,0.4981359792661254,0.5921453584645774,0.47922878772119026,0.3839295418150581,0.46518123840403214,0.39518369616104937,0.5312322712716802,0.5171367329324745,0.6587123330876195,0.5538295789468453,0.5034846188284383,0.43578336998448186,0.5142905134557627,0.4702046128715046,0.6433924089843112,0.6955179129394091,0.590635158798635,0.4330388168667898,0.5142905134557627,0.42548778882870414,0.4702046128715046,0.5539423127842642,0.5469631304499836
FOODS_3_613_TX_3_validation,0.07458439092026299,0.2765923767477492,0.2723075980694678,0.2723075980694678,0.3054713102310841,0.42918488618926043,0.47532588610014653,0.41332872532905524,0.2869835120332028,0.36823520862217674,0.3493300538960738,0.49563385391268727,0.4815383155734813,0.6171294116844139,0.5182311615878509,0.4326993846924976,0.3655405342348678,0.4543432588619274,0.41025735827766835,0.5834451543904751,0.6295861543013613,0.5306879042047983,0.3730915622729535,0.4543432588619274,0.3655405342348678,0.41025735827766835,0.49399505819042877,0.48103137181193606
FOODS_3_614_TX_3_validation,0.08913492920613213,0.5871073497245856,0.5828225710463042,0.5828225710463042,0.5256282398997096,0.5657092664635079,1.0883488890475599,0.6226133479986585,0.5339852904112726,0.6220984263037243,0.5482635886855185,0.7047195409329444,0.701015941747152,1.2497095778144285,0.7113678374212173,0.6154441213724493,0.5463794902608096,0.643648614712588,0.6301810248400299,0.8029227805641463,1.274470015631318,0.7361282752381066,0.5573020146107424,0.6762389266930564,0.5959026018907156,0.6712377366452171,0.7653673757113911,0.9403565657998437
FOODS_3_615_TX_3_validation,0.4128651102208443,0.44816818834099603,0.3933861697511467,0.3933861697511467,0.41545811197235644,0.47063484417744966,0.5933822433347714,0.5275804779662827,0.41169109406995885,0.5112017609183527,0.4106415532160082,0.5379552220330607,0.5511653946457026,0.6940521972815717,0.5891694431407977,0.49118092362849697,0.42402207317086676,0.5128247977979253,0.46873889721366724,0.6419266933264738,0.6940521972815717,0.6014731383407396,0.4468839333750032,0.5019868182558213,0.41318409362876224,0.4702046128715046,0.5539423127842642,0.5469631304499836
FOODS_3_616_TX_3_validation,2.5004017294945147,2.3953798237690918,2.21379525276086,2.243590960156736,2.313200019669902,2.8674126747591164,3.240134622507206,2.828573295821715,2.4849013948907,2.7734589147602735,2.2765308820615844,2.7642998133015375,2.993929799163026,3.931859195289067,3.0067785171739283,2.6603503684524825,2.511238557291904,2.407995960571515,2.2010345775162876,2.875829560422115,3.0824101105283925,2.6588945038081775,2.140543054641488,2.402062089722766,2.2085164980468672,2.296924970591801,2.670632584701501,2.7994478123799693
FOODS_3_617_TX_3_validation,1.6510278200633282,1.3751304601542271,1.3282279080839825,1.3282279080839825,1.5147594175040413,1.7513080274688824,2.059536088171832,1.607565698718103,1.3679780793878826,1.5021533936996523,1.148785020090005,1.4824355816495218,1.5212995397758569,2.2074888478724337,1.6008527383926976,1.4483147245008583,1.3186780297307907,1.4762747441926574,1.3727038152126596,1.6951554663388926,1.9619369811510456,1.5994432534163119,1.355557318047923,1.4619377235868134,1.3123317625064381,1.357185277297878,1.531875953110668,1.9379195634947104
FOODS_3_618_TX_3_validation,2.4478027588608535,2.040632947707308,1.9876409422684582,1.9876409422684582,2.056840225408846,2.7682107296680574,3.111630924023909,2.286149487956715,1.9603661528227327,2.159507573942289,1.9541931936750345,2.277575886522496,2.4864678123532085,2.7624945391410485,2.52683154249131,2.4510117208760325,2.2266416128977795,2.3711643871042,2.157539761985248,2.9084112732158727,3.3914588345644825,2.8673314058455817,2.1071555263555166,2.2601800849569345,2.1127129620250313,2.181784783989096,2.6147847399665323,2.749316968965631
FOODS_3_619_TX_3_validation,0.07458439092026299,0.2765923767477492,0.2723075980694678,0.2723075980694678,0.3054713102310841,0.42918488618926043,0.47532588610014653,0.4045615053715683,0.2869835120332028,0.36823520862217674,0.3595852788020553,0.49563385391268727,0.4815383155734813,0.6171294116844139,0.5182311615878509,0.4326993846924976,0.3655405342348678,0.4543432588619274,0.41025735827766835,0.5834451543904751,0.6295861543013613,0.5306879042047983,0.3730915622729535,0.4543432588619274,0.3655405342348678,0.41025735827766835,0.49399505819042877,0.48103137181193606
FOODS_3_620_TX_3_validation,1.1880595042525386,1.0856550793883377,1.1480879441570566,1.1045822702505659,1.2951980513490697,1.5441082440554987,1.5356183715477327,1.4310029734772862,1.2340846721282568,1.4742076073583446,1.0723471875416763,1.1810089001484005,1.1948801208147277,1.3303679738884366,1.149021310069057,1.015317363874246,0.8091493732546998,0.8943995800559509,0.8545137903741347,1.107382283417421,1.1798973022167758,1.0057764508828004,0.8173479943694197,0.9093610207634594,0.8247316609904625,0.8651197621223454,1.0097028054841792,1.0153618006343696
FOODS_3_621_TX_3_validation,1.0432079751034455,0.9686194812114423,1.012708546583449,1.191343444228166,1.0738029229445791,1.0234867878569012,1.1337618709363868,1.0462142491403994,0.8582405203876954,0.9810978997518717,0.8884616934879183,1.018318922085211,0.9366178285348878,1.1107415783991808,0.9543907149262697,0.8349459093190498,0.8103561628267189,0.9548421010184192,0.8691286512536148,1.0722805159572795,1.16511710221675,1.017348016822467,0.8213507079316756,0.9348757138456153,0.8363086115095683,0.8687584869012497,0.997489768507146,0.9443372668832141
FOODS_3_622_TX_3_validation,0.6686277750944566,0.6277392254987538,0.6080483654796733,0.6195537879981955,0.715090399471182,0.8005846823950542,0.8539514947913432,0.6879531745217313,0.547034744473082,0.6426447524992,0.5737562975726003,0.6856025676361269,0.6760716357638029,0.8230845177916757,0.7249561694184057,0.6233988609997402,0.5523393517198332,0.6411420763468928,0.6113942438699346,0.7741446306977182,0.8281386276191804,0.7213873805120421,0.5529530590380913,0.6607330287670808,0.5415013721777286,0.6205477870050988,0.6738565549555667,0.6632025557796928
FOODS_3_623_TX_3_validation,0.22614022676766088,0.2765923767477492,0.2723075980694678,0.2723075980694678,0.3054713102310841,0.42918488618926043,0.48409310605763345,0.41332872532905524,0.2869835120332028,0.37849043352815825,0.3595852788020553,0.49563385391268727,0.4815383155734813,0.6295861543013613,0.5306879042047983,0.4326993846924976,0.3655405342348678,0.4543432588619274,0.41025735827766835,0.5834451543904751,0.6295861543013613,0.5306879042047983,0.3730915622729535,0.4543432588619274,0.3655405342348678,0.41025735827766835,0.49399505819042877,0.48103137181193606
FOODS_3_624_TX_3_validation,0.6011961398468283,0.47676525192043734,0.3367747843093775,0.4032492582378313,0.5452074227768199,0.6370785180628259,0.753367726398044,0.609787529322997,0.46234179042996204,0.558845320312247,0.45828511260990246,0.597902476626897,0.588371544754573,0.7422165877539302,0.6014731383407396,0.49118092362849697,0.4363257683708086,0.5288338433085772,0.4579009176715627,0.6310887137843693,0.6895334088951974,0.590635158798635,0.4330388168667898,0.5142905134557627,0.42548778882870414,0.4702046128715046,0.5539423127842642,0.5805696225531217
FOODS_3_625_TX_3_validation,0.07458439092026299,0.2765923767477492,0.2723075980694678,0.2723075980694678,0.3054713102310841,0.42918488618926043,0.47532588610014653,0.4045615053715683,0.2869835120332028,0.36823520862217674,0.3595852788020553,0.49563385391268727,0.4815383155734813,0.6171294116844139,0.5306879042047983,0.4326993846924976,0.3655405342348678,0.4543432588619274,0.41025735827766835,0.5834451543904751,0.6295861543013613,0.5306879042047983,0.3730915622729535,0.4543432588619274,0.3655405342348678,0.41025735827766835,0.49399505819042877,0.48103137181193606
FOODS_3_626_TX_3_validation,0.2369782063097655,0.28743035628985375,0.28314557761157233,0.2723075980694678,0.3054713102310841,0.43795210614674734,0.49007761010184514,0.404994725462264,0.29723873693918434,0.37849043352815825,0.3595852788020553,0.508090596529634,0.49399505819042877,0.635570658345573,0.5306879042047983,0.4326993846924976,0.3655405342348678,0.4543432588619274,0.41025735827766835,0.5834451543904751,0.635570658345573,0.5306879042047983,0.3730915622729535,0.4543432588619274,0.3655405342348678,0.41025735827766835,0.49399505819042877,0.48701587585614775
FOODS_3_627_TX_3_validation,0.7069516209624425,0.7658269213342517,0.7684558924188033,0.7392137275286833,0.8228330594344202,0.9694989946540529,0.9198370586281484,0.922672065078613,0.809157514257401,0.8795150291137283,0.8042073145811733,0.9551263625919172,1.0530228013721101,0.9859567461491474,0.8971479774493313,0.7910260625637838,0.7017075830244558,0.8087692779109364,0.7503250658895334,0.9499052276350074,1.0383467128576127,0.8344141225706018,0.650425415006089,0.797784446868589,0.6235158710907676,0.6721333539558452,0.8602056352826087,0.6957305962906422
FOODS_3_628_TX_3_validation,4.45602658599307,4.190900861819797,4.537327070892573,4.80626635953772,4.593453712015836,5.62070851842928,5.748349893042788,5.126480536937535,4.58725651808025,5.305767816404857,4.882969165394994,6.023083691253004,6.522291185465052,7.701602488250774,7.693322272329175,5.535148627281747,4.789639074216006,5.349213203420141,5.288085366699227,6.686482491599082,6.840035328347832,5.884664919855829,4.6929290302829525,5.420616573453908,5.003984454555139,4.990088820495672,6.094123648844871,5.8851973303536615
FOODS_3_629_TX_3_validation,0.5343944874761292,0.5784735393755819,0.5626833381787784,0.5866455033142479,0.5668801759187803,0.6760716357638029,0.7432759492148796,0.6252524427925509,0.49892564961120295,0.5984363164595968,0.4973337103709255,0.5788758306655747,0.6148086977587424,0.7063558924815136,0.6014731383407396,0.532237635433683,0.4650787849760542,0.5538815096031126,0.5097956090188536,0.6433924089843112,0.735108909086759,0.590635158798635,0.47262981301413987,0.5538815096031126,0.4650787849760542,0.5097956090188536,0.593533308931614,0.5865541265973334
FOODS_3_630_TX_3_validation,0.23189991091820028,0.2765923767477492,0.2723075980694678,0.2821706865561524,0.3396875021259606,0.42918488618926043,0.47532588610014653,0.4045615053715683,0.2869835120332028,0.36823520862217674,0.3595852788020553,0.49563385391268727,0.4815383155734813,0.6171294116844139,0.5306879042047983,0.4326993846924976,0.3655405342348678,0.4543432588619274,0.41025735827766835,0.5834451543904751,0.6295861543013613,0.5306879042047983,0.3730915622729535,0.4543432588619274,0.3655405342348678,0.41025735827766835,0.49399505819042877,0.48103137181193606
FOODS_3_631_TX_3_validation,0.3599789314051532,0.38646570654631496,0.2547144120939729,0.33239970077634207,0.3758186378439399,0.483360195129832,0.5116979613737953,0.5132574494344171,0.38693065625306944,0.471751141748407,0.38533871701279204,0.5064718334547914,0.5048330377325324,0.6404241338434659,0.5562110417289634,0.4326993846924976,0.3655405342348678,0.4543432588619274,0.41025735827766835,0.5834451543904751,0.6295861543013613,0.5306879042047983,0.3730915622729535,0.4543432588619274,0.3655405342348678,0.41025735827766835,0.49399505819042877,0.48103137181193606
FOODS_3_632_TX_3_validation,0.5344500806117758,0.5311644986731466,0.4496214638037913,0.4972650231976858,0.47749969580221796,0.5400198545094794,0.5921453584645774,0.5268723471150834,0.419116358592005,0.5003680551809788,0.4180668177380544,0.5189285760717384,0.5524765971264268,0.6940521972815717,0.5891694431407977,0.5034846188284383,0.4363257683708086,0.5251284929978672,0.48104259241360925,0.6542303885264157,0.7063558924815136,0.6014731383407396,0.47563694998024886,0.5142905134557627,0.42548778882870414,0.4702046128715046,0.593533308931614,0.5469631304499836
FOODS_3_633_TX_3_validation,0.32904350896166884,0.28743035628985375,0.28314557761157233,0.2930086660982568,0.35628516581860453,0.5034189484481856,0.5525674841660196,0.4875627875879814,0.361217574292129,0.4527244957870846,0.37042325834415996,0.5064718334547914,0.49237629511558595,0.6404241338434659,0.541525883746903,0.4435373642346023,0.37637851377697246,0.46518123840403214,0.42109533781977293,0.5942831339325796,0.6551092918255262,0.5306879042047983,0.3730915622729535,0.4543432588619274,0.3655405342348678,0.41025735827766835,0.5062987533903699,0.4933350670118781
FOODS_3_634_TX_3_validation,1.9472171837395418,1.8722980837103866,1.833940217365568,1.9588474762247077,1.8697300340997811,1.9511038016186926,2.1832714105348643,1.9441216381828492,1.7147717214076021,1.8807552948424557,1.7891928804364485,1.9924210876401272,2.2776951235088996,2.352248175055001,2.0440802883959566,1.8630602480087677,1.6972455404316327,1.9230764969942458,1.649255134590873,2.1525842101373747,2.268488429517273,2.0191429256762015,1.7429828914041334,1.8798255828518415,1.7471908585958806,1.5619265259721635,1.892537290990946,2.2688437835484305
FOODS_3_635_TX_3_validation,0.08913492920613213,0.5871073497245856,0.5828225710463042,0.5828225710463042,0.5256282398997096,0.5657092664635079,1.0883488890475599,0.6226133479986585,0.5339852904112726,0.6220984263037243,0.5482635886855185,0.7047195409329444,0.701015941747152,1.2497095778144285,0.7113678374212173,0.6154441213724493,0.5463794902608096,0.643648614712588,0.6301810248400299,0.8029227805641463,1.274470015631318,0.7361282752381066,0.5573020146107424,0.6762389266930564,0.5959026018907156,0.6712377366452171,0.7653673757113911,0.9403565657998437
FOODS_3_636_TX_3_validation,3.4671977771725806,2.92741334301503,3.0426116702942707,2.8771781034155826,3.0494746408644366,3.658809485066581,3.936086009856771,3.336972821811585,2.617993723268401,3.1405882118231316,2.9126411140250132,3.3946539344551874,3.535304954706427,4.1427602935259245,3.7822993074443962,3.19595454402488,2.8302661634364057,3.0442195151881384,2.889070341295381,3.5934942756059525,4.044283576495875,3.4223852549087455,2.6977623199011247,3.0114580959147523,2.695546366404137,2.7794656171217205,3.3404461329802957,3.4026685312186937
FOODS_3_637_TX_3_validation,0.23189991091820028,0.2765923767477492,0.2723075980694678,0.2821706865561524,0.34544718627650006,0.42342520203872097,0.47532588610014653,0.41332872532905524,0.2869835120332028,0.37849043352815825,0.3595852788020553,0.49563385391268727,0.4815383155734813,0.6295861543013613,0.5306879042047983,0.4326993846924976,0.3655405342348678,0.4543432588619274,0.41025735827766835,0.5834451543904751,0.6295861543013613,0.5306879042047983,0.3730915622729535,0.4543432588619274,0.3655405342348678,0.41025735827766835,0.49399505819042877,0.48103137181193606
FOODS_3_638_TX_3_validation,0.8741053042722364,0.9529915245417228,0.8839535734619047,0.8925474344629479,0.9423874669235086,1.037171011127535,1.0242671528168332,0.9299009935113585,0.7985138024750746,0.8546840028344697,0.7437566399777616,0.9286824960595156,0.9016141476016145,1.1298899742660102,0.9821208888717261,0.879069656236165,0.7917460548651042,0.9072741495763037,0.9048185537084297,1.0470280227874882,1.1578862663603495,0.9790665830412044,0.6854001360509868,0.7662665948465801,0.6859302700442393,0.7612654047987408,0.8421558694789817,0.8213472379014205
FOODS_3_639_TX_3_validation,0.17247021791177714,0.3663448083660175,0.3620600296877361,0.3620600296877361,0.3952237418493525,0.5080342904116205,0.5699828808865363,0.5468069923107503,0.42109560359914056,0.5206062704475345,0.4303012876511714,0.5846088330212235,0.5886401530900078,0.6914334219981068,0.5658747209817457,0.48034294408639244,0.41318409362876224,0.5019868182558213,0.4579009176715627,0.6310887137843693,0.6772297136952555,0.5783314635986931,0.4207351216668479,0.5019868182558213,0.41318409362876224,0.4579009176715627,0.5539423127842642,0.5409786264057719
FOODS_3_640_TX_3_validation,0.6302888962068195,0.6199874610140254,0.5758327606325817,0.5682931198625205,0.6445795747154472,0.7336034347689336,0.8106378213982246,0.7333054029245015,0.5547769917733636,0.6737139038556776,0.5998790662374719,0.7665459520598048,0.7496031784880792,0.8771238496952405,0.7813312457821127,0.6539758103402578,0.584911179228618,0.7143944548424691,0.700926864969911,0.8859525838322592,0.866285870153136,0.7704932662400081,0.6157441595406815,0.6950900754756457,0.614753750673305,0.6900888854278064,0.7709793501080473,0.7376342006968055
FOODS_3_641_TX_3_validation,0.5286348033255899,0.48137589534765435,0.4754487826375354,0.3648217093689501,0.46718887776058987,0.5590599730465948,0.6628924387648655,0.587796340895554,0.4873708365822864,0.558845320312247,0.45828511260990246,0.6125926579799544,0.588371544754573,0.74944742361033,0.6433233610283648,0.5372014461428174,0.4913746215731175,0.49778082351632785,0.4702046128715046,0.6433924089843112,0.6895334088951974,0.590635158798635,0.4330388168667898,0.5142905134557627,0.42548778882870414,0.4702046128715046,0.5539423127842642,0.5805696225531217
FOODS_3_642_TX_3_validation,0.7418108857328704,0.7401100088476554,0.7204191488285749,0.7204191488285749,0.6679508079120267,0.8126087231943971,0.8037324596483237,0.7628735756268634,0.6347068737497713,0.7303168817758893,0.6297566740735436,0.7879648782658737,0.7637437650404922,0.9452091587405058,0.8333807392963445,0.6875446202764126,0.5982261407370846,0.6046323426802955,0.6313857665472035,0.8045735626600109,0.8711040774151536,0.7665014704563952,0.5529530590380913,0.6607330287670808,0.540958973791402,0.5901188550428063,0.6738565549555667,0.652765146494669
FOODS_3_643_TX_3_validation,0.5813241525634594,0.6194239912106411,0.5725665067675275,0.5919552618167777,0.6398592002275535,0.7707669355243948,0.8463282071604258,0.7554561565721545,0.5826235125502278,0.6752263836102367,0.5831325757326099,0.7355834513078405,0.7554194353650695,0.878841064964738,0.7546905652969228,0.6559804921107769,0.5849209828308699,0.6821901072826484,0.6613751275416482,0.8212782791369122,0.8899574340404348,0.7080696456863821,0.5533205389870555,0.6306715767537524,0.5503352519514116,0.6078855875524473,0.7209902033947607,0.6676846437717904
FOODS_3_644_TX_3_validation,0.0751167840830152,0.5737443473451023,0.5694595686668209,0.5694595686668209,0.5122652375202263,0.5391070896980914,0.6327207504114513,0.5483676118393479,0.4725131931699107,0.5625321097163702,0.488697272098166,0.643247443691581,0.6263046701198555,0.7459723443164408,0.6258185862518163,0.5431340445889814,0.47597519413135253,0.5732443185831299,0.5578709480565619,0.7282115089368498,0.7584290869333882,0.6382753288687637,0.4835262221694382,0.5770816139583529,0.4967452891560129,0.5701746432565038,0.6510651079367448,0.6258476806079084
FOODS_3_645_TX_3_validation,0.9646177068243614,0.9085617379436978,0.9239248823262302,0.9355577660210767,1.020702990059821,1.300618050830692,1.420721401636861,1.058919278581634,0.9938788656659054,1.077499589497374,0.9360203393388834,1.0438059676601317,1.214110051225389,1.4281807915891311,1.1196913055781892,0.7679305113417837,0.7708226773256522,0.8778843722121329,0.8194401601907298,1.071782066633802,1.1399485123673372,0.9049865936770397,0.6349675579511302,0.7123185957178272,0.6235158710907676,0.7348672088345748,0.8077669292052307,0.8244645317478043
FOODS_3_646_TX_3_validation,1.7596734482416845,1.6599209465331441,1.6638325776997365,1.6996359531163687,1.8536084815034775,2.1702899915058693,2.065854967108844,1.6977586352793033,1.5208971082341118,1.6355092062786916,1.5149747617337903,1.660448323618962,1.8116760302757047,1.9644848880127004,1.7241691472975191,1.5716311334056798,1.430992523541536,1.556461726333227,1.4081914521670322,1.7203315640518837,1.8986235275929721,1.6998739511128906,1.410621123042447,1.5170015285813374,1.4325938094704613,1.3948193588953184,1.6903905190925486,1.9175408818712598
FOODS_3_647_TX_3_validation,1.0304761131904425,1.007252322812427,0.9991098035157258,1.040276861784288,1.184662119932233,1.2883103893644934,1.449311694592638,1.2004165977628292,1.0606039810309216,1.2408988899072866,1.1239921248604208,1.5011545708772795,1.5761000845270265,1.6848280520905632,1.434655890230159,1.2711709219089777,1.211496258784676,1.2150616948060429,1.299763207023454,1.62851725854918,1.7470059352261804,1.389972727019372,1.1643051199968262,1.2765719948185534,1.16331471112945,1.0642256825569694,1.248869313963779,1.2706631344792505
FOODS_3_648_TX_3_validation,1.6426983822526349,1.453121345286273,1.3735166264097127,1.499875847451392,1.7472153096631875,1.9501180612399296,2.336561240142011,1.561496687472441,1.274870710008285,1.4543808201586106,1.3405771592293845,1.5923110319882632,1.7077854108422301,2.022247374030698,1.7562935508736084,1.593363597828356,1.4614601379155057,1.5479286843602094,1.5722323551176645,1.9930138606301537,2.2302142688164284,1.7857778266132525,1.511309157102387,1.6783624069103216,1.5022965775433224,1.482485390767919,1.7158075351012265,2.237699127661408
FOODS_3_649_TX_3_validation,0.4042319400050501,0.2860508059852848,0.2817660273070034,0.30039633575117486,0.36367283547152257,0.4967564289615565,0.543122248766114,0.47784923741662133,0.37009324889354167,0.4513449454825157,0.369043708039591,0.5175490257671694,0.5034534874279635,0.6450290875831086,0.5401463334423341,0.4421578139300334,0.3749989634724035,0.4638016880994632,0.419715787515204,0.607588741610071,0.6341911080410041,0.5293083539002293,0.37171201196838455,0.45296370855735846,0.3641609839302989,0.4088778079730994,0.504919203085801,0.4979400207515206
FOODS_3_650_TX_3_validation,0.7888858902889909,0.7823285777652342,0.781471272725235,0.7335230140323582,0.934095932842339,0.8620416838924758,0.8348469109661645,0.8402088032086431,0.6834530780650017,0.7790630860911196,0.7089318103510664,0.8818251725254569,0.8238824785488623,0.929703402440687,0.7717710394462366,0.6978632757227617,0.6085447961834337,0.6748589036612725,0.6468436236021622,0.8317336039945787,0.8746728663215172,0.7665014704563952,0.5942199705424885,0.6752763586198954,0.5719303041400212,0.6205477870050988,0.7147228962028831,0.652765146494669
FOODS_3_651_TX_3_validation,0.959419674155815,0.6587206586197923,0.6626750531002288,0.6725381415869134,0.7591527866556252,0.9055720197648517,1.0288825323863378,0.8728373017108432,0.8245453101623941,0.9224423603983104,0.7623723928557081,1.0428242117670237,1.0100159544636926,1.2607679347151861,1.153188429100101,1.0517022156466806,0.911708546915691,1.1014602644841514,0.9791994849848371,1.3356948696473043,1.502628962913821,1.1426778551781214,0.6538011129302115,0.7311521506969084,0.6423494260698488,0.7428627842715515,0.8427706101385041,0.830449035792016
FOODS_3_652_TX_3_validation,5.667966216813034,5.13964052589156,5.003321456359712,5.228027176074104,5.22299279844511,6.4702958662588435,7.677544381181724,5.987413372113373,5.033724891989089,5.659593402474058,5.475084130597752,6.16096274630099,6.743094583672763,8.131706845780254,8.318294467419024,5.983095864010809,5.501683707200062,5.967100292252196,5.5101742434218846,7.342032582535202,8.276233733459271,6.5863683918081755,5.200153173060234,5.5777892378919605,5.098049288695457,5.469964292870948,6.429738675086525,7.271850357144718
FOODS_3_653_TX_3_validation,1.1846598531507395,1.097772855720246,1.0074644546295792,0.9887184606018342,1.0429681664411266,1.2589442570125742,1.4567861292889017,1.1580130755322178,0.9601797284196562,1.113663707690428,0.813834776942439,1.105403027875598,1.1614315575965746,1.3585265937994722,1.2397926829682746,0.936935761116911,0.8928589737845425,1.0145826572983654,0.94147645664962,1.23559103577082,1.616906424257579,1.0603082413708822,0.8219806104196314,0.9212677760307446,0.763056233013992,0.8116737158790696,1.0193117375219432,1.0848163413123444
FOODS_3_654_TX_3_validation,7.00452642245987,6.535276081115492,6.181507166149019,6.562314304921726,6.578391755849772,8.821729890235892,9.23099529809267,6.746361146707686,5.739449766008782,6.036490635924627,5.575316552096805,6.623389739652982,7.279827780167854,7.573711369090667,6.802554322765001,5.941250809646795,5.640125528743827,6.239465052873466,6.1726269765071695,8.111379691980265,8.510883030091891,7.372775894083272,6.009909351696164,6.541521655412567,5.845713746132334,6.169128844611007,8.18619053774358,7.974028506384543
FOODS_3_655_TX_3_validation,1.0561813991958307,0.9776790773881089,0.9768616725730971,1.0072024485730249,1.3423566766208754,1.2133093837387077,1.2855236479560428,0.956597200620466,0.7604144176237757,0.9532277472016369,0.8166618315945324,0.9559965805827938,0.9954768855488724,1.1855240573275112,1.0208607465736004,0.9145449837565989,0.6878365548071571,0.9163119210810142,0.8388312862904581,1.057096908651742,1.2465554999631017,0.9574041515523956,0.7585596074290855,0.8667140372506353,0.7785140900689506,0.8116737158790696,0.9584542918172149,0.856808401794175
FOODS_3_656_TX_3_validation,0.9811921960069275,0.8837069709589358,0.8722552840985731,0.8722552840985731,0.9208727669636507,1.0949198871659926,1.2025104856549558,0.9650387408861804,0.7822743641860149,0.8938606502348703,0.7786384539051819,0.9102399889160749,0.9024523352786037,1.0269980542068837,0.9223954472481252,0.7861305173255584,0.7115022191392878,0.8003049437663474,0.7601197020043654,0.9333074981171728,0.9998380128723156,0.8805502479314967,0.7242681953950452,0.8162812217890848,0.7115022191392878,0.7601197020043654,0.8438574019171259,0.8769032378251821
FOODS_3_657_TX_3_validation,1.0712860892102867,0.9151544000649486,1.0117566697428249,1.035275266672519,1.0838927495375952,1.2837458830976158,1.4931618195260572,1.0166326549858713,0.9073177976110143,0.9825678238080476,0.8673456274783594,1.040215820298031,1.0577785488686913,1.2901864694848886,1.114943185568942,0.9075236043879455,0.8035431362212748,0.9252668197350982,0.8819891544711046,1.1081866112552092,1.196509220618593,1.029815645227685,0.8149948230816375,0.9572816532254163,0.8105289235592688,0.8509170246911517,0.9754484986434189,1.302295803420272
FOODS_3_658_TX_3_validation,0.3877799220319542,0.34616676936013907,0.4151411618853642,0.4239083818428512,0.47609202788680766,0.5400198545094794,0.5861608544203657,0.47922878772119026,0.3714727991981106,0.4527244957870846,0.38288000096110747,0.5189285760717384,0.5048330377325324,0.6295861543013613,0.5306879042047983,0.4326993846924976,0.3655405342348678,0.4543432588619274,0.41025735827766835,0.5834451543904751,0.6295861543013613,0.5306879042047983,0.3730915622729535,0.4666469540618695,0.37784422943480983,0.4225610534776103,0.5062987533903699,0.4933350670118781
FOODS_3_659_TX_3_validation,1.0911828586650616,0.8962809448608798,0.9070964237407146,0.979163672023526,1.0511722906419725,1.1958716238807376,1.0966884460721122,0.97065092120091,0.8279910692364825,0.8279839097597864,0.7904992202088775,0.9739599175709986,0.9659089302998092,1.1209524211451751,0.9858570656403276,0.8957114287775176,0.8030007378349482,0.8778843722121329,0.8194401601907298,1.000186766957123,1.130853235892288,0.9519899846432853,0.7384117630546094,0.8198500106954484,0.7442226780349107,0.7928401608999883,0.9584542918172149,0.8349019410328281
FOODS_3_660_TX_3_validation,7.553510203480641,7.079340675573538,6.301853857839175,6.540223830594093,7.16784808685574,9.016908229910289,10.028469621628233,8.532636431979483,7.334360364651112,7.955779309793242,7.665854805253029,8.9964078638268,9.196623487271435,10.07765489454473,8.985246209212939,7.893689268054357,7.355746960694289,8.245350479688929,8.220599413006882,9.615738810213822,9.926467973352407,8.673327350317294,7.314373664562381,7.157502658099157,6.518512054491215,6.848731421518396,8.393292992398262,8.739425211828415
FOODS_3_661_TX_3_validation,4.169192105280138,3.631523209475147,3.958991285322102,3.57460602368763,3.928621558116741,4.551971895138846,4.915934845520758,4.2452540488272525,3.34968435014954,3.6168917806354215,3.294251641910736,4.000280841083629,4.355419794385135,4.633893876853838,4.0224723038297805,3.4857569841176796,3.1109325688525034,3.5107885846330045,3.416840590266856,4.238142523665883,4.328247959062332,3.800925291459464,3.1408894691593146,3.610749835420106,3.134996519133567,3.268306768480589,3.6890676291088047,4.021893193545478
FOODS_3_662_TX_3_validation,1.5243050314634992,1.2892219755096395,1.2109724005199387,1.2230418968671515,1.384542131154913,1.6682909203852343,1.7429319448824445,1.3397301978456468,1.1581619669741803,1.3161145780178662,1.086510138295151,1.333613605165282,1.385394386189222,1.5685526786583708,1.4155940321652605,1.2519354378674246,1.111686260665602,1.1617682746081623,1.157480001008651,1.436740859684605,1.5790807848494541,1.4378005953099102,1.1001891372922683,1.1767619966994793,1.0550383131856564,1.157480001008651,1.3290317932251376,1.7154077263623786
FOODS_3_663_TX_3_validation,1.1053723106149278,0.9102774421828141,0.957795860415118,0.9852631766202296,1.1117361744383858,1.288516392216689,1.4531289221197854,1.1080114715352367,0.9630168014189335,1.080336662496652,0.9665330015674247,1.1851284696590718,1.2383097641475287,1.4954066201961027,1.2223831529823879,1.092338005261259,0.9813096726703299,1.1185476204331304,1.0473264080960842,1.3490850619950956,1.7890362036766831,1.2753711026820507,0.9931907154909408,1.1034627121444018,1.0090407819367035,1.0713066294971731,1.24001118648114,1.4373415212720368
FOODS_3_664_TX_3_validation,3.4090273034104617,3.274048909490078,3.034961216444841,3.0433167961634258,3.1164446852752477,3.868048393513872,4.663750194276234,3.5695175283492415,3.1017603294744003,3.216984890789955,3.25081352132251,3.6306660706318703,3.7479525344228755,4.373086359714905,3.8378021678544987,3.57981702495343,2.9193005044911886,3.3426350925710446,3.261993260906024,4.1172794210827295,4.351219692901957,3.866918645902407,2.936606413948707,3.185456496681968,3.0028745360617246,3.221227229273185,3.7377631729462952,3.8175930584675415
FOODS_3_665_TX_3_validation,1.5958072179616598,1.5345480691532738,1.5230963822929113,1.62843939361935,1.6067015591258673,2.031059008969099,2.14349214038222,1.6550262241950795,1.4763115997901743,1.6089775043696657,1.3470639330689878,1.5055963687141722,1.5878944643266608,1.7298800083954373,1.575915375672943,1.427622954043878,1.2540878694762545,1.3433469062093826,1.261785282361151,1.5955077227051289,1.808380200995837,1.541180769448444,1.251927941378001,1.343618165563834,1.1862401306863275,1.261785282361151,1.4465406115618837,1.7765890456637887
FOODS_3_666_TX_3_validation,0.4964907401233506,0.4875272871759937,0.49148168165643014,0.5013447701431141,0.6275760602642448,0.6411056663040879,0.6890040676394553,0.6441133880599319,0.5572146581970461,0.6637731894696989,0.5686218599600428,0.7299772697543537,0.7209870911721917,0.9788209911411041,0.8445836965163696,0.758290371479204,0.5389547749755187,0.7383154986824779,0.6798712866610749,0.9969626344964171,0.8288190668551737,0.6891732293499695,0.5315768874181233,0.6089279251848202,0.5201252005577606,0.60055626432783,0.6416424037934941,0.5805696225531217
FOODS_3_667_TX_3_validation,0.44232918482422684,0.3592433995605469,0.3549586208822655,0.353316286850428,0.38812233304388183,0.4574378668589651,0.49333763907713707,0.4916855303381377,0.3839295418150581,0.4774849336039741,0.38288000096110747,0.5312322712716802,0.5171367329324745,0.6527278290434078,0.541525883746903,0.4558410594345443,0.4363257683708086,0.5251284929978672,0.48104259241360925,0.6542303885264157,0.6880676932373601,0.6161582963228,0.4207351216668479,0.5019868182558213,0.42548778882870414,0.4579009176715627,0.5416386175843223,0.5409786264057719
FOODS_3_668_TX_3_validation,3.7316498886116274,3.6948216422213984,3.478424278189735,3.3041134516436053,3.5270109008870056,4.598644779996914,4.475932678245296,3.7521558335773593,3.3917742117315783,3.8482188596790774,3.272707150341683,3.8060314033528555,4.269229216093595,4.597343190652274,4.061694542842353,3.54660979348801,3.220741079070918,3.6430111971385295,3.5612003753571493,4.6265912415863495,4.70321369470412,4.116163577597832,3.25079605282325,3.7665737316262784,3.308722672037768,3.4239428018259126,4.2371734496533255,4.223750046587089
FOODS_3_669_TX_3_validation,3.3353359660371376,2.514169730337799,2.4293105531162147,2.2530864143407556,2.415261329949211,2.8857562634202214,3.8510696366990183,2.779074478093733,2.4067121019978375,2.598943388902751,2.575848972259986,2.997325353707603,3.295859742872515,4.135220621114593,3.2633018285793374,2.894254961112802,2.620075387562115,2.9328646852975497,2.8770693918552617,3.6694995296305244,4.532629814253193,3.747808581335383,2.993676984738489,3.115195195641378,2.862587474905854,3.0302645748151606,3.584786024074156,4.440743700296498
FOODS_3_670_TX_3_validation,0.08542237046236752,0.28743035628985375,0.28314557761157233,0.28314557761157233,0.31630928977318856,0.4400228657313649,0.486163865642251,0.42416670487115976,0.361217574292129,0.4527244957870846,0.37042325834415996,0.5211569914368518,0.4815383155734813,0.6171294116844139,0.5306879042047983,0.4326993846924976,0.3655405342348678,0.4543432588619274,0.41025735827766835,0.5834451543904751,0.6295861543013613,0.5306879042047983,0.3730915622729535,0.4543432588619274,0.3655405342348678,0.41025735827766835,0.49399505819042877,0.48103137181193606
FOODS_3_671_TX_3_validation,2.178533970619165,2.0524000080105735,2.149945828914655,2.05873373242987,1.8034747019478057,2.393833116082519,2.760609768495718,2.450625004406595,1.9932551086639778,2.494065900383355,2.2467404568449,2.647751143712458,3.0122902477008124,3.563460459618388,3.1114082029486063,2.825059664645668,2.572342866373653,3.031730811513101,2.560085771117683,3.4896606969795556,3.6694868555491396,3.3077373132030603,2.661589660517415,3.0929265987557315,2.9889816410445564,2.3695031587163036,2.796164003378201,2.8897618285793816
FOODS_3_672_TX_3_validation,5.274248876366383,5.0667716179202875,4.61863546916754,4.435208340099457,4.7477781892295114,5.483906980042459,6.58227365097768,5.867479034739967,5.513862554340564,6.1324564320678,5.910578808542226,6.347932849458521,7.227375403456279,7.652835126943704,6.905045481243027,5.7579421914585405,5.341909607229363,5.736030724063598,5.658582953468987,7.69058477419637,8.026675956617476,6.637018550540387,5.346448501035755,5.434798437715897,4.996009098751632,5.119979978265546,6.312036858499751,6.03683226021025
FOODS_3_673_TX_3_validation,0.5360345664765168,0.5671020518601612,0.3716255223266431,0.3933861697511467,0.4369872911977867,0.483360195129832,0.6269930675657223,0.5278490863017176,0.42426339760533555,0.5362308070706769,0.43567059936833225,0.5899781447383844,0.5577097359626083,0.6940521972815717,0.5891694431407977,0.49118092362849697,0.42402207317086676,0.5251284929978672,0.48104259241360925,0.6542303885264157,0.7063558924815136,0.6161582963228,0.4330388168667898,0.5142905134557627,0.42548778882870414,0.4702046128715046,0.5539423127842642,0.5469631304499836
FOODS_3_674_TX_3_validation,0.8971189667321372,0.7094347670437449,0.6768148918461578,0.6768148918461578,0.7723914035441317,0.8837046688677451,0.9456532593426609,0.7671283107992544,0.6104913394942875,0.7061013475204054,0.6377552909801323,0.7959634951724623,0.752705959177928,0.9412544189854519,0.8186955813142841,0.7125736664287367,0.6232551868894086,0.7303168817758893,0.6718726697544862,0.8714528314999602,0.9452091587405058,0.7408699207298847,0.5942199705424885,0.6715710083091855,0.5827682836821259,0.6313857665472035,0.7151234664599639,0.7481693023680202
FOODS_3_675_TX_3_validation,1.7611356460996717,1.5613318177358682,1.5197114001483194,1.6011416655456274,1.6870596378194718,2.04903255108476,2.533298686627399,1.9704675247006183,1.6974668051231412,1.8336289259343113,1.7663879023451594,2.076894967102727,2.1852431717704497,2.879838545633359,2.165573365866226,2.000620322525062,1.7445364220475008,2.0034020971647073,1.7982332229076414,2.547763283353878,2.4924419458590448,2.05410163314461,1.6438884548323154,1.81977824598806,1.5485616324490574,1.698444200862352,1.9725767434280694,2.0063545099121995
FOODS_3_676_TX_3_validation,0.38459444830392314,0.30150866304024343,0.2857184618434399,0.297223884361962,0.3391548164810653,0.4710017878124872,0.5163029151134385,0.5014404898448244,0.3855511059485005,0.47037159144383806,0.38450156509454986,0.5365756717284917,0.527044739856168,0.6721891289176765,0.5673063747769024,0.49337016223029156,0.42210012447997103,0.5114452474933564,0.4673593469090983,0.6405471430219049,0.6926726469770028,0.614778746018231,0.41935557136227897,0.5006072679512523,0.4118045433241933,0.4565213673669938,0.5402590672797534,0.5455835801454146
FOODS_3_677_TX_3_validation,0.6969598939880832,0.7726184230975798,0.7204191488285749,0.6400725759136001,0.6726285330465112,0.7598219031980327,0.8201543729775592,0.7628735756268634,0.6347068737497713,0.6998879498135968,0.6297566740735436,0.8026500362479341,0.7387147188881682,0.9136280987987129,0.7936665351619601,0.6947995059395583,0.5677972087747919,0.6748589036612725,0.6164146916398695,0.8159948533853435,0.86128317299796,0.7485474218466099,0.5942199705424885,0.5744843042722794,0.509287221015656,0.5901188550428063,0.6416424037934941,0.6587496505388807
FOODS_3_678_TX_3_validation,0.4128651102208443,0.44816818834099603,0.3933861697511467,0.3933861697511467,0.46614087806011323,0.5736824353460044,0.7174683551989007,0.6306280691348383,0.5623822446324073,0.6618929114808022,0.5613327037784566,0.7156402491485097,0.6914191359231282,0.8961339689944509,0.7901287822717077,0.6499305833043715,0.5606121037650434,0.6676737986515241,0.6196669959151448,0.7837807022232709,0.8991628020524915,0.6495822332026197,0.5345840243842324,0.5584989494953658,0.4696962248683074,0.5183137077333838,0.593533308931614,0.5865541265973334
FOODS_3_679_TX_3_validation,2.015367082806691,1.8707768393583255,1.9412733546211607,2.1306878992932288,1.9814126993110142,2.078376437649778,2.718686267515706,2.001770663540918,1.836672141871787,2.0621907036028198,1.720382334651498,2.055735251243789,2.1723128376447067,2.9390044299448816,2.143297598988797,1.9433858481792274,1.6873019477016664,1.9540811991021223,1.7337095923802206,2.2329098103078353,2.4596139341164958,1.973776032974146,1.7014080711104087,1.8517762613970188,1.743937792850238,1.8049076942574296,2.1476537888495124,2.2385370722537083
FOODS_3_680_TX_3_validation,0.3047463476140058,0.34616676936013907,0.4052780733986795,0.4151411618853642,0.4726579774551724,0.4400228657313649,0.486163865642251,0.4875627875879814,0.361217574292129,0.4527244957870846,0.37042325834415996,0.5064718334547914,0.49237629511558595,0.6404241338434659,0.541525883746903,0.4435373642346023,0.37637851377697246,0.46518123840403214,0.42109533781977293,0.5942831339325796,0.6404241338434659,0.541525883746903,0.3839295418150581,0.4666469540618695,0.42548778882870414,0.43299846276263393,0.49399505819042877,0.48103137181193606
FOODS_3_681_TX_3_validation,14.418185294616212,13.047416207655829,12.691527992396917,12.688102590883455,14.926330899184368,17.78027516343198,18.714313371009034,15.466781986199646,13.470386649702263,14.6637251764767,13.638906122910656,16.846768220486233,19.483317948596515,20.182412414274015,17.771294160027455,15.247018098711415,14.250829472083753,15.449574511320403,16.30965617470278,19.455868259717505,19.470356150236626,16.808023712691753,14.344623077485224,15.045650319748555,13.919480658506737,15.187306288588783,18.4737223648857,16.4805165268255
FOODS_3_682_TX_3_validation,7.145550990199454,6.517814083047439,6.336798697954248,6.0906805664889045,6.488992228771218,7.634304209460142,8.493660455518109,7.876041239375451,6.758091536756683,7.257600176668727,6.729865330923077,8.334189097798362,8.344073233604579,10.139050759053161,9.155672644354123,7.443137736629171,6.694589658155453,7.2219340569088635,7.4300283118391475,8.997859659082872,10.224091625659376,8.894650070649655,6.763956161836504,6.789711509053308,6.235397847421705,6.557193517444165,8.0089482789877,7.9244611516214905
FOODS_3_683_TX_3_validation,1.8248023496170527,1.8625376661996078,1.8420161648995683,1.8474089828104856,2.0729320742178707,2.0939508625267536,2.4362481676779137,2.1631236300624415,1.7169185746303055,2.100978885061531,1.7170690889006028,2.1875926886702666,2.3017420414064564,2.81188689331574,2.4261964369650038,2.0103681330289276,1.9269788973992568,1.8131236740598016,1.7295807347613332,2.2289281772716776,2.6836030349885074,2.1109458536927663,1.7628209514831161,1.8811185249380664,1.6867033185044036,1.7559026016447903,1.9725767434280694,2.0434977851819545
FOODS_3_684_TX_3_validation,1.1133571591408478,0.9552380676680472,1.001474268626888,1.0747759942304562,1.1447190594842567,1.193904418926451,1.181474518296115,0.9188156816180277,0.76313674664816,0.8323585501701343,0.7332168778682496,0.9502914738000354,0.9546241859395459,1.1167155412091712,0.9525424761900787,0.8943534448776124,0.8302874585080751,0.9385263970376884,0.9091628821267194,1.1426581059598169,1.2760859138824572,1.1299924234653997,0.9180188365518731,1.0086986378178586,0.9251859122405129,0.9745068661083539,1.144630182230811,1.3434449478152553
FOODS_3_685_TX_3_validation,0.9608481304070157,1.014356353560198,1.0135389487451862,1.064139651364477,0.9370467231714057,1.1075544214592328,1.179321910296927,1.0476635315676175,0.8770667075703132,1.0137515730108502,0.8557613284558773,1.067694219190124,1.1237227489111006,1.335502943096058,1.1251953903066367,0.9923030073529879,0.8287142905471077,0.9957092020942969,0.7522170778624958,1.0351904478903957,1.1205093477220234,0.9574041515523956,0.7585596074290855,0.8549615305063866,0.5900885477519114,0.749281722462261,0.8330194223750215,0.8244645317478043
FOODS_3_686_TX_3_validation,0.22614022676766088,0.2765923767477492,0.2723075980694678,0.2723075980694678,0.3054713102310841,0.42918488618926043,0.47532588610014653,0.4045615053715683,0.2869835120332028,0.36823520862217674,0.3595852788020553,0.49563385391268727,0.4815383155734813,0.6171294116844139,0.5306879042047983,0.4326993846924976,0.3655405342348678,0.4543432588619274,0.41025735827766835,0.5834451543904751,0.6295861543013613,0.5306879042047983,0.3730915622729535,0.4543432588619274,0.3655405342348678,0.41025735827766835,0.49399505819042877,0.48103137181193606
FOODS_3_687_TX_3_validation,0.4551902777802372,0.48023813099440726,0.3708272496452232,0.3806903381319079,0.48832649779992465,0.555046782835662,0.622755057461117,0.5278490863017176,0.4119597024053937,0.5114703692537875,0.4232138567513849,0.6376217041322786,0.6134005909068971,0.7830582478412809,0.668352407180689,0.6018214884424914,0.5164036677254403,0.623465362611921,0.561120491768241,0.7753858114957753,0.8931782980082799,0.6495822332026197,0.5345840243842324,0.5584989494953658,0.4696962248683074,0.4702046128715046,0.593533308931614,0.5409786264057719
FOODS_3_688_TX_3_validation,5.157273504531946,4.686969031987978,4.746420908918578,4.755798936549046,4.680113374589994,5.816514742497997,5.7389077034727505,4.725598743315552,3.839640221124633,4.2565539612439105,3.7741682022062095,4.431765830206789,4.624166699821519,5.071315239807309,4.342712014784457,3.755987287557224,3.4759205343504465,3.834443392571748,3.88727904635576,4.775272158264012,5.236997000865369,4.286537181536416,3.403632983061158,3.7543483142785425,3.396397527863468,3.765413608698243,4.490976667474015,4.69779569405515
FOODS_3_689_TX_3_validation,0.736783231624003,0.7094347670437449,0.6080483654796733,0.5788062005895537,0.6962568444921008,0.7168210844560697,0.8500765302530225,0.6879531745217313,0.5750709275915152,0.6426447524992,0.5420845447968543,0.7002927489891844,0.6760716357638029,0.8450005116301359,0.7632376031996674,0.632156422815193,0.5201252005577606,0.6124967140911838,0.5687426834228382,0.7419304795356456,0.7959244764571078,0.7213873805120421,0.5637910385801959,0.6448474266576028,0.5415013721777286,0.5901188550428063,0.6738565549555667,0.6632025557796928
FOODS_3_690_TX_3_validation,0.29874585869375164,0.33530492915005455,0.31951472795325103,0.34127537537775465,0.37443908753937094,0.4819806448252631,0.5413319612657629,0.4679095841280348,0.3825499915104892,0.4638016880994632,0.38150045065653854,0.5175490257671694,0.5034534874279635,0.6341911080410041,0.5293083539002293,0.43131983438792865,0.3641609839302989,0.45296370855735846,0.4088778079730994,0.5820656040859061,0.6341911080410041,0.5293083539002293,0.37171201196838455,0.45296370855735846,0.3641609839302989,0.4088778079730994,0.49261550788585984,0.4856363255515788
FOODS_3_691_TX_3_validation,0.28997863873626467,0.3182985360338497,0.32225293051428616,0.22987801728343057,0.3236969594261066,0.44741053538428294,0.4854858501998324,0.4144531546997996,0.37009324889354167,0.4513449454825157,0.38150045065653854,0.5175490257671694,0.5034534874279635,0.6450290875831086,0.5401463334423341,0.4421578139300334,0.3744565650860767,0.45296370855735846,0.4088778079730994,0.5820656040859061,0.6341911080410041,0.5293083539002293,0.37171201196838455,0.45296370855735846,0.3641609839302989,0.4088778079730994,0.49261550788585984,0.4856363255515788
FOODS_3_692_TX_3_validation,2.0157290517740014,1.8083684117998642,1.5793805903401714,1.480348469149829,1.6936550792586211,1.8361437487082004,2.5425175202049743,1.9071876419808778,1.6379857129617197,1.8491073863261385,1.4690069396823904,1.8114346384416473,1.979198544288883,2.626736225255781,2.0294623139091477,1.7811730984120695,1.7017617501083695,1.838922718133244,1.8504386859370012,2.300662931701711,2.909303712253342,2.2692453810701796,2.021569219874886,2.097170015574233,1.849290517054675,1.953646437468609,2.238170919187743,2.715290640736976
FOODS_3_693_TX_3_validation,0.07458439092026299,0.2765923767477492,0.2723075980694678,0.2723075980694678,0.3054713102310841,0.42918488618926043,0.47532588610014653,0.41332872532905524,0.2869835120332028,0.37849043352815825,0.3595852788020553,0.49563385391268727,0.4815383155734813,0.6295861543013613,0.5306879042047983,0.4326993846924976,0.3655405342348678,0.4543432588619274,0.41025735827766835,0.5834451543904751,0.6295861543013613,0.5306879042047983,0.3730915622729535,0.4543432588619274,0.3655405342348678,0.41025735827766835,0.49399505819042877,0.48103137181193606
FOODS_3_694_TX_3_validation,19.55962137453921,19.81109132400613,19.08152026196652,18.88713478538905,21.553331649101086,24.430606895990557,24.441992713732976,21.037693545393562,19.68614345345754,21.732580123247597,19.744127131702342,23.54354771152631,26.819439239063822,26.615162428785023,22.90002713309781,22.866858293996028,20.162370235067968,23.14703057701199,23.301844583756427,27.849247931610776,27.674406211826728,22.332474190718724,20.44661638580005,22.41518864897245,20.795934475316674,23.527844641718286,26.492226754203944,22.305717210100568
FOODS_3_695_TX_3_validation,6.114574017547261,4.68885626825519,4.6356991122856845,4.78844840397624,5.112329613329611,6.3544392364733575,6.879660941720922,5.473247443293773,4.7144071312608355,5.241300931696876,4.964701196473605,5.515084334431436,6.280840459432735,6.858418079122276,6.314694242957767,5.546142600120233,4.917176393738367,5.401760559276239,5.489525384957718,6.889572491812278,7.181039777782458,6.630162914065795,5.031885026576156,5.367973195728047,4.9439287877201705,5.370005053629894,6.239858869474767,7.0295981683473245
FOODS_3_696_TX_3_validation,0.17247021791177714,0.3663448083660175,0.3620600296877361,0.2263543407549576,0.31630928977318856,0.4400228657313649,0.4921483696864627,0.42416670487115976,0.361217574292129,0.4527244957870846,0.37042325834415996,0.5064718334547914,0.49237629511558595,0.6339518952707301,0.541525883746903,0.4435373642346023,0.37583611539064565,0.4543432588619274,0.41025735827766835,0.5834451543904751,0.635570658345573,0.5306879042047983,0.3730915622729535,0.4543432588619274,0.3655405342348678,0.41025735827766835,0.49399505819042877,0.48701587585614775
FOODS_3_697_TX_3_validation,4.633448386514168,3.889977144147608,4.163611091876746,4.060693048340811,4.56649659657998,5.636810270695018,5.454775963015259,4.850891853413776,4.489071441842458,4.619427699339571,4.35789816350094,5.291806692753956,5.570730600900531,6.132474695001415,5.232468324442946,4.83333688962038,4.6409496986291225,4.959915256120122,5.249020409229813,5.935744857779738,6.19974410383479,5.646675348813552,4.310369961176405,4.974806163930341,4.4635577503393735,4.739373998306044,5.686528394044758,5.491541559403878
FOODS_3_698_TX_3_validation,1.5026111568603828,1.599538496611413,1.5855099595109527,1.6503482394530335,1.8220899169578204,2.171261001362417,2.562631618822493,1.9077571780558797,1.5223113064050093,1.761356542882457,1.5878965011587056,1.8675747260600686,1.965540073432713,2.5441630552988324,2.0036771880382203,1.7239985234088013,1.592095063495951,1.7372415760414317,1.4708990502239778,1.9588431794687233,2.249050445665818,1.8673372963296289,1.4306610700530995,1.5565984651233318,1.4278416464490697,1.5010444238949974,1.835004016656696,1.8373046281931082
FOODS_3_700_TX_3_validation,1.126946352554623,1.1285451791700594,1.1492237465365782,1.1884174502062415,1.3268891661492193,1.5197054953017473,1.610503742458146,1.5123971050744291,1.2875685762999278,1.4610298815289844,1.2999456369182174,1.4318016733513008,1.522086996900634,1.8654707838431803,1.6365541299508382,1.3756304672803286,1.2176658660252215,1.2461833667385456,1.1925040204568669,1.4677832460966629,1.5669608784332656,1.3803137961916674,1.0285801220727977,1.1688197839248886,1.0470961004110657,1.1075533190161495,1.3501525039872198,1.185794080277113
FOODS_3_701_TX_3_validation,0.5954475555817699,0.6746264710824921,0.5390019439203537,0.5866455033142479,0.5715579010532648,0.6279625409019228,0.697526446733775,0.551632784931973,0.44387679640889427,0.5251284929978672,0.4824182517022937,0.6184668268129245,0.6043712884737186,0.7399623845846518,0.6014731383407396,0.5430756149757875,0.4759167645181587,0.5647194891452171,0.5206335885609581,0.6938213846737655,0.7546475425667122,0.590635158798635,0.4330388168667898,0.5142905134557627,0.4650787849760542,0.5097956090188536,0.593533308931614,0.5805696225531217
FOODS_3_702_TX_3_validation,13.057895064739617,10.163506706302487,10.412489733555168,10.86303754667161,11.587805679895856,13.213571199001363,14.772149099408105,13.50794292542703,11.073801926198765,12.15228069380979,11.043697427251502,13.828772602656528,14.71545310423896,16.49304345752772,14.284316508282297,13.353520053650474,11.667887683475012,12.999708461877212,12.55818685630218,15.493431537964387,17.367636927626204,14.838772764524384,11.964964632440191,12.79501069800445,11.7103240418863,13.120924171757713,15.106092406262764,14.962048512487547
FOODS_3_703_TX_3_validation,0.7069516209624425,0.7168401607668918,0.6726854603854484,0.7267569849117359,0.8228330594344202,0.9806062635017276,0.9198370586281484,0.8297713939236193,0.7168891469934032,0.8094920180534121,0.7089318103510664,0.8671400145433965,0.8429189013180151,1.032966073096655,0.8978707175918069,0.7917488027062595,0.7646217796593348,0.6704089762412613,0.6875912110108039,0.8871713727562779,0.9609276999968235,0.8490992805526622,0.650425415006089,0.6905976542705078,0.5827682836821259,0.6313857665472035,0.7567241929952374,0.6831940784569616
FOODS_3_704_TX_3_validation,2.882394636917488,2.553115972825834,2.5346467043447873,2.4694829019482682,2.666069344934471,3.0564941851141776,3.3341885292037543,2.750931402030486,2.3492643781892797,2.562944900398458,2.3670066932908247,2.529879054713122,2.7694604223126174,3.123520921956368,2.6843897070184086,2.5442534713473735,2.2552749424418455,2.507678051400886,2.2652249182966515,2.9537055696830605,3.2573120040968355,2.800029394486443,2.383484078971358,2.583552573224775,2.1497853363368415,2.2936719048461582,2.670632584701501,3.0780136146045547
FOODS_3_705_TX_3_validation,0.5286903964612365,0.4731923153245831,0.3073706546240179,0.32748896801668403,0.42985613640832376,0.5217272316943288,0.6169779193339727,0.5028200401493933,0.41169109406995885,0.49889806571841216,0.3983378580160662,0.5379552220330607,0.5388616994457607,0.6880676932373601,0.5891694431407977,0.49118092362849697,0.42402207317086676,0.5128247977979253,0.48104259241360925,0.6542303885264157,0.700371388437302,0.6014731383407396,0.4468839333750032,0.5142905134557627,0.42548778882870414,0.4702046128715046,0.5539423127842642,0.5409786264057719
FOODS_3_706_TX_3_validation,2.4491231860089915,2.269034470997567,2.3513130445291943,2.3543183530802114,2.420512327669583,3.034451191304759,3.3995350344052317,2.70023406884955,2.4359532192692983,2.6737043766566444,2.5031750983431,2.8803142932206542,3.1892251190329377,3.97893947455118,3.385069100583309,2.785713191583451,2.6298615343817113,2.6738219549818,2.519349314079886,3.257041688888785,3.5849474436434154,3.078630907942028,2.3412303074109166,2.664893951412789,2.457556107842749,2.6281261039494925,3.096528589576231,3.0000276019121843
FOODS_3_707_TX_3_validation,1.1989118986142597,1.071584727818281,1.0017671978936173,1.0160468435440264,1.1116438031433862,1.2651929206933534,1.4834105267660274,1.1702051097497161,1.022970828922247,1.1916443594665913,1.1184734485033332,1.3745115944286395,1.526600950438788,2.1290971493108746,1.526257304129761,1.450440431800633,1.2789002254012767,1.286294447298562,1.3794351734048078,1.7119844042231112,2.110560157466461,1.5217958485522203,1.2156491706429666,1.1830524105017062,1.102760641310857,1.1780957760653572,1.3924911426339968,1.4455516844603429
FOODS_3_708_TX_3_validation,0.813795739604492,0.7461612741118556,0.775368161762083,0.7829916395376011,0.8700718200742991,1.0501478066811851,1.158457864699676,0.9492388476437984,0.8418779731530238,0.9629031845414522,0.7330412273910436,0.9882969381768427,0.9954768855488724,1.1925719217517687,1.0457981092933546,0.9129057263397057,0.7461873040292465,0.7648689780112881,0.706424765989885,0.8724811914032204,0.9928394665909489,0.8072490578650369,0.6349675579511302,0.7123185957178272,0.5827682836821259,0.6205477870050988,0.7042854869178593,0.7689018604543957
FOODS_3_709_TX_3_validation,1.0793444082264299,0.9551397712214684,0.8618987213966522,0.8304262862926611,0.9168182867985958,1.1237227489111006,1.1764928989812093,0.8814529691970554,0.7431017503741266,0.8351147767681663,0.7834863949043,0.8579529402563318,0.8657638626784728,1.0217444736336625,0.8965265259542341,0.7985380064419322,0.7436802796485841,0.789466964224243,0.7597191317472848,0.9224695185750684,0.9890000333302112,0.8697122683893923,0.7151230634236552,0.7014806161757227,0.612677891548663,0.6612953744137406,0.7042854869178593,0.6957305962906422
FOODS_3_710_TX_3_validation,0.2369782063097655,0.28743035628985375,0.28314557761157233,0.28314557761157233,0.32507650973067553,0.44879008568885187,0.5053684948847611,0.41332872532905524,0.36063481965600597,0.4418865162449799,0.3595852788020553,0.49563385391268727,0.49399505819042877,0.6295861543013613,0.5306879042047983,0.4326993846924976,0.3655405342348678,0.4543432588619274,0.41025735827766835,0.5834451543904751,0.6295861543013613,0.5306879042047983,0.3730915622729535,0.4543432588619274,0.3655405342348678,0.41025735827766835,0.49399505819042877,0.48103137181193606
FOODS_3_711_TX_3_validation,5.782379950914451,5.445687573177643,5.203864746370209,5.099783368237747,5.974435365984394,5.580014523707806,7.365345484505333,6.193348629744992,5.2315847115134355,6.272797789116847,5.207587984986786,6.581766710604817,6.630613355267046,8.60658699754772,8.228016187464949,5.994053164620193,5.9112181352655675,6.892529174589275,6.227834440981115,8.159597465954255,9.744822574014353,8.674022025065879,6.223974552633115,7.016619976533325,5.738571643051293,6.902583976050141,7.014353444284585,8.539485283915514
FOODS_3_712_TX_3_validation,0.5614131800881024,0.5576620626814873,0.463003940278483,0.40018763149543646,0.43915871717025434,0.5105927218830717,0.6169057962814667,0.551632784931973,0.44387679640889427,0.4774849336039741,0.39518369616104937,0.5312322712716802,0.5647802923263687,0.7063558924815136,0.6014731383407396,0.4926466392863344,0.42548778882870414,0.5142905134557627,0.4702046128715046,0.6433924089843112,0.6955179129394091,0.590635158798635,0.4330388168667898,0.5142905134557627,0.42548778882870414,0.4702046128715046,0.5539423127842642,0.5469631304499836
FOODS_3_713_TX_3_validation,0.07458439092026299,0.2765923767477492,0.2723075980694678,0.2723075980694678,0.3054713102310841,0.42918488618926043,0.47532588610014653,0.4045615053715683,0.2869835120332028,0.36823520862217674,0.3595852788020553,0.49563385391268727,0.4815383155734813,0.6171294116844139,0.5306879042047983,0.4326993846924976,0.3655405342348678,0.4543432588619274,0.41025735827766835,0.5834451543904751,0.6295861543013613,0.5306879042047983,0.3730915622729535,0.4543432588619274,0.3655405342348678,0.41025735827766835,0.49399505819042877,0.48103137181193606
FOODS_3_714_TX_3_validation,16.166496988546896,17.573350060664456,16.980438636685065,17.656624182542632,20.472399732484398,24.081959303326354,22.602389900221734,19.21171092613732,16.887220300295034,18.823433277092143,17.90986854863338,20.805519850764668,23.645652774264722,23.65463802463909,19.892895352701874,19.52783773572756,17.761660930521906,19.66229660526476,19.954365351205062,24.92555748447473,24.098446513414746,19.512888278905457,17.758295021787326,19.32596665835329,17.298306340639858,20.3120349140921,23.413825139550337,19.74912068794982
FOODS_3_715_TX_3_validation,1.6378920792074356,1.2929132326782895,1.194837076349219,1.2388467290412915,1.3161646112496872,1.6587313205217948,1.8756888841659713,1.5646932202959813,1.1677260638119638,1.5285596933347394,1.3853567964029068,1.4412265434494453,1.679883595405776,2.063840386549042,1.6301327459936794,1.5610366606768862,1.3574692814847535,1.5051404692157533,1.410552178009389,1.8479213229309377,2.012819993260991,1.645293644092358,1.1528580701403757,1.2354819946170195,1.1251954267106112,1.206643073436461,1.3744761360268165,1.4457749228477184
FOODS_3_716_TX_3_validation,0.9164045815863895,0.9469271607991997,0.8568366584138483,0.8841765134426356,1.0285617715905828,1.034583117309456,1.1320099780346105,1.0328343971821479,0.7536179273021978,0.9074485723091948,0.8083069000073102,1.063014475392052,1.0925996807013525,1.2667234305656445,1.1281870593666354,1.0087422537594173,0.7840287029782426,1.0092459279100383,0.91941019057573,1.154219703804223,1.263142311733888,1.1044446684798153,0.8463797540839998,0.9586466289057277,0.8767955147168511,0.756715679735973,0.9651458984607753,0.9443372668832141
FOODS_3_717_TX_3_validation,0.9321285569532725,0.8972062661766518,0.9093360344518812,0.9675307883286796,0.949840707061485,1.1827540651938682,1.023463051720463,0.8770523928376596,0.7136791422372226,0.7898980241636122,0.6893378164612666,0.9061314785353055,0.804491352449134,1.0486906010278765,0.9224004706191222,0.8162785557335748,0.7017075830244558,0.8087692779109364,0.7607624751745572,0.8871713727562779,1.0236615548755528,0.8971479774493313,0.7384117630546094,0.81933158972767,0.7109598207529612,0.7601197020043654,0.8854581284523994,0.736478183699284
FOODS_3_718_TX_3_validation,0.6205282942025211,0.5191005783337321,0.5148157996554508,0.5343320158810254,0.6186542955345272,0.7182951036112071,0.7423189200162781,0.6156163707328336,0.4819074590945953,0.5631591556835681,0.48932431806536364,0.6540854232336856,0.6495993922789074,0.7584290869333882,0.6382753288687637,0.5431340445889814,0.47597519413135253,0.5732443185831299,0.5701746432565038,0.7282115089368498,0.7707327821333301,0.6505790240687056,0.49582991736938,0.5770816139583529,0.536336285303362,0.6097656394038538,0.6906561040840946,0.6654386767552583
FOODS_3_719_TX_3_validation,0.6267994258142907,0.7247267315030821,0.6884271193344828,0.8061578666452546,0.7390829516022637,1.017905152381842,1.1060029418515542,1.0187343447499515,0.8799673007589486,1.035039833451664,0.7923882076933588,1.0255020975422626,0.997716496260039,1.1874986979717275,1.0102934113858701,0.6954905830879672,0.6268359527761884,0.6855950140662447,0.60949027083148,0.7826780669442874,0.8366720638657497,0.7213873805120421,0.5637910385801959,0.6303040968047883,0.5719303041400212,0.6205477870050988,0.7042854869178593,0.6957305962906422
FOODS_3_720_TX_3_validation,0.30147430353059057,0.34616676936013907,0.4036357393668421,0.2815032435797347,0.32507650973067553,0.44879008568885187,0.48686540050440136,0.47922878772119026,0.3714727991981106,0.4527244957870846,0.38288000096110747,0.5189285760717384,0.5048330377325324,0.635570658345573,0.5306879042047983,0.4326993846924976,0.3655405342348678,0.4543432588619274,0.41025735827766835,0.5834451543904751,0.635570658345573,0.5306879042047983,0.3730915622729535,0.4543432588619274,0.3655405342348678,0.41025735827766835,0.49399505819042877,0.48701587585614775
FOODS_3_721_TX_3_validation,0.23189991091820028,0.2765923767477492,0.2608021755509457,0.2723075980694678,0.3054713102310841,0.42918488618926043,0.48409310605763345,0.41332872532905524,0.29723873693918434,0.37849043352815825,0.3595852788020553,0.49563385391268727,0.4815383155734813,0.6295861543013613,0.5306879042047983,0.4326993846924976,0.3655405342348678,0.4543432588619274,0.41025735827766835,0.5834451543904751,0.6295861543013613,0.5306879042047983,0.3730915622729535,0.4543432588619274,0.3655405342348678,0.41025735827766835,0.49399505819042877,0.48103137181193606
FOODS_3_722_TX_3_validation,0.6606065817336267,0.5361208635470182,0.5318360848687368,0.6069785245524534,0.6618519878951361,0.810046409873141,0.8982960768389172,0.6552965618571623,0.5200160518611088,0.6156260598872267,0.5145234537985545,0.6732740563772112,0.6615096857687771,0.8225855646245341,0.668352407180689,0.5622304922951415,0.5210211076176935,0.5984363164595968,0.5946379497628207,0.696080611214041,0.7890384197576799,0.6682241758226573,0.49892564961120295,0.5682882780515807,0.4759167645181587,0.5528477397230307,0.6365854396357912,0.6652224797925723
FOODS_3_723_TX_3_validation,6.929421787458271,11.691205808049242,13.646961802890639,14.487154627299484,17.466468047805822,19.24215241360706,16.36351347497314,15.641430992421967,12.718480089066723,14.928883870727171,14.021390548898516,17.57158236481424,17.6066054894337,17.32660631031645,15.389903326046072,14.847366453003122,13.664928143126861,15.935931297198508,16.72384751631941,19.47326863354529,18.779202284511992,16.193874965220363,13.796476498921388,15.437870060772894,14.100751691027053,16.430929069856127,19.312522332236615,14.953692130941112
FOODS_3_724_TX_3_validation,0.5227597122655787,0.537502992923663,0.5332182142453816,0.5186902372146993,0.5558022975612548,0.6581108021322846,0.6338865682735574,0.5738444870556083,0.4609622401253931,0.5114452474933564,0.4409053068640479,0.5651925851610639,0.5510970468218579,0.6926726469770028,0.5769519132941242,0.4789633937818235,0.4241082385241352,0.5129109631511938,0.4688250625669357,0.6420128586797422,0.6941383626348402,0.5892556084940661,0.43165926656222087,0.5525019592985436,0.46369923467148527,0.5084160587142846,0.5921537586270451,0.5851745762927645
FOODS_3_725_TX_3_validation,0.6625166819499299,0.6481652224294041,0.5929706349974243,0.6169328001328939,0.5989536080704138,0.6587512712047863,0.7372914451706679,0.7074155975122467,0.547034744473082,0.5984363164595968,0.4978761087572525,0.6990829632714373,0.6279625409019228,0.7513841705015913,0.644632923394453,0.5752897661378601,0.4759167645181587,0.6006389906179996,0.5206335885609581,0.6938213846737655,0.7546475425667122,0.6302261549459849,0.47262981301413987,0.5538815096031126,0.4650787849760542,0.5097956090188536,0.593533308931614,0.5805696225531217
FOODS_3_726_TX_3_validation,0.92519679667507,0.8840254408698053,0.8542509947453347,0.8722552840985731,0.8474912292854445,0.904927358471716,0.8902691033790848,0.8297713939236193,0.7168891469934032,0.8094920180534121,0.7089318103510664,0.8818251725254569,0.804491352449134,0.9945385242277741,0.8594431687229258,0.8160551087161081,0.7267366291767801,0.8337983240632607,0.8006066052116486,0.9751577208047983,1.0489140480453432,0.8605510880574602,0.7229539059996505,0.8003049437663474,0.7109598207529612,0.7344666385774941,0.7554704836115249,0.736478183699284
FOODS_3_727_TX_3_validation,2.2992757316483794,2.059221731816104,2.1004108288011563,2.0902811028666077,2.396536458315548,2.797937962521577,3.231004059594074,2.562988727324782,2.3236988427187417,2.6751726452408593,2.334283776888315,2.5549813059448705,2.9543459123149103,3.723039737708163,2.7108135314182102,2.488134147466443,2.2778216407657768,2.389189743281693,2.2232090777687756,2.9617666197991364,3.363843218898425,2.65350473904055,2.285677427271627,2.4639047389592323,2.2350148436329986,2.3042141267733873,2.8523875013668993,3.2206273044299016
FOODS_3_729_TX_3_validation,1.8428089537291188,1.7497638966353146,1.8109100021477413,1.7050895647698465,1.742853812177857,2.122312175859971,2.010256960945169,1.9069783629130939,1.619072614918369,1.8445911766494016,1.6249931505441706,1.9312049802581344,2.0621258401563263,2.2746931105525428,1.8734056798263399,1.6738389160782796,1.416936617762157,1.6069096697731027,1.5404587920695567,1.8578491667519257,1.9590296700965824,1.754295589572289,1.4828074807381124,1.503226441979811,1.4156811966682616,1.4369902245117743,1.769938495981681,1.6241244391560845
FOODS_3_730_TX_3_validation,0.690200435263906,0.6650101831063431,0.6453193230872626,0.6453193230872626,0.7788355467857719,0.7110614003055304,0.6660548488809898,0.6879531745217313,0.5500418814391911,0.6030537563518501,0.5420845447968543,0.6607017528418345,0.6279625409019228,0.7731069299634313,0.6682241758226573,0.5466444038821511,0.4759167645181587,0.5647194891452171,0.5310709978459819,0.6938213846737655,0.7459468886288635,0.6410641344880894,0.47262981301413987,0.5860956607651852,0.4650787849760542,0.5097956090188536,0.6039707182166378,0.5865541265973334
FOODS_3_731_TX_3_validation,0.9150805584329778,0.7885240023524662,0.8500233022766144,0.8965600541842978,0.782085472025778,0.9402549978713188,1.048565055889809,0.922672065078613,0.8018683580758148,0.8974783661019328,0.7969181583995871,0.8151467738850456,0.7794623062968099,1.0236615548755528,0.9118331354313917,0.7136020263319969,0.6862497259694972,0.7786212395029204,0.7348672088345748,0.9333074981171728,1.0145231708543756,0.8552977547617061,0.6977014128298599,0.7787578009072668,0.612677891548663,0.6612953744137406,0.7450330743265011,0.706168005575666
FOODS_3_732_TX_3_validation,1.41542689100368,1.1933362957042153,1.3329972470333709,1.2853910516941993,1.3474068009547924,1.625342433985246,1.8151618968961896,1.5893231482283194,1.4436624051420823,1.5983384937856189,1.3857060538844324,1.6225057004434922,1.8377778635960267,1.9571968979924972,1.5579717184292838,1.524042200096402,1.324165400559776,1.361828539296688,1.3062053954507908,1.608675886473033,1.7744044388993367,1.4185043272402553,1.1635331220510068,1.3366472897704957,1.1946082078475824,1.2566239571081754,1.4216097844660112,1.4869240672427015
FOODS_3_733_TX_3_validation,0.8708970104610577,0.7746715042983731,0.7612042429488522,0.7288626306104551,0.7526979523383971,0.944456096252022,0.940876146059307,0.8036211630355051,0.675454461158413,0.771064469184531,0.6705042614821853,0.8433976236565758,0.7794623062968099,0.9076435947545012,0.7936665351619601,0.6875446202764126,0.5982261407370846,0.7052878356235652,0.6468436236021622,0.8464237853476362,0.9201801125881817,0.7936665351619601,0.6096778275974473,0.7052878356235652,0.5982261407370846,0.6313857665472035,0.7882947306237172,0.7481693023680202
FOODS_3_734_TX_3_validation,5.057091971907902,4.28978187717732,3.8804348602644265,3.801827732424533,4.2232888573091545,4.544752777886519,5.022554553750062,4.157110543624642,3.49034858492996,3.818777712791985,3.7474888379093025,4.134880290685589,4.447964444857887,4.8911629134547585,4.472118464182294,4.081511271838474,3.3860275340913337,3.8066418798338657,3.6408267020650498,4.7567273543982385,5.188750384798646,4.648952127467245,3.7036427358068114,3.760624885987441,3.440439964835802,3.7951154208991915,4.417839391503697,4.502771340839586
FOODS_3_735_TX_3_validation,0.17247021791177714,0.3663448083660175,0.36151763130140935,0.3236324808188551,0.35679619298047144,0.44672761818162343,0.494931085599738,0.4875627875879814,0.3714727991981106,0.4527244957870846,0.3698808599578332,0.49563385391268727,0.4815383155734813,0.6171294116844139,0.5182311615878509,0.4326993846924976,0.3655405342348678,0.4543432588619274,0.41025735827766835,0.5834451543904751,0.6295861543013613,0.5306879042047983,0.3730915622729535,0.4543432588619274,0.3655405342348678,0.41025735827766835,0.49399505819042877,0.48103137181193606
FOODS_3_736_TX_3_validation,0.057967674429344626,0.41693130372767384,0.4126465250493924,0.4126465250493924,0.3554521939027979,0.47631853462845464,0.5224595345393395,0.49769198396690706,0.37419400590357427,0.4642129224500352,0.39037808483182956,0.5456147375843997,0.5286719640126744,0.6642630601236079,0.5479655574663678,0.512924575197428,0.44576572473979903,0.5430348491915764,0.5078818013432754,0.6782223622235632,0.7243633621344495,0.6080658594772103,0.4533167527778847,0.5345684493668575,0.454232124564518,0.5078818013432754,0.6010759612234582,0.5881122748449659
FOODS_3_737_TX_3_validation,0.30147430353059057,0.3379275962014212,0.27164015509305023,0.28314557761157233,0.32507650973067553,0.44879008568885187,0.48088089646018967,0.41583270500436853,0.3714727991981106,0.4527244957870846,0.38288000096110747,0.5189285760717384,0.49399505819042877,0.6295861543013613,0.5306879042047983,0.4326993846924976,0.3655405342348678,0.4543432588619274,0.41025735827766835,0.5834451543904751,0.6295861543013613,0.5306879042047983,0.3730915622729535,0.4543432588619274,0.3655405342348678,0.41025735827766835,0.49399505819042877,0.48103137181193606
FOODS_3_738_TX_3_validation,3.0926730386241825,2.7766828574665143,2.8551983889125885,2.8121176457283052,3.1285745562257397,3.611183462295878,3.7748542448343887,3.2248281161120516,2.8066298043123,3.124144033302571,2.861996858317779,3.270797808639368,3.732488433138534,4.422624673804969,3.283890893883073,3.0616049012247,2.7730545290391286,3.0459177530889825,3.0702402217914537,3.66438367321421,3.9669389772992725,3.525449591607153,2.7579909521503256,3.013086081213899,2.7590616748328722,2.934547841474034,3.4815738532524145,3.498184535386957
FOODS_3_739_TX_3_validation,3.668859018609139,2.9662533902463895,3.1241053776268948,3.1325717774516137,3.5262169784284394,3.977454616477393,4.417003219487101,3.6037090332898525,3.186577289054984,3.5344533568304786,3.234913086754502,3.9351724123096092,4.111032423909831,4.457702818652746,3.9278041850500323,3.712519197343699,2.9992491330921434,3.40146613090327,3.320210486831176,4.203245550031835,4.46202843156955,4.0231979684879775,3.1130910794296143,3.414427553038805,3.089503823094499,3.3789237488317148,3.800109418310826,4.196474072584253
FOODS_3_741_TX_3_validation,5.153281856280454,4.691875268218844,4.381123292853326,3.9614604170114838,4.50294316635444,5.595242154016056,6.2418925993083105,5.1653777894848645,4.4133181656941165,4.824400380810418,4.465755703005791,5.444412289624608,5.742254550731714,7.0061372788392395,5.718741475656315,4.944454627909412,4.6160505539799015,5.238132368130397,5.0429088965353,6.216116146009302,6.729783883100179,5.9596714611575905,5.252187237464502,5.477131844279979,4.659158593512022,5.170889899837888,6.1207948185277345,5.819789692097948
FOODS_3_742_TX_3_validation,0.45357872288773393,0.5000530450793684,0.48372044549623827,0.42621612120957475,0.4880923634288821,0.6032240947672775,0.6936261586810165,0.660196948782572,0.5221257539664422,0.6216364208148372,0.5295426129372104,0.7125626883649546,0.6298034849627647,0.7692670664754927,0.6382753288687637,0.5431340445889814,0.47597519413135253,0.5855480137830718,0.5701746432565038,0.7405152041367917,0.7707327821333301,0.6505790240687056,0.49582991736938,0.5770816139583529,0.4967452891560129,0.5701746432565038,0.6510651079367448,0.6654386767552583
FOODS_3_743_TX_3_validation,0.47050150878712654,0.4461521365937323,0.5551096616856029,0.5534673276537654,0.46614087806011323,0.5736824353460044,0.719336848165265,0.7104857796908051,0.5945963957944799,0.6941070626428748,0.6239757869028217,0.7478544003105823,0.8126087231943971,0.9108254870231595,0.7882666493519916,0.6821447344664442,0.47009829414434606,0.6463501028099099,0.5687426834228382,0.756615637517706,0.7880714794465319,0.6891732293499695,0.5315768874181233,0.5647194891452171,0.5087448226293294,0.5097956090188536,0.593533308931614,0.5805696225531217
FOODS_3_744_TX_3_validation,7.3733234483045385,6.346903158228676,6.3114916510004555,6.204778903074292,6.973045360268312,7.941866564542616,8.574672929050287,7.215791374736135,6.003674962752603,6.361023655735552,5.971535072763128,6.706101771098913,7.904725902393874,8.680230952836117,7.5654228288846515,6.465954757504253,5.887211125749289,6.8362177331078,6.079992336052663,7.971232324150688,8.665394964646852,7.454454910723398,5.887067383762376,6.399182005268064,5.897193330318561,6.003117281352751,7.691964537061598,7.956215667173892
FOODS_3_745_TX_3_validation,0.04197455961002902,0.2765923767477492,0.2723075980694678,0.2723075980694678,0.3054713102310841,0.42918488618926043,0.47532588610014653,0.4045615053715683,0.27821629207571597,0.36823520862217674,0.3493300538960738,0.49563385391268727,0.4815383155734813,0.6171294116844139,0.5182311615878509,0.4326993846924976,0.3655405342348678,0.4543432588619274,0.41025735827766835,0.5834451543904751,0.6295861543013613,0.5306879042047983,0.3730915622729535,0.4543432588619274,0.3655405342348678,0.41025735827766835,0.49399505819042877,0.48103137181193606
FOODS_3_746_TX_3_validation,1.7802487978522303,1.795097321578062,1.6239721171151311,1.54763136881776,1.6905123237161335,1.7967134475712494,1.9964913422025885,1.6816965693551214,1.5057562909718085,1.7140266452287876,1.525010042184478,1.8097999778473117,1.8519322376425214,2.3297599943374157,1.7982056543009362,1.7572718696107272,1.5196477389124967,1.786426990312953,1.5733445397726373,2.045427280764072,2.458435916713508,1.869279432577042,1.3297579097528522,1.6243786583765518,1.2979678328614153,1.3844583253848701,1.5918033709121149,1.6836688424189452
FOODS_3_747_TX_3_validation,0.7050581081179688,0.833878100686647,0.7122270576476112,0.72069345747233,0.8564031916934828,1.0295745156817817,1.1557785623257801,0.9969407891333331,0.8780224609578883,0.9793326974629835,0.8172131026803326,0.9608790534180801,1.0363912694640585,1.213438408828078,1.058411904552477,0.8232798655462089,0.7354138657888215,0.8551897091970576,0.8197577987543685,1.022303749808247,1.1267968096690448,0.8791099419184635,0.7141287977993128,0.7904675767681679,0.6992932724237226,0.7746284071782241,0.8687580462443981,0.9012212383211203
FOODS_3_748_TX_3_validation,0.3814207421745292,0.4097406394721148,0.3429107999774166,0.31762587952999943,0.3507895916916158,0.45833114897750776,0.5176824654180074,0.5028200401493933,0.40239453583612583,0.46518123840403214,0.38288000096110747,0.5189285760717384,0.5048330377325324,0.6587123330876195,0.541525883746903,0.4435373642346023,0.42402207317086676,0.481190283914684,0.4579009176715627,0.6310887137843693,0.6832142177394672,0.5783314635986931,0.4207351216668479,0.5019868182558213,0.41318409362876224,0.4579009176715627,0.5416386175843223,0.5469631304499836
FOODS_3_749_TX_3_validation,0.9245820307251227,0.8924041985634021,0.93816628995483,0.9466326897795488,0.8965347639008016,1.0330392772099124,1.1290070106265389,0.9123989690309066,0.8353202071777281,0.9416834299388139,0.7761025524474895,0.9432436093757776,0.9546241859395459,1.1096676767849132,0.9618168352783166,0.8431639887963774,0.7538455092570494,0.9132739038678976,0.8505874888833622,1.047320415396317,1.1429832033982088,1.028143871605974,0.8475764541926742,0.9328194046938106,0.5897568645120713,0.7992626061339746,0.8801530708142155,0.8820355894720221
FOODS_3_750_TX_3_validation,1.850321284699133,1.8641203462858962,1.9877684034447822,2.084076536359607,1.885905683120111,2.2003430635894827,2.29855557560202,2.08760982242652,1.6958181917261976,2.0913463113455766,1.8860319310783213,2.2497939949495196,2.4720109133245636,2.8054047945574543,2.4239086134020464,2.049649421757243,1.9074501820952225,2.1398057795720105,1.8952305226184367,2.5431109815853357,3.0723237288560448,2.419421442556853,1.9065142147636018,2.0943852490328667,1.9271109238962125,2.008035614996582,2.306592071852721,2.256355751710335
FOODS_3_751_TX_3_validation,0.9997568561507764,0.9387037138292341,0.9967261847922303,0.867947662985846,0.925207567706877,1.0392290521309528,1.075501213397339,0.9754761501712041,0.8207019130548963,0.9163119210810142,0.8157517133786686,0.9739599175709986,0.9493878421922749,1.1454195180151263,0.9984094757274571,0.8761174348877176,0.6808151754385038,0.8377271213914373,0.6884726748968703,0.8453211500686526,0.9178361688680071,0.7925638998829765,0.6868634332877553,0.7234668836458106,0.5719303041400212,0.6937190511688524,0.7042854869178593,0.7017151003348538
FOODS_3_752_TX_3_validation,7.605817645641969,6.101889753189703,5.83859959303422,5.970689431593092,6.4338818983330945,8.732063193380029,9.694311419322498,9.38681958521035,7.897630151762009,8.010281728962536,6.809847369123473,8.286688289471629,8.273301216358224,10.619298146108731,9.988136017963601,6.825625978616309,6.142874767172198,8.561965177181746,6.613301227611422,9.964170237734754,10.776834003379792,9.612255588346331,6.416466174465793,7.635802034053775,6.2430550367494915,6.793659648572008,8.089953333804498,11.001069936737776
FOODS_3_753_TX_3_validation,1.0591673615754975,1.2051323736710775,1.0591362652499405,0.9923728788966399,1.1122191617745756,1.373381153001694,1.5874957524989735,1.3549586111418788,1.2401350535666957,1.4387495178780734,1.1421719812448667,1.5008629280276156,1.6304190193308825,2.0078372460706793,1.5409977057361905,1.2530354292089816,1.2249550222068075,1.0637107996548403,1.0813788114259992,1.3606396701019532,1.5417279466390477,1.195112424772245,0.9511623259633429,0.9657400427424881,0.807275857813626,0.874728694160109,1.0381470910033488,1.0781791565133756
FOODS_3_754_TX_3_validation,0.5833762018703977,0.4884773041531251,0.4841925254748437,0.5504663933129084,0.5947064702641032,0.7379587044954047,0.7860819257244445,0.587796340895554,0.47190695699923,0.5714176238476237,0.4708574161452794,0.6376217041322786,0.6134005909068971,0.8286337480328424,0.7079434033280388,0.5361295600698227,0.43578336998448186,0.5251284929978672,0.48104259241360925,0.6542303885264157,0.7063558924815136,0.6014731383407396,0.44387679640889427,0.5251284929978672,0.4650787849760542,0.5097956090188536,0.593533308931614,0.5969915358823572
FOODS_3_755_TX_3_validation,1.4999577441472347,1.6874294185509462,1.6698820573828081,1.8499379197694172,1.720178260435011,1.935173513397512,3.047280566485622,1.9635206669573042,1.8293909412497544,2.064472225112325,1.9111650775654803,2.3955460969420153,2.253412053660579,3.2846459841282587,2.418842312631516,2.19856935112759,2.045517346428428,2.279542089489469,2.013595010483869,2.7436782924639393,3.308427236918257,2.4624164372083865,2.056747007447575,2.216560153984408,2.128618529216506,2.173333602233641,2.4870339772353067,2.8807477160521247
FOODS_3_756_TX_3_validation,8.068041874033801,7.188984609312136,6.676430115580848,6.777415323454516,7.508149039200513,9.176960442306225,9.260763265283106,7.843040143402731,6.976359210294283,7.419225768592596,6.528962666544618,7.9930854342261926,8.7321361865752,10.179086027679235,8.678685007777847,8.173449876143238,7.474735862930969,7.8419778673849345,7.4964277924950595,10.048541596420554,10.7991188502073,9.172038561424943,6.996002524055011,7.7361941453474445,7.156295886843693,7.207712608564717,9.173814410133017,9.199972155197853
FOODS_3_757_TX_3_validation,7.002515314050536,6.371155676067341,5.844386841139329,5.736606246209318,5.998494905672411,7.4009386585658845,7.591480954023165,6.863153433687943,5.772616821932267,6.693814262434124,5.77739130322845,6.830337066460983,7.280875233469834,8.123613162649566,7.518595376192881,6.797920844946956,5.743877191459754,6.96775438602989,6.076352885436373,8.6420545203982,9.307911604131164,7.690193136629081,6.394127305987962,6.610140132575821,5.971696397906274,6.4451281486162015,7.771150438229289,8.052135511214775
FOODS_3_758_TX_3_validation,0.04197455961002902,0.2765923767477492,0.2723075980694678,0.2723075980694678,0.3054713102310841,0.42918488618926043,0.47532588610014653,0.4045615053715683,0.27821629207571597,0.36823520862217674,0.3493300538960738,0.49563385391268727,0.4815383155734813,0.6171294116844139,0.5182311615878509,0.4326993846924976,0.3655405342348678,0.4543432588619274,0.41025735827766835,0.5834451543904751,0.6295861543013613,0.5306879042047983,0.3730915622729535,0.4543432588619274,0.3655405342348678,0.41025735827766835,0.49399505819042877,0.48103137181193606
FOODS_3_759_TX_3_validation,0.8934140395749762,0.829305358631877,0.8178536717715144,0.7265397402069086,0.813781660910739,0.9309052493665357,1.0132433546857074,0.9300350599529069,0.8018683580758148,0.7968228731586631,0.7332381163609151,0.8664172744009209,0.8674486543453304,1.0489140480453432,0.8445748100347228,0.7573092352494042,0.6862497259694972,0.7123185957178272,0.7348672088345748,0.9371546765571288,0.9784326981424808,0.781725920340872,0.6868634332877553,0.7014806161757227,0.612677891548663,0.6205477870050988,0.7042854869178593,0.6957305962906422
FOODS_3_760_TX_3_validation,2.732008379772309,2.3309472876145234,2.268882233021274,2.2863110735187124,2.5750938586829997,2.7976443128841924,3.063008138330464,2.4963945664394966,2.2368813705568593,2.543842169593941,2.3661730804160794,2.574498296280116,2.8078751911240127,3.235267084121518,2.9054824108056483,2.505402406773126,2.3217501410833403,2.569638294728182,2.454517312311103,3.0882146329313067,3.7748671096677002,3.0414751591167932,2.3574076192778115,2.5348562170363804,2.412589017934623,2.4536846731444215,2.9176478656648124,3.135561541365155
FOODS_3_761_TX_3_validation,0.6898867835558906,0.6140103307020853,0.605824893201527,0.6350670580916465,0.6894442251072634,0.7755556362427302,0.8367754456495952,0.7074155975122467,0.5792488956351546,0.6601687223082151,0.5742986959589269,0.7178167187981995,0.6846945344976713,0.831707416525544,0.7213873805120421,0.6233988609997402,0.5523393517198332,0.6448474266576028,0.5687426834228382,0.7741446306977182,0.7959244764571078,0.7213873805120421,0.5529530590380913,0.6303040968047883,0.5415013721777286,0.5901188550428063,0.6738565549555667,0.6632025557796928
FOODS_3_762_TX_3_validation,0.14033976295398237,0.32191065820828085,0.31762587952999943,0.32992957472994133,0.3507895916916158,0.45833114897750776,0.5116979613737953,0.4518807000495202,0.39938739887001684,0.49889806571841216,0.39779545962973945,0.5189285760717384,0.5048330377325324,0.6551092918255262,0.5306879042047983,0.48034294408639244,0.41318409362876224,0.5019868182558213,0.4579009176715627,0.6310887137843693,0.6772297136952555,0.5783314635986931,0.4207351216668479,0.5019868182558213,0.41318409362876224,0.4579009176715627,0.5416386175843223,0.52867493120583
FOODS_3_763_TX_3_validation,0.23189991091820028,0.2765923767477492,0.2723075980694678,0.2821706865561524,0.3396875021259606,0.43795210614674734,0.48409310605763345,0.404994725462264,0.29723873693918434,0.4418865162449799,0.3595852788020553,0.49563385391268727,0.49399505819042877,0.6295861543013613,0.5306879042047983,0.4326993846924976,0.3655405342348678,0.4543432588619274,0.41025735827766835,0.5834451543904751,0.6295861543013613,0.5306879042047983,0.3730915622729535,0.4543432588619274,0.3655405342348678,0.41025735827766835,0.49399505819042877,0.48103137181193606
FOODS_3_764_TX_3_validation,4.860070409552758,4.258878762661973,4.132326504527313,4.136719244942688,4.223446403253149,4.827060285899224,5.21349469310289,4.142753147594576,3.3066973789765437,3.646283554696498,3.3775780594176514,3.892104491660418,4.2067437572121715,4.78281284038022,4.372922223566064,3.670247455939018,3.3726248763040676,3.768574612836741,3.601877089246155,4.543054280560852,5.064773643927584,4.46100785144455,3.4629390242307894,3.8514070270631717,3.6246952100815903,3.9270242344801134,4.366697361042677,4.662045616933807
FOODS_3_765_TX_3_validation,1.2568827918231764,1.1087912473907953,1.0973395605304328,1.0533410449071925,1.1702471787716175,1.3893999796448866,1.4567861292889017,1.300655633385984,1.1231379475259644,1.2404578086036824,1.1588204978157048,1.3432039687191921,1.4377075370195018,1.7132010588329214,1.563457754073178,1.4451321963883923,1.1757341970090394,1.3976608347662314,1.3099140157436724,1.7413419415724323,1.7061584049179535,1.3683796848207723,1.134204556685612,1.1762798282781477,1.078867054113639,1.1319499506382744,1.2270859001477803,1.331792881907916
FOODS_3_766_TX_3_validation,0.3047463476140058,0.34616676936013907,0.4052780733986795,0.4124029593243291,0.32507650973067553,0.43473989654930356,0.48088089646018967,0.47922878772119026,0.3714727991981106,0.4527244957870846,0.37042325834415996,0.5189285760717384,0.5048330377325324,0.6404241338434659,0.541525883746903,0.4435373642346023,0.37637851377697246,0.46518123840403214,0.42109533781977293,0.5942831339325796,0.6404241338434659,0.541525883746903,0.3839295418150581,0.4543432588619274,0.42494539044237734,0.41025735827766835,0.49399505819042877,0.48103137181193606
FOODS_3_767_TX_3_validation,0.08913492920613213,0.5871073497245856,0.5828225710463042,0.5828225710463042,0.5256282398997096,0.5657092664635079,1.0883488890475599,0.6226133479986585,0.5339852904112726,0.6220984263037243,0.5482635886855185,0.7047195409329444,0.701015941747152,1.2497095778144285,0.7113678374212173,0.6154441213724493,0.5463794902608096,0.643648614712588,0.6301810248400299,0.8029227805641463,1.274470015631318,0.7361282752381066,0.5573020146107424,0.6762389266930564,0.5959026018907156,0.6712377366452171,0.7653673757113911,0.9403565657998437
FOODS_3_768_TX_3_validation,0.8836158113538916,0.8598667988146673,0.8599205344728268,0.8551519636013928,0.6713888749915264,0.8924777004976546,0.9662340277382002,0.9020449203690496,0.7384117630546094,0.8340217710807274,0.7329191649920551,0.8811024323829812,0.7898997155818337,0.9118516648237954,0.8072490578650369,0.6945753803706746,0.6235158710907676,0.6752763586198954,0.5901188550428063,0.7633066511556137,0.8173006480770759,0.7409783329322301,0.5833819910003839,0.6607330287670808,0.5719303041400212,0.6205477870050988,0.7042854869178593,0.6957305962906422
FOODS_3_769_TX_3_validation,2.7979189200985704,2.658131380679635,2.538798205822358,2.6956842302734976,2.687108801529033,3.1701142132067317,3.3783251468830704,2.904668943946756,2.555230274659252,2.9331603984425776,2.5762813513605134,3.009469100150472,3.2634139786683627,4.1520846880596665,3.370335940425865,3.000715707475443,2.722792592408084,3.013517748365045,3.0298981156680327,3.580043179762076,3.9519558457942314,3.3774505358065596,2.5547683447429503,2.7913274930855856,2.628143573198369,2.8662677926813354,3.262147324568289,3.3227782837797513
FOODS_3_770_TX_3_validation,0.08542237046236752,0.28743035628985375,0.2826031792252456,0.2723075980694678,0.3054713102310841,0.42918488618926043,0.4813103901443582,0.4045615053715683,0.27821629207571597,0.36823520862217674,0.3493300538960738,0.49563385391268727,0.4815383155734813,0.6231139157286256,0.5182311615878509,0.4326993846924976,0.3655405342348678,0.4543432588619274,0.41025735827766835,0.5834451543904751,0.635570658345573,0.5306879042047983,0.3730915622729535,0.4543432588619274,0.3655405342348678,0.41025735827766835,0.49399505819042877,0.48701587585614775
FOODS_3_771_TX_3_validation,0.2369782063097655,0.28743035628985375,0.28314557761157233,0.28314557761157233,0.31630928977318856,0.4400228657313649,0.494931085599738,0.42416670487115976,0.3714727991981106,0.4527244957870846,0.37042325834415996,0.5064718334547914,0.5048330377325324,0.6404241338434659,0.541525883746903,0.4435373642346023,0.37637851377697246,0.46518123840403214,0.42109533781977293,0.5942831339325796,0.6551092918255262,0.5306879042047983,0.3730915622729535,0.4543432588619274,0.3655405342348678,0.41025735827766835,0.49399505819042877,0.48103137181193606
FOODS_3_772_TX_3_validation,6.446612157908266,5.125984595389938,5.329971825029332,5.629719599115108,5.794747265980712,7.427920811849817,7.414901248969336,6.101089877331694,5.348814875903306,5.845364060163915,5.5432316318289265,6.189742257097142,7.163169233074444,8.193872970533196,7.0215724086021245,6.125788717644046,5.806012475568496,6.296002455704423,6.2185784630732215,7.896703154200582,9.29478318186046,7.93986751807598,5.958858235781058,6.287979566969402,5.898107202118272,6.091904107207466,8.035913030021026,7.964523061286158
FOODS_3_773_TX_3_validation,0.5439969122864934,0.6502183036301974,0.6491989791910412,0.5788062005895537,0.6159182609361091,0.652991587054247,0.718102587645287,0.6398440796598512,0.5720637906254061,0.623465362611921,0.5229051549095753,0.6772127002796284,0.652991587054247,0.8279049669647917,0.7632376031996674,0.6571156883141199,0.4450692479920218,0.6089279251848202,0.5687426834228382,0.7419304795356456,0.7940559834907436,0.6891732293499695,0.5315768874181233,0.5538815096031126,0.4650787849760542,0.55244716946595,0.593533308931614,0.5865541265973334
FOODS_3_774_TX_3_validation,0.6045130462867838,0.5109822200135209,0.5066974413352395,0.5066974413352395,0.5398611534968558,0.7107987934995695,0.7865848850292729,0.7518124793292956,0.6236457774522035,0.653914980575494,0.5979481918066822,0.7561563959990123,0.7423726920586546,0.8417524683592027,0.7296439017330258,0.6235219868474784,0.5342035073081504,0.641265202194631,0.5932583994582518,0.7552360872131371,0.7530854370388248,0.702478837027461,0.47976836142410106,0.5129109631511938,0.4241082385241352,0.5084160587142846,0.5921537586270451,0.5851745762927645
FOODS_3_775_TX_3_validation,0.07458439092026299,0.2765923767477492,0.2723075980694678,0.2723075980694678,0.3054713102310841,0.42918488618926043,0.47532588610014653,0.41332872532905524,0.2869835120332028,0.36823520862217674,0.3595852788020553,0.49563385391268727,0.4815383155734813,0.6171294116844139,0.5306879042047983,0.4326993846924976,0.3655405342348678,0.4543432588619274,0.41025735827766835,0.5834451543904751,0.6295861543013613,0.5306879042047983,0.3730915622729535,0.4543432588619274,0.3655405342348678,0.41025735827766835,0.49399505819042877,0.48103137181193606
FOODS_3_776_TX_3_validation,1.0684627876114845,0.9069152269062308,0.8955910012221925,0.8752757954464048,0.9892679539175407,1.0279173874535084,1.0190030388362468,0.9650387408861804,0.8207019130548963,0.9322881991037515,0.8165236043877365,0.9355323687021173,0.9274813814309277,1.0825248722762946,0.9634057947941839,0.8959449350720099,0.7471079205687228,0.7807487256604231,0.7601197020043654,0.9333074981171728,1.0217444736336625,0.9112116839362945,0.7121159264575461,0.793172314534953,0.7006642395971834,0.7240292292924703,0.8182043384902545,0.736478183699284
FOODS_3_777_TX_3_validation,0.5916678243593184,0.6354011737854428,0.6294740610753239,0.5822430705235606,0.6212141561983784,0.8125538969252435,0.9142674858370521,0.8129877989260815,0.6864980729158457,0.8269086169812192,0.5987522158893933,0.8845566134712036,0.8976702283771495,1.1192102065690483,0.9666352460421663,0.8499129890427083,0.6268451500950248,0.649675512593462,0.60949027083148,0.7826780669442874,0.8179810873130692,0.678335249807865,0.5529530590380913,0.6303040968047883,0.5415013721777286,0.5901188550428063,0.6738565549555667,0.6432127056774869
FOODS_3_778_TX_3_validation,0.5426541150854763,0.5385040276882829,0.5440823374966861,0.6400841129954172,0.6388645154949402,0.7638327825538782,0.8759837807507108,0.7944615023848653,0.6679717763746296,0.8440665610723326,0.7144255254920228,0.9321434895246095,0.9220296064151732,1.1667970826224536,1.0142221220955723,0.8974998650961141,0.7401533515021484,0.774422225035668,0.60949027083148,0.7826780669442874,0.8288190668551737,0.7190828372165068,0.5529530590380913,0.6303040968047883,0.5415013721777286,0.6205477870050988,0.6738565549555667,0.6831940784569616
FOODS_3_779_TX_3_validation,0.2427378904603049,0.28743035628985375,0.28314557761157233,0.3017758860557438,0.3650523857760915,0.4289802123987641,0.48088089646018967,0.404994725462264,0.36063481965600597,0.4418865162449799,0.3595852788020553,0.49563385391268727,0.49399505819042877,0.6295861543013613,0.5306879042047983,0.4326993846924976,0.3655405342348678,0.4543432588619274,0.41025735827766835,0.5834451543904751,0.6295861543013613,0.5306879042047983,0.3730915622729535,0.4543432588619274,0.3655405342348678,0.41025735827766835,0.49399505819042877,0.48103137181193606
FOODS_3_780_TX_3_validation,0.6113127092440989,0.6070379997577785,0.6011108870476596,0.5394018083625,0.5108117718391323,0.6310666457540892,0.6949420344593271,0.627092351488294,0.49892564961120295,0.5984363164595968,0.4973337103709255,0.6374934727742468,0.6279625409019228,0.7671224259192196,0.644632923394453,0.5466444038821511,0.4759167645181587,0.5647194891452171,0.5310709978459819,0.6938213846737655,0.7399623845846518,0.6410641344880894,0.48346779255624434,0.5575868599138225,0.42548778882870414,0.4702046128715046,0.5539423127842642,0.5805696225531217
FOODS_3_781_TX_3_validation,0.3280730917657423,0.31165543330229933,0.31762587952999943,0.31598354549816193,0.3507895916916158,0.43473989654930356,0.48088089646018967,0.47922878772119026,0.3839295418150581,0.46518123840403214,0.38288000096110747,0.5189285760717384,0.5048330377325324,0.6404241338434659,0.541525883746903,0.4435373642346023,0.38868220897691436,0.46518123840403214,0.48104259241360925,0.5942831339325796,0.7150565464193623,0.5783314635986931,0.4207351216668479,0.5019868182558213,0.41318409362876224,0.4579009176715627,0.5416386175843223,0.52867493120583
FOODS_3_782_TX_3_validation,6.528040986107653,5.803740695416018,5.992348831117037,5.691476688008127,6.179793194569514,7.497933205566892,7.620482319575301,6.6368676672038,5.580918568834611,6.163733042677836,5.657844349682033,7.054679572541826,7.489017315328294,7.997693679964307,7.330561027485281,6.070133884853789,5.962140664470622,6.928186125637529,6.146273763088335,8.226692618014425,8.700771701109785,7.4337319434672935,5.666983826361567,6.530788430258595,5.713218795984825,6.278595421660692,7.980220301244956,7.920567180384855
FOODS_3_783_TX_3_validation,2.0484222393647906,1.8174572396989197,1.8524627624813883,1.9601318527365137,2.2655611644455127,2.9863137662149932,3.451571188161976,2.8532648134216605,2.4782505495568827,2.735687401499466,2.5957413789833543,2.841652340327126,3.419959207332982,3.697232340771173,3.6381137720316694,2.9502653884984786,2.2403915794770417,2.4872375322658753,2.376068218675807,2.765698701137912,3.0542821321285363,2.515157675674972,2.114444682537103,2.247340021822762,2.0637820988984745,2.16733705913827,2.6430085817149793,2.8168187775430695
FOODS_3_784_TX_3_validation,0.37222417739194974,0.5557394830944828,0.4453172886712149,0.4636467769826186,0.6113651393529408,0.6946293152558881,0.7551813879244822,0.7026642181822436,0.5608219111707582,0.6603325780191531,0.5682387701415264,0.7993679404311507,0.7970600297901389,0.9507942648101747,0.8148329161815208,0.7115582365284929,0.6051982123882793,0.7409261771471004,0.62790517213539,0.7886242989986718,0.8188418769952102,0.6986881189305857,0.5835300083786089,0.6628759243135731,0.5825395995112324,0.6578747342657338,0.7387651989459747,0.7054200495347329
FOODS_3_785_TX_3_validation,11.972344971769912,10.521200439393905,9.79663232977171,9.73611930062559,11.38294078994986,12.5227727492354,15.21705237035251,14.102338580741092,11.003591759472519,12.330291202671814,10.628776819177878,13.966429324290294,15.115814364048797,18.03073589064102,15.963456145512176,13.577016599634236,11.677521395529011,13.039399733898783,12.695791430643535,15.22944306475658,17.885699385777453,14.649894379449416,11.972195846925787,12.887999923624966,10.969579354285893,13.013952025506324,13.787421769163542,14.16975066040467
FOODS_3_786_TX_3_validation,0.6124130324923603,0.6169010882444631,0.6011108870476596,0.6126163095661817,0.5928509821707141,0.708035065398908,0.7630492723910428,0.6194690753159958,0.5074437483257321,0.5984363164595968,0.45828511260990246,0.6374934727742468,0.6279625409019228,0.7671224259192196,0.644632923394453,0.5466444038821511,0.4759167645181587,0.568424839455927,0.5310709978459819,0.6433924089843112,0.6895334088951974,0.6302261549459849,0.47262981301413987,0.5538815096031126,0.4650787849760542,0.5097956090188536,0.593533308931614,0.5805696225531217
FOODS_3_787_TX_3_validation,5.088179046039988,3.94878461683446,4.125246979599203,4.13646148319295,4.7227541846529055,4.828744995624653,5.35526017041258,4.946299552431013,4.078496618483098,4.1001458497309695,3.872811154456738,4.433941734478112,4.899668159782569,5.54939505444792,4.712471539460642,4.303454851719796,3.870200674958459,4.434455605044466,4.054680181331507,5.479037686966803,5.828806173630682,5.381194393068261,4.035423622058162,4.466236769400865,4.149296018555816,4.706947474257783,5.106305618616632,5.368349640979232
FOODS_3_788_TX_3_validation,0.6609806132711608,0.6811878085219594,0.6374986436085017,0.7577391463678101,0.8390596427539687,0.8521237133258258,0.8717279637662685,0.7820223987883522,0.6347068737497713,0.7303168817758893,0.6297566740735436,0.7879648782658737,0.774181174325516,0.9598943167225662,0.7936665351619601,0.560009730723286,0.5201252005577606,0.6089279251848202,0.6009568345849108,0.7741446306977182,0.8281386276191804,0.7213873805120421,0.5637910385801959,0.6411420763468928,0.5415013721777286,0.60055626432783,0.6416424037934941,0.652765146494669
FOODS_3_789_TX_3_validation,3.399355793112721,2.7886928198339507,2.834183717661328,2.8314765590951727,3.211151073927669,3.7956953223013272,3.7703841689538447,3.2422516262316337,2.9021059906544,3.213222342099715,2.748424083990242,3.4269561573573633,3.563532693608581,4.1543191841554865,3.7583421727602166,3.338567303123278,2.9969305503748735,3.1258758417771175,2.9845716707770036,3.834438704754043,4.349013880872126,3.6756674785285455,2.823130432322799,3.074603156349401,2.803505520568448,3.0396430129333742,3.6132921092401027,3.5894283082907092
FOODS_3_790_TX_3_validation,0.10901362289057186,0.30288821334481236,0.29860343466653094,0.29860343466653094,0.34053436678563426,0.4723813381170561,0.5257481505133442,0.4394239574325728,0.38993779321917843,0.4564298460977946,0.3595852788020553,0.49563385391268727,0.4815383155734813,0.6295861543013613,0.5306879042047983,0.4326993846924976,0.3655405342348678,0.4543432588619274,0.41025735827766835,0.5834451543904751,0.6295861543013613,0.5306879042047983,0.3730915622729535,0.4543432588619274,0.3655405342348678,0.41025735827766835,0.49399505819042877,0.48103137181193606
FOODS_3_791_TX_3_validation,2.273697748194856,1.9049600238994382,1.8227428318140737,1.760554508893074,1.9778318361204685,2.161409372956345,2.4407093303090917,2.0013561125286845,1.7775062575602643,2.003024819291296,1.6400567344810377,2.0415755720993918,2.165674269700409,2.5195664967741105,2.141366189023109,1.9414544382135395,1.7819528907127815,1.8461885296755813,1.8448390137767912,2.5186992178535395,2.5897263947822307,2.29557840511665,1.6215185094036009,1.8932515231965903,1.8083072693617954,1.8967157419067275,2.1968160717697223,2.495041841845727
FOODS_3_792_TX_3_validation,2.8939132966417245,2.5278974332946462,2.52519053799788,2.488951811006666,2.6000102212999634,3.274016388856164,3.4990357394652194,2.94036001670287,2.5971048781986497,2.719411088913085,2.4495124417361605,2.863277321791983,3.1326413848755794,4.136650316642952,3.144293612769552,2.77953294997969,2.5077020521908464,2.9180555732040796,2.6456797276277966,3.3512800573155053,3.5869170279601037,3.0314053309697537,2.319789404673854,2.7036627774251047,2.5099664967236346,2.6761117048697836,3.265083595080122,3.293758239915229
FOODS_3_793_TX_3_validation,0.26632914288850945,0.30288821334481236,0.3073706546240179,0.3057283205921804,0.34053436678563426,0.45833114897750776,0.5116979613737953,0.4394239574325728,0.38693065625306944,0.49889806571841216,0.39779545962973945,0.5189285760717384,0.5048330377325324,0.6404241338434659,0.541525883746903,0.4435373642346023,0.42347967478453996,0.4543432588619274,0.4579009176715627,0.5834451543904751,0.6772297136952555,0.5783314635986931,0.4207351216668479,0.5019868182558213,0.41318409362876224,0.4579009176715627,0.5416386175843223,0.52867493120583
FOODS_3_794_TX_3_validation,0.7052456099782011,0.742514763721003,0.7048614891960127,0.7121896216565717,0.594380454201761,0.6666464733118894,0.8391999232553191,0.7263807233906127,0.64270549065636,0.7383154986824779,0.6377552909801323,0.8263924271347548,0.8021713139093734,0.979681967854333,0.8571231301831652,0.7510012152976178,0.7018879247806048,0.8094920180534121,0.7206188740697166,0.9315915450083303,0.9945385242277741,0.8594431687229258,0.6784615981245221,0.771064469184531,0.43419751780541654,0.5901188550428063,0.6738565549555667,0.652765146494669
FOODS_3_795_TX_3_validation,1.3030033244132764,0.9894483044655095,1.0287088131424853,0.9326829553717865,0.8429558359278707,1.1237227489111006,1.2505523933988272,0.9977591997818024,0.8534223719505188,0.9636943686039793,0.8804870057646087,1.0680423565663404,1.0805058201998954,1.145538393874348,0.8795784909679961,0.7797115791348489,0.7303357741183693,0.8191384987454289,0.7789532569834469,0.9479926560992332,0.9745855197025249,0.8552977547617061,0.7121159264575461,0.793172314534953,0.7006642395971834,0.749281722462261,0.8330194223750215,0.8244645317478043
FOODS_3_796_TX_3_validation,0.30147430353059057,0.34616676936013907,0.4151411618853642,0.4124029593243291,0.3650523857760915,0.49237629511558595,0.48088089646018967,0.47922878772119026,0.3714727991981106,0.4418865162449799,0.3595852788020553,0.508090596529634,0.49399505819042877,0.6295861543013613,0.5306879042047983,0.4326993846924976,0.3655405342348678,0.4543432588619274,0.41025735827766835,0.5834451543904751,0.6295861543013613,0.5306879042047983,0.3730915622729535,0.4543432588619274,0.37784422943480983,0.41025735827766835,0.5062987533903699,0.48103137181193606
FOODS_3_797_TX_3_validation,1.1080000548249616,0.9383213964064588,0.9383751320646183,1.000251247224303,1.0808835635796972,1.202598159063015,1.2309188134785531,1.0476635315676175,0.9115617151038281,0.9348016332149576,0.8484721722742912,1.0533571985842805,1.085925411928842,1.2901864694848886,1.1474019534512865,0.9779659867471443,0.835557969711593,0.9611555659993127,0.875946070843476,1.1081866112552092,1.3066376476561212,0.966505165294099,0.7745079198743546,0.8700897351747579,0.763056233013992,0.7245688317166155,0.8899295640696416,0.9247205879839596
FOODS_3_798_TX_3_validation,0.23189991091820028,0.2765923767477492,0.2723075980694678,0.2821706865561524,0.34544718627650006,0.4321924219962079,0.48409310605763345,0.404994725462264,0.29723873693918434,0.4418865162449799,0.3595852788020553,0.49563385391268727,0.49399505819042877,0.6295861543013613,0.5306879042047983,0.4326993846924976,0.3655405342348678,0.4543432588619274,0.41025735827766835,0.5834451543904751,0.6295861543013613,0.5306879042047983,0.3730915622729535,0.4543432588619274,0.3655405342348678,0.41025735827766835,0.49399505819042877,0.48103137181193606
FOODS_3_799_TX_3_validation,0.07458439092026299,0.2765923767477492,0.2723075980694678,0.2723075980694678,0.3054713102310841,0.42918488618926043,0.47532588610014653,0.4045615053715683,0.27821629207571597,0.36823520862217674,0.3493300538960738,0.49563385391268727,0.4815383155734813,0.6171294116844139,0.5182311615878509,0.4326993846924976,0.3655405342348678,0.4543432588619274,0.41025735827766835,0.5834451543904751,0.6295861543013613,0.5306879042047983,0.3730915622729535,0.4543432588619274,0.3655405342348678,0.41025735827766835,0.49399505819042877,0.48103137181193606
FOODS_3_800_TX_3_validation,11.549915045442344,11.366750845923349,10.868025565392117,10.739908436960565,13.370636035101809,15.08807985557558,14.878136043895855,13.46005527028369,11.594022036417199,12.824415674088915,11.363725540498047,13.85540547403451,15.291255528237388,16.908683003949633,14.874933327468241,13.59242723326202,12.259142208722656,13.061365033620142,13.88967516427319,16.56073990733988,17.046837941678856,14.908525124632755,12.171379791734607,12.85822097272568,11.505369343898266,12.982969952890782,15.417537000208224,14.629500359944599
FOODS_3_801_TX_3_validation,5.197603661170109,4.64010356197904,4.637537687533704,4.666093828841211,5.4600315106365525,6.702900119017371,7.880390741270879,6.520133080945708,5.611086281191869,5.652753763448484,4.856722844817291,5.45228932654064,5.990364217979395,6.40787737254206,5.455607838869544,4.957595749174867,4.52787126461978,5.0864048967019055,5.066181540541282,6.303859538629997,6.3729515011836595,5.60484755109285,4.588461146745097,5.080941980137942,4.716749179308411,4.919075963029237,5.970850971537413,6.045262795045951
FOODS_3_802_TX_3_validation,0.1421558473635581,0.38614547232829116,0.38186069365000974,0.3903270934747287,0.444536585569499,0.5823035416258869,0.6197469321078282,0.5627639054194639,0.36195736054348976,0.5046776167475685,0.4308427791293646,0.643247443691581,0.6263046701198555,0.7459723443164408,0.6382753288687637,0.5431340445889814,0.47597519413135253,0.5732443185831299,0.5578709480565619,0.7282115089368498,0.7584290869333882,0.6382753288687637,0.4835262221694382,0.564777918758411,0.4967452891560129,0.5701746432565038,0.6510651079367448,0.6258476806079084
FOODS_3_803_TX_3_validation,0.9637709379182103,0.9222684787723345,0.9128116700802391,0.9327834924234801,1.0478732610420922,1.089957860684036,1.2407250173646374,0.98216535911077,0.8716035227671787,0.9981662524420649,0.7535330606416604,0.935850007265756,0.9381909591479801,1.1884093626757544,0.955963845539362,0.8860137204249385,0.8234002138373422,0.8026393269035967,0.8042999416994099,0.9690461219865496,1.1670635014481823,0.9418437967971931,0.7882700293396195,0.8676159452745837,0.787279620472243,0.8730521645117683,0.9314919011231277,0.9892075863696407
FOODS_3_804_TX_3_validation,22.396177949770067,20.924804177494142,21.996596717303174,19.417291040269934,22.474422746150054,27.637301369882763,29.359521303984028,26.061062179370534,21.308837483517916,23.867881103305013,21.598965528165984,25.079097403708232,30.28037523524187,32.07379997713237,26.347647835350568,25.979841652438274,22.66969675427076,26.844790037912208,25.675460664798848,34.27781280794177,35.042717620470626,27.777949725165325,23.25411338127251,26.74996115676796,22.93601632594464,26.010617340756387,30.80474796082587,28.858964493082546
FOODS_3_805_TX_3_validation,1.951953424977991,1.9097165414202146,1.7971291544663701,1.7983962743360455,1.9520769383116379,2.4347042648640427,2.643834262020875,2.1299577545768567,1.949645614664909,2.1678125605884744,2.050936229047781,2.3133990746461603,2.485266945365332,3.260613236710804,2.586820099085247,2.325069680304417,2.1576010003896218,2.1985683108397858,2.1247072463438825,2.7016546133766752,3.0083937812336288,2.4303954987582808,1.8230361884822421,2.1849096895414544,1.9807019126730903,2.1110544564038354,2.4411625682723237,2.8688402661071435
FOODS_3_806_TX_3_validation,0.5344500806117758,0.5656395884665479,0.5299680367187655,0.5414734592372876,0.5785855195838431,0.569370791088223,0.5861608544203657,0.5268723471150834,0.4315731012089524,0.5251284929978672,0.4305235603550018,0.5788758306655747,0.5524765971264268,0.700371388437302,0.6014731383407396,0.5034846188284383,0.4363257683708086,0.5251284929978672,0.48104259241360925,0.6542303885264157,0.700371388437302,0.6410641344880894,0.47262981301413987,0.5538815096031126,0.4650787849760542,0.5202330183038774,0.5539423127842642,0.5805696225531217
FOODS_3_807_TX_3_validation,3.5979421166664185,3.141610840130256,2.9360329377691867,3.0855359497809594,3.256419455221262,3.861799083017961,3.9694257751371698,3.5006399052639146,3.0727742474007074,3.421853098961511,3.2302050401095763,3.759845362383547,4.130581509300741,5.357151948172149,4.67029617721252,3.770523738005253,3.253680542564533,3.6432186158155138,3.727788626518131,4.491188560993089,4.7864343577051045,4.232320522173892,3.140149057086951,3.406091625577297,3.0421409499245624,3.2545819724989857,3.78127512173946,3.9097455994864543
FOODS_3_808_TX_3_validation,0.08913492920613213,0.5871073497245856,0.5828225710463042,0.5828225710463042,0.5256282398997096,0.5657092664635079,0.7439993589189752,0.6226133479986585,0.4858761955493942,0.5758951120958535,0.5020602744776489,0.6566104460710643,0.6529068468852719,0.8572509528239647,0.6524207630172327,0.5564970469684647,0.48933819651083604,0.5866073209626131,0.5712339504360452,0.7548136857022663,0.8697076954409121,0.677181200834122,0.5573020146107424,0.6366479305457066,0.5563116057433658,0.6316467404978673,0.7653673757113911,0.7852940499544327
FOODS_3_809_TX_3_validation,5.672688682513118,5.407428623049846,5.509377939905393,6.11178634735158,6.963639539426992,8.26759145997314,9.193843434931336,7.1839551684911624,6.188848633190922,6.315476401497187,5.452083391989673,6.124263968097402,6.99219430397773,7.155700749681515,6.284287119124451,5.427442662820254,5.036472421054683,5.51762873331519,5.641215145228494,6.851695806441056,7.925907073233109,6.545029521113616,5.227454988160114,5.644575172485397,5.186326524569015,5.454823558906183,6.680322130839311,6.965769149396058
FOODS_3_810_TX_3_validation,0.32506555595879477,0.3616246264150978,0.43936623889780985,0.42786081637928775,0.42985613640832376,0.5159675475437895,0.5221353706588191,0.47922878772119026,0.3714727991981106,0.4527244957870846,0.37042325834415996,0.5189285760717384,0.5048330377325324,0.6404241338434659,0.541525883746903,0.4435373642346023,0.37637851377697246,0.46518123840403214,0.42109533781977293,0.6212719871145819,0.6772297136952555,0.5783314635986931,0.4207351216668479,0.5142905134557627,0.42548778882870414,0.4702046128715046,0.5539423127842642,0.5409786264057719
FOODS_3_811_TX_3_validation,16.77062050360714,15.739803236738753,15.091876865235633,15.318502243287192,17.952647870076767,21.616166272496073,24.300322486874247,17.93706540210133,14.632254341529276,17.115889115825517,14.934704508681495,19.51608520532136,21.013151799312734,22.75541849770316,18.421893998683743,16.640579530711356,15.354632614307546,17.806084845963326,17.598980094742068,20.942422279064292,22.623460981763298,17.73963390133651,15.278709033295812,17.250377630470485,15.360985333779096,17.111632638576427,20.46088487730978,18.95760382548153
FOODS_3_812_TX_3_validation,0.809961596129144,0.8420240810220606,0.8701872736970125,0.9322617711488387,0.7175893748049536,0.8079309980599126,0.9252570066371874,0.9047825667831162,0.7766158649060241,0.8974783661019328,0.7969181583995871,0.9551263625919172,0.9413426586515595,1.0956999279753847,0.9080314050559282,0.7533212538373784,0.7017075830244558,0.8124746282216464,0.6004863268483498,0.8453211500686526,0.8993151469901148,0.7925638998829765,0.5942199705424885,0.6607330287670808,0.5713879057536946,0.6205477870050988,0.7042854869178593,0.6957305962906422
FOODS_3_813_TX_3_validation,1.5692792537146152,1.9820675241126884,1.950634413585658,2.2156617791968576,1.9178679621397496,2.2611240519901594,2.4775135174878753,2.1992044086670526,2.1379407754376345,2.3232134571327245,2.15080945964674,2.608697647770118,2.58860866737481,3.732540254332835,2.415991300329637,2.1424588126386666,1.8935083370390757,2.2118649404540363,1.865750351993039,2.339203774132015,2.524932034173949,2.2209616033169306,1.7011229291781498,2.004026517266371,1.6861217069653516,1.8081607600030722,2.1361063144513452,2.2202376727348425
FOODS_3_814_TX_3_validation,1.4077241650121746,1.2937210214306032,1.4492154620766693,1.3968228907693419,1.3768700498209336,1.591376949313956,1.8792103489475385,1.4658770937350056,1.1336659985504582,1.3925233748595083,1.2302761271251201,1.4720360375697275,1.5450485767169837,1.9597483581467798,1.6209216331273015,1.3126424477242535,1.1116713322689327,1.1955330430105018,1.1819308343099888,1.4279704590845983,1.5584844267215765,1.3084155837204405,1.0628473064844988,1.154860332878538,1.1004947694148228,1.1625105186754163,1.3148522985529425,1.3477632130968604
FOODS_3_815_TX_3_validation,0.10901362289057186,0.30288821334481236,0.29860343466653094,0.3073706546240179,0.34053436678563426,0.45833114897750776,0.5116979613737953,0.4394239574325728,0.38993779321917843,0.4527244957870846,0.37042325834415996,0.5064718334547914,0.5048330377325324,0.6404241338434659,0.541525883746903,0.4435373642346023,0.37637851377697246,0.46518123840403214,0.42109533781977293,0.60896829191464,0.6295861543013613,0.5306879042047983,0.3730915622729535,0.4543432588619274,0.3655405342348678,0.41025735827766835,0.49399505819042877,0.48103137181193606
FOODS_3_816_TX_3_validation,1.0397191580670326,1.602324657302563,1.7851026849073897,1.9140613873223349,2.7801309052775944,2.733693370236022,3.69489596539902,2.8880574290200456,2.770089296943328,3.220138606869923,2.834502230197919,3.5123543549093355,3.3192002810475705,4.405066915966036,4.067002831577591,3.1675407970426948,2.994041639862349,3.9895029103643607,3.0138979253331315,4.119665264738748,4.854016290955175,4.602000047617728,3.128377427466422,3.8492117954752816,3.1318489078640135,3.375253625715051,4.024928447167755,4.972824779797292
FOODS_3_817_TX_3_validation,0.35730445078872286,0.40034878786282313,0.39279775982473747,0.2821706865561524,0.3396875021259606,0.43795210614674734,0.48409310605763345,0.4683908081790856,0.36063481965600597,0.4418865162449799,0.3595852788020553,0.508090596529634,0.49399505819042877,0.6295861543013613,0.5306879042047983,0.4326993846924976,0.3655405342348678,0.4543432588619274,0.41025735827766835,0.5834451543904751,0.6295861543013613,0.5306879042047983,0.3853952574728955,0.4543432588619274,0.3655405342348678,0.41025735827766835,0.49399505819042877,0.48103137181193606
FOODS_3_818_TX_3_validation,2.367727640576733,1.9623882954494634,1.9262273573777264,1.879977306159909,2.02665408553341,2.449265571276822,2.728698328619337,2.182094111978325,1.7657481141454658,2.0452555132120174,1.9542258308880576,2.2040476749178346,2.345378711868116,2.70268902095003,2.4088399133964615,2.1635612698848385,2.0026617841820773,2.2076580265310604,2.1205480456568475,2.709080340732809,3.294605342471103,2.5283298798382865,2.096384798033451,2.2410853749013824,1.9741929709070127,2.122351769854126,2.471775836980455,2.6771937729956328
FOODS_3_819_TX_3_validation,0.6120907181135692,0.48137589534765435,0.48695420515605753,0.57118043417481,0.47749969580221796,0.6117202017995638,0.5861608544203657,0.5373097564001071,0.419116358592005,0.5003680551809788,0.4305235603550018,0.5665721354656328,0.5524765971264268,0.6772297136952555,0.5783314635986931,0.48034294408639244,0.41318409362876224,0.5019868182558213,0.4579009176715627,0.6310887137843693,0.6895334088951974,0.590635158798635,0.4330388168667898,0.5142905134557627,0.42548778882870414,0.4702046128715046,0.593533308931614,0.5409786264057719
FOODS_3_820_TX_3_validation,1.5215001698016741,1.5390895186177458,1.4029278474930533,1.4776846688803529,1.6095737285769154,1.9526843288296893,1.9502108140258188,1.567799833155699,1.368920968345116,1.556266028116316,1.3966929937721666,1.5782336870366458,1.7884118785427454,1.8297693922850398,1.6697475088381208,1.5172094949462815,1.3513947873691465,1.4613133034851487,1.183651100611386,1.699137099375051,1.9619369811510456,1.6919540719827706,1.1106348058895061,1.289413576471468,1.1568132426574687,1.2503028348823133,1.448356325765685,1.3968942416361387
FOODS_3_821_TX_3_validation,0.7387777862196925,0.7045134904500019,0.6849500916072457,0.6890388967678573,0.7668985445230545,0.9217943114699301,0.9931234237366595,0.7263807233906127,0.6104913394942875,0.7383154986824779,0.6377552909801323,0.7769270724033095,0.7637437650404922,0.9059781249388212,0.7632376031996674,0.6571156883141199,0.5672548103884653,0.6447108652532564,0.6009568345849108,0.7741446306977182,0.8792372216077452,0.7213873805120421,0.5637910385801959,0.6607330287670808,0.5415013721777286,0.6205477870050988,0.7042854869178593,0.699615991786197
FOODS_3_822_TX_3_validation,1.26337928306822,1.2302046573799936,1.2072880710482239,1.3580431624104845,1.380004826434285,1.4863152491543172,1.6383807653982798,1.5474211245226455,1.306932941696034,1.405576812265365,1.3176478635368385,1.5139567982160638,1.7045221772717898,2.17176623048071,1.3608838524598263,1.1716582639694924,1.0790897011578953,1.1395235713672367,1.0731494296928041,1.3945132105872073,1.393185329767443,1.1989807719667909,0.8705605220127961,0.9661423373131992,0.8558557694067906,0.7987015770911957,1.0678916491151083,1.0781791565133756
FOODS_3_823_TX_3_validation,0.5207219166702561,0.5259618665241694,0.48180716614272695,0.4557737665935227,0.45628215459671984,0.4981359792661254,0.5986175970373131,0.551632784931973,0.44387679640889427,0.4774849336039741,0.39518369616104937,0.5189285760717384,0.5048330377325324,0.6404241338434659,0.590635158798635,0.4926466392863344,0.42548778882870414,0.5142905134557627,0.4702046128715046,0.6433924089843112,0.6895334088951974,0.590635158798635,0.4330388168667898,0.5142905134557627,0.42548778882870414,0.4702046128715046,0.5539423127842642,0.5409786264057719
FOODS_3_824_TX_3_validation,0.45864660415471065,0.4500497552842437,0.49176620196801957,0.4643952850501341,0.5695556600138355,0.483360195129832,0.600123090242942,0.5732047040282536,0.4345742156469637,0.5340848824953577,0.4459814174099605,0.597902476626897,0.588371544754573,0.7275314297718698,0.6286331796753074,0.5070534077348015,0.4363257683708086,0.5251284929978672,0.5206335885609581,0.6938213846737655,0.7546475425667122,0.6014731383407396,0.44387679640889427,0.5538815096031126,0.42548778882870414,0.5202330183038774,0.5539423127842642,0.5409786264057719
FOODS_3_825_TX_3_validation,1.387335982213846,1.1700092893758092,1.2809533549371743,1.2004685717593198,1.0751885012040356,1.3345654054019473,1.5160732041788219,1.257333871048668,1.0737791562276053,1.1910990173053233,1.0688289565513782,1.2487470137953063,1.3047755435162829,1.5678569036090688,1.4089137530717466,1.1733558019581705,1.0623274693672429,1.2404578086036824,1.0996302319755324,1.4663088149336685,1.5674893182783252,1.455690093605407,1.1231379475259644,1.2622849061908925,0.8705536082474552,1.018072680079816,1.181491076923057,1.1522386509309939
FOODS_3_826_TX_3_validation,1.8086079445987386,1.836862654899511,1.9967594326700118,2.066065648206523,1.917436005385311,2.3560935067642217,2.2470707522925926,1.9969702388565487,1.6397176054616396,1.989416607757383,1.568258987643525,2.0413904224182224,2.1013128614931906,2.3453996754863087,2.1478513193966315,1.7471067934173956,1.7642711298136573,1.9540558418514973,1.858185472223825,2.28234119192702,2.4274630442489227,2.1040241536660265,1.8287228021404205,2.0601477504246026,1.6807456617915897,1.9163601721212684,2.401612267523022,2.17126301655146
FOODS_3_827_TX_3_validation,1.9275249075152014,1.5029696514189541,1.4392186654437846,1.4817107963889777,1.638739400234652,1.8547423370670089,2.0360801435460303,1.7246609241194746,1.5389008606290036,1.7365265932467702,1.5791001766510047,1.7514362004787223,2.0010237044124692,2.195081165224094,1.9174507567623746,1.7676504230482528,1.6190680839665093,1.7229045554355877,1.6465026686524549,1.9806565066002593,2.208343761227232,1.8823563158340746,1.5145617860983744,1.6972746899584188,1.5292310312831079,1.3959512856016747,1.7044210739823382,1.880200805360476
