id,F1,F2,F3,F4,F5,F6,F7,F8,F9,F10,F11,F12,F13,F14,F15,F16,F17,F18,F19,F20,F21,F22,F23,F24,F25,F26,F27,F28
FOODS_3_001_TX_3_validation,0.3768651178034515,0.3712094181861705,0.4459377224691375,0.45593002426169527,0.5164052224093953,0.6105505279687894,0.6864506628023095,0.6948869313853032,0.6775416622942544,0.7057033623501185,0.7108962684615241,0.7885257866474723,0.9365031202491562,1.0124032550826756,0.8686278631905606,0.6450910739929615,0.6331463902663954,0.6331463902663954,0.662023552114176,0.6848282304697492,0.7956465280238756,0.670360581926985,0.61011605989226,0.6021484220123956,0.6189608467854465,0.6537200352510516,0.7480641585429295,0.847665295342286
FOODS_3_002_TX_3_validation,1.1562282331929692,1.0032853002847255,1.026590787273589,1.0420826376254715,1.0759983449940536,1.3426161217220587,1.4452499668773644,1.2408031887124373,1.1532310847851086,1.1452634469052443,1.1452634469052443,1.2429283416936536,1.460749052473061,1.495641070360894,1.291194292195967,1.134828756891213,1.1268611190113487,1.1268611190113487,1.1314638008240792,1.3042495522097157,1.4364896660905537,1.2706117389168645,1.1182313036038498,1.1102636657239855,1.0673824121791742,1.0753357347760202,1.2822959548325938,1.3818970916319495
FOODS_3_003_TX_3_validation,0.8031146215040119,0.7689801352822221,0.8028188881105865,0.746826953921409,0.812117725001668,0.9603484975230646,1.0073793643672662,0.9366560479964955,0.8615624478400488,0.8535948099601843,0.8535948099601843,0.8073096098373953,0.9879579820799829,1.0875591188793394,0.8564762934844219,0.8326057255191726,0.8535948099601843,0.8535948099601843,0.8988269572745182,0.9879579820799829,1.1287166279749175,0.9366560479964955,0.8326057255191726,0.8122421053270196,0.7496814802107729,0.8627493789068428,1.0125180378881988,1.0709616655919763
FOODS_3_004_TX_3_validation,0.26515358554103524,0.284703780056173,0.34815635368022696,0.3581486554727847,0.3823116832216313,0.5221390875273597,0.5500947102435383,0.5978914347448766,0.5350522038453074,0.5387251016625291,0.5387251016625291,0.6426444598165129,0.7818785324655932,0.8501087413651423,0.6793191185426894,0.6506993740144691,0.6548728229512235,0.491580555788349,0.5382370493652362,0.630934904542117,0.6902688802071173,0.5951019500929654,0.5160644136602568,0.544226113716121,0.544226113716121,0.5841782082931316,0.6719627442464999,0.74786287908002
FOODS_3_005_TX_3_validation,1.8975816304241826,1.7177857918243773,1.7675972852264645,1.709818153944513,1.758442418652465,2.0392856509689583,2.25669855427009,1.9301814234477976,1.7249664218505065,1.7169987839706422,1.7127973129955676,1.7896287689734076,2.0859731347595463,2.211918022878827,1.8284866461002738,1.6008895515334012,1.5929219136535369,1.5391893373367902,1.6090859972581926,1.8445436962653867,1.997877409381489,1.7925777100315383,1.6534836044953924,1.6803139143996482,1.648941504088344,1.6303351749790198,1.8982762725821334,2.044868474830595
FOODS_3_006_TX_3_validation,1.3326172480258824,1.2271073687599352,1.274681717731504,1.2901735680833863,1.3922909228338145,1.6800168205047317,1.8376158823475526,1.5735664768355313,1.4258562207046186,1.3819442584454456,1.4075739924645512,1.4589320962353334,1.7267836867977262,1.792685081850558,1.5403943170515013,1.3728097538120645,1.2600493742436387,1.162528581610247,1.2570236131051968,1.4748443238846043,1.5097363417724372,1.324852805682791,1.1264178745706637,1.1749727846355082,1.178398322108324,1.2392330231196702,1.444151599185698,1.5437527359850536
FOODS_3_007_TX_3_validation,2.722455813282686,5.294884191127469,5.1881636440614125,5.1547743049046835,5.026420896900754,5.561378619089798,6.628264610135052,5.792027697760535,5.30349228195348,5.01261872208301,5.059765974005569,5.363225491879352,6.281043583028085,6.841906196469036,5.8401161102541534,5.103540826962253,4.998290631794946,4.746295705941214,5.0357566689982995,6.016911907863615,6.4934010969892,4.913729381851944,4.615486516506087,4.61084436158387,4.662805035615848,4.879012389535024,5.854205500284728,6.246838657347935
FOODS_3_008_TX_3_validation,16.31233967638716,14.539445724987583,14.098578932949817,13.548305999797735,18.44379331366346,17.52477241809639,17.226378392606875,14.188733275234098,11.793043622232185,11.443258335276521,11.21350162855011,13.006459451257914,14.419580114314464,15.268735728265542,13.582462997775846,12.251066772451916,11.697504306607113,11.801153656462022,13.40809266019839,15.880044561139515,17.22578692088329,14.31297423976732,12.882464573457401,12.497979274761875,12.332327645085416,14.005894386430429,16.63879577873081,17.33553951255182
FOODS_3_009_TX_3_validation,0.9220503140178874,0.8327982711787749,0.8873912584151572,0.9181629992649104,0.9624327746220462,1.3110241266946536,1.2347107097695522,0.9704092966354785,0.89531569647903,0.8954906460878247,0.8954906460878247,0.9407227934021586,1.18663032088708,1.3136189201379833,1.1419949990129254,1.0007107761317589,0.9927431382518946,0.9927431382518946,1.041007993922178,1.2170504916945777,1.2062506101028894,1.010541314800963,0.9486902582047196,0.9407226203248552,0.9407226203248552,1.0013963231795784,1.234228287082873,1.3338294238822284
FOODS_3_010_TX_3_validation,0.804397792699827,0.6008245872093939,0.6013304193483622,0.6935867089000192,0.736913090598683,0.8572784531476929,1.2069604652420007,0.9489118433126225,0.8624806502311264,0.895304842428364,0.7400657173347372,0.7772447225798235,0.8857664823795836,0.9853676191789411,0.8564762934844219,0.739980213145354,0.7320125752654896,0.7400657173347372,0.7852978646490711,0.8322736113239728,0.9383376655614671,0.82641140622685,0.739980213145354,0.7400657173347372,0.7620774625230614,0.7968366509886665,0.8911807742805444,1.0709616655919763
FOODS_3_011_TX_3_validation,0.9136040245994036,0.8007942241978931,0.8098340818455414,0.8667866517105701,0.908023718711756,1.2557112667101369,1.2809713629857822,1.0535218092862761,0.8663589741581535,0.7958307111620424,0.8583913362782891,0.903623483592623,0.9603484975230646,1.140129388834494,0.9993660189563537,0.89531569647903,0.8873480585991655,0.8954906460878247,0.9407227934021586,1.1036167649475837,1.203217901746939,1.0075086064450127,0.9034582839676891,0.8954906460878247,0.9407226203248552,1.0013963231795784,1.234228287082873,1.186620448459576
FOODS_3_012_TX_3_validation,0.48004478963163105,0.47686413679563255,0.518174689891195,0.5281669916837528,0.6196054173526216,0.732358053755567,0.7896508577455357,0.8166944571720808,0.7595682015529407,0.7636256706463932,0.7448326562484096,0.8106728364896039,0.7632440459335736,0.8504294026548772,0.7275452212277558,0.6269284846653109,0.6189608467854465,0.6723873027981778,0.6641929940997804,0.8180880678430241,0.8642627486296492,0.6891535963249686,0.61011605989226,0.6189608467854465,0.6189608467854465,0.6537200352510516,0.8014906145556608,0.9010917513550173
FOODS_3_013_TX_3_validation,0.8791264248822168,0.8375469929570427,0.8783667946336399,0.8925523381145883,0.8966900953062389,1.04174980804721,1.0875591188793394,1.0075086064450127,0.9034582839676891,0.7958307111620424,0.8583913362782891,0.8410628584763763,0.9603484975230646,1.0073793643672662,0.8564762934844219,0.7700451004029258,0.7400657173347372,0.7400657173347372,0.7772447225798235,0.8857664823795836,0.9853676191789411,0.8344645482960977,0.7480333552146017,0.7620774625230614,0.7496814802107729,0.8627493789068428,0.8911807742805444,0.9907819110799027
FOODS_3_014_TX_3_validation,0.26351046037631215,0.46570122595860486,0.4534276374907324,0.46190110750956503,0.573987866541626,0.6443716989760679,0.7896508577455357,0.8166944571720808,0.7124598250148609,0.670785199629512,0.7083754766125321,0.7885257866474723,0.9319379095898862,1.0078380444234059,0.8291444898106843,0.7868401346274588,0.6183304217151132,0.6371234361130971,0.6635625690294471,0.7412895997187323,0.8504294026548772,0.6676103897965918,0.5913230454942764,0.6021484220123956,0.6021484220123956,0.6641929940997804,0.7522656295180042,0.847665295342286
FOODS_3_015_TX_3_validation,2.776038376794906,2.534146833305643,2.4536060925257326,2.358743725073914,2.4540566905302543,3.0851012429920166,3.3417969814816564,2.8177210582250183,2.630117577336591,2.6134623678391895,2.6805097235748803,2.837970560458624,3.505695664461603,3.802353731635103,3.0827260616468988,2.8384238044571632,2.9227278243179877,2.8766040838362748,2.78975701833617,3.371994070369123,3.6347671685492116,2.9399448991290975,2.5851533545827503,2.580611254175702,2.580611254175702,2.7135058563664667,3.2881833495444073,3.4367132649527625
FOODS_3_016_TX_3_validation,0.8845145731271729,0.7853830988410309,0.8357505713718772,0.8769658057477601,1.054675279559222,1.2122967635485726,1.3553124035094928,1.0296950455690754,0.9432638524875805,0.9591229783249171,0.9591229783249171,0.8480780522113314,1.0405282520351387,1.1812868979300726,0.9993660189563537,0.9034582839676891,0.8954906460878247,0.8954906460878247,0.998350749951479,1.2140177833386274,1.3136189201379833,1.0075086064450127,0.9610862405170082,0.9508890495997541,0.9761456849645311,1.0342799669922444,1.234228287082873,1.3338294238822284
FOODS_3_017_TX_3_validation,0.3915992013429954,0.3538688121673668,0.36092603312970856,0.3709183349222665,0.3950813626711131,0.5498940861860258,0.7884668606836088,0.6183358766967673,0.5781935329112603,0.5977076940577585,0.6068225871303785,0.6621240210162139,0.8073511624875046,0.7278591571901372,0.5998230189628534,0.5207854825301448,0.5468982279785345,0.5093079509955144,0.5545400983098483,0.6472379534867291,0.7231380883202492,0.630020112813572,0.5573866577073909,0.544226113716121,0.5494190198275265,0.5841782082931316,0.6907557586444836,0.7666558934780037
FOODS_3_018_TX_3_validation,1.2872247500983205,1.1193369065393306,1.1083365603035162,1.1616611596688327,1.1202606017488506,1.3257132684725539,1.4488856484028423,1.240453770246176,1.0880733349331613,1.0337989060356698,1.0805543279937215,1.1257864753080553,1.3456488300780087,1.4452499668773644,1.236818088720698,1.0885219658735859,1.0805543279937215,0.9663177402679934,1.0013834583074284,1.2170504916945777,1.3534595855255418,1.1450277073688753,1.0293705616032456,0.9833798642955557,1.0172014527483066,1.0719101973032044,1.2372609954388227,1.3818970916319495
FOODS_3_019_TX_3_validation,0.545266791376861,0.5794282239720641,0.534854726531353,0.612375859948475,0.5606587493481766,0.6949577085140319,0.808258188589087,0.7979014427740971,0.7734083270551344,0.6189608467854465,0.6189608467854465,0.6641929940997804,0.7632440459335736,0.8642627486296492,0.713359677746807,0.6269284846653109,0.6189608467854465,0.6189608467854465,0.6641929940997804,0.7646616118302928,0.8171897345522524,0.713359677746807,0.6269284846653109,0.6189608467854465,0.6189608467854465,0.6641929940997804,0.7522656295180042,0.847665295342286
FOODS_3_020_TX_3_validation,2.1237981544036435,1.9097452478772992,1.9437952913436622,2.0847255087808305,2.203899409343062,2.6565366411698252,2.423716327860928,1.9453828863912486,1.837661191166407,1.8296935532865426,1.910337769105303,1.8172292820744564,2.079864711385147,2.2690945365823794,1.9831564661762746,1.7779414645789817,1.6970894928061924,1.6970894928061924,1.758442418652465,2.1025705880469108,2.309159691984951,2.0108256392665553,1.8454294348724436,1.8374617969925793,1.9415512586792212,2.046340821376128,2.376380077139406,2.333141299113775
FOODS_3_021_TX_3_validation,2.243875964341546,1.952545165866504,1.9491212417028991,2.0682807813634025,2.0791494191188518,2.2237938642818587,2.5604787240599145,2.2526719402192477,1.9748841630511729,1.9978454477938286,1.962715054196234,2.0675046168931397,2.4360998037268313,2.6194219640463783,2.3409781350420347,2.0719245456913367,2.0639569078114723,2.0568084415969348,2.1449722348251075,2.5406420189455083,2.8607259812402135,2.333829668827497,1.9986646194591575,2.0436082096010186,2.0436082096010186,2.098912081749014,2.411661434355398,2.5562772530848394
FOODS_3_022_TX_3_validation,0.025168559336970375,0.4875324324384791,0.37107161851895815,0.30810817523825224,0.3188510730392522,0.5142241058230604,0.5800582488896228,0.6093241521977436,0.5385123582144751,0.5327998997273351,0.5327998997273351,0.6449922048127257,0.7816567399076761,0.8145532266714496,0.6609494761883853,0.6593768832409063,0.6526204205761639,0.6457579298786035,0.536812703102683,0.6295105582795638,0.7068350393756371,0.5622327419798335,0.4831952055471249,0.5093079509955144,0.5093079509955144,0.5894582610304548,0.6697601338950471,0.74786287908002
FOODS_3_023_TX_3_validation,1.078621094589469,1.0357955275863482,1.0615811383454645,1.1083365603035162,1.1526063356606522,1.3694359820746556,1.4690371188740112,1.236818088720698,1.0885219658735859,1.0805543279937215,1.1268611190113487,1.1782192227821309,1.3960399335615383,1.495641070360894,1.2872091922042277,1.0880733349331613,1.080105697053297,1.1268611190113487,1.1314638008240792,1.3960399335615383,1.4488856484028423,1.195418810852405,1.0037434844877087,1.0214029237233813,1.0214029237233813,1.118665619261256,1.2822959548325938,1.3368621322381786
FOODS_3_024_TX_3_validation,0.025168559336970375,0.4875324324384791,0.37107161851895815,0.30810817523825224,0.3188510730392522,0.5142241058230604,0.5800582488896228,0.6093241521977436,0.5385123582144751,0.5327998997273351,0.5327998997273351,0.6449922048127257,0.7816567399076761,0.8145532266714496,0.6609494761883853,0.6593768832409063,0.6526204205761639,0.6457579298786035,0.536812703102683,0.6295105582795638,0.7068350393756371,0.5622327419798335,0.4831952055471249,0.5093079509955144,0.5093079509955144,0.5894582610304548,0.6697601338950471,0.74786287908002
FOODS_3_025_TX_3_validation,1.7233974731694968,1.607662441873814,1.5433106332945472,1.5838896937107343,1.5484490847479306,1.8367910834869947,1.9607422863521056,1.757453530325836,1.581578068752029,1.5198778545554181,1.5736104308721648,1.67054860015338,2.0500641986908104,2.044868474830595,1.8340896336131591,1.6848560148066967,1.6768883769268323,1.6399129791026426,1.7513215626056657,2.0226881976815894,2.122289334480949,1.7277630043344212,1.5471569752166545,1.5557079475136575,1.5604385150576174,1.5766025986622731,1.8445436962653867,1.9441448330647424
FOODS_3_026_TX_3_validation,0.3909243865262667,0.592477601122516,0.5800408193335779,0.6447878717340397,0.6839210117443127,0.8303329449918754,0.9673493857753436,0.9817562534491466,0.9173368055559747,0.9253697296859358,0.9253697296859358,0.9485901318119455,1.0917198752387431,1.0379378891340965,0.8601646548658313,0.7737334617843352,0.7738189659737185,0.7620774625230614,0.8073096098373953,0.8387365287621107,0.8646149461358261,0.7275452212277558,0.6411140281462598,0.6723873027981778,0.6723873027981778,0.7240823675506496,0.8511318145170986,0.9465314803413803
FOODS_3_027_TX_3_validation,0.4601866568478117,0.4840285450638634,0.5101412905122542,0.520133592304812,0.5945663580356775,0.7475014271444688,0.770857843347552,0.8166944571720808,0.7613832200818175,0.7822531139483209,0.6189608467854465,0.6641929940997804,0.7646616118302928,0.8504294026548772,0.6891535963249686,0.6269284846653109,0.6189608467854465,0.6189608467854465,0.6641929940997804,0.7646616118302928,0.8171897345522524,0.713359677746807,0.6269284846653109,0.6189608467854465,0.6189608467854465,0.7071464912637829,0.8014906145556608,0.847665295342286
FOODS_3_028_TX_3_validation,0.9782470871890202,0.8863344325135043,0.8783667946336399,0.8702242071449807,0.9337894051157742,1.1036167649475837,1.203217901746939,1.0075086064450127,0.9034582839676891,0.8954906460878247,0.8954906460878247,0.998350749951479,1.2140177833386274,1.3136189201379833,1.129599016700637,0.9588566874796185,0.9407226203248552,0.8830946637755361,0.9302498345534298,1.091220782635295,1.168890915617784,0.9869700366440658,0.8829197141667414,0.874952076286877,0.874952076286877,0.9336019373553593,1.0870193116602205,1.186620448459576
FOODS_3_029_TX_3_validation,2.0500414819314385,1.8908519003867919,2.010127448149341,2.042399120372651,2.1377120858289915,2.582686213118786,2.622855896946739,2.300198316129133,1.9594708201000035,1.9094728424806466,1.9515031822201392,1.9801275613293141,2.139584437972573,2.2391855747719283,1.9831564661762746,1.7779414645789817,1.7699738266991174,1.7699738266991174,1.7575095554870308,2.0901746057346213,2.216119493853902,1.9301814234477976,1.7249664218505065,1.7934415288143268,1.8388974060266354,1.8988852149204227,2.1666173505783055,2.333141299113775
FOODS_3_030_TX_3_validation,23.740302867590245,20.649052769345936,20.488131191351478,21.06028528433472,23.622937501595548,27.322593549737707,28.32039730158581,21.76075687900647,20.60233735303485,20.635021007032744,20.88804158140362,22.91978451018811,27.459784607640714,28.06296570547335,21.828991695268737,20.60233735303485,20.635021007032744,21.172451675144917,23.388280788993185,27.990645757392265,28.66837830332819,22.56077082918885,21.30990873994043,21.16130192355116,21.414322497922036,23.630151611770305,28.016759768782467,28.60014348706592
FOODS_3_031_TX_3_validation,0.3768651178034515,0.3922335360006709,0.42491360465463746,0.43490590644719523,0.46404674466491036,0.5688216172582042,0.6864506628023095,0.6594009716217488,0.6158478203315957,0.6090913576668533,0.61689187370188,0.683148138830714,0.8594294698862598,0.9747349002316755,0.6676103897965918,0.5207854825301448,0.5468982279785345,0.5468982279785345,0.6270485380134747,0.6848282304697492,0.7956465280238756,0.630020112813572,0.5509825763808633,0.5494190198275265,0.5494190198275265,0.5946511671418604,0.6949572296195583,0.7666558934780037
FOODS_3_032_TX_3_validation,1.2872091922042277,1.0885219658735859,1.0845394279854608,1.0845394279854608,1.2429283416936536,1.460749052473061,1.5099590857888872,1.3271386165752757,1.1388138568829522,1.130846219003088,1.130846219003088,1.1782192227821309,1.3960399335615383,1.495641070360894,1.2872091922042277,1.1224327745789244,1.11446513669906,1.11446513669906,1.1710983667353316,1.3794424802741752,1.48302871706527,1.2706117389168645,1.1182313036038498,1.1136892031968013,1.1136892031968013,1.1745239042081475,1.3794424802741752,1.4790436170735308
FOODS_3_033_TX_3_validation,0.4601866568478117,0.4840285450638634,0.47661403116972373,0.43895974374938723,0.49568558281593744,0.5543597753091499,0.6654265449878094,0.7159094745788043,0.6446724541811225,0.670785199629512,0.7057033623501185,0.7527505281933292,0.933752928118763,0.9747349002316755,0.6676103897965918,0.5913230454942764,0.583355407614412,0.583355407614412,0.6285875549287459,0.7412895997187323,0.8171897345522524,0.713359677746807,0.6269284846653109,0.6189608467854465,0.6189608467854465,0.6537200352510516,0.7508480636212851,0.847665295342286
FOODS_3_034_TX_3_validation,0.5554006522015796,0.5997799576731667,0.5554332180254045,0.6030157968009822,0.5528582333131496,0.6871571924790051,0.808258188589087,0.7979014427740971,0.752800294128274,0.7636256706463932,0.7448326562484096,0.753607623926866,0.9319379095898862,1.042813058524107,0.8686278631905606,0.6450910739929615,0.6331463902663954,0.6331463902663954,0.6783785375807293,0.8180880678430241,0.8642627486296492,0.7667861337595383,0.6868178581161801,0.6788502202363157,0.6788502202363157,0.6641929940997804,0.8056920855307356,0.9075546687931552
FOODS_3_035_TX_3_validation,0.6763255164897958,0.7547945918012734,0.7179894221750414,0.726042564244289,0.7551834024620042,0.896585780722355,1.0200136812389125,0.9897036733897232,0.8642956687600032,0.6930357637172644,0.6930357637172644,0.7772447225798235,0.8387365287621107,0.9383376655614671,0.780971677240487,0.694540484158991,0.6788502202363157,0.6788502202363157,0.7630591790988748,0.8715809388986349,0.9931938208863155,0.8122258627459014,0.7214518294213644,0.719616592953201,0.719616592953201,0.7667717637310947,0.8691690290922203,0.9607170238223289
FOODS_3_036_TX_3_validation,0.33439821894971633,0.34392889555837886,0.39763308202684583,0.3456459029124694,0.36041982173343856,0.5193566592628066,0.5952567940963267,0.6672014876567757,0.6132745715740787,0.592056266960282,0.6068225871303785,0.6520547344447124,0.7954668573871263,0.9208415743040446,0.5998230189628534,0.5207854825301448,0.5468982279785345,0.5140290198654024,0.5592611671797363,0.5933446275590971,0.6902688802071173,0.5951019500929654,0.5160644136602568,0.544226113716121,0.5093079509955144,0.5894582610304548,0.6761642152215747,0.74786287908002
FOODS_3_037_TX_3_validation,1.0126106565774362,0.9900861626538763,0.985151233129962,0.9603467239388058,1.0189456684963722,1.277645600722833,1.3697114269608046,1.236818088720698,1.0037434844877087,0.9957758466078438,0.9663177402679934,0.9437555017581085,1.1896630292430304,1.3166516284939331,1.108219750337267,0.9742853781478579,0.9632850319120426,0.9531186026371438,1.0085171792263778,1.1896630292430304,1.2062506101028894,1.1051870419813168,0.971252669791907,0.9803471559396061,0.9407226203248552,0.9878777911027494,1.1974203300512642,1.2696340043990728
FOODS_3_038_TX_3_validation,0.26515358554103524,0.28193473196615493,0.3394519707022422,0.3494442724947999,0.3736073002436465,0.5335718049802267,0.5493628903492528,0.6013515891140443,0.5385123582144751,0.5293397453581674,0.5293397453581674,0.6175183056047842,0.7803529990890656,0.8501087413651423,0.6790282613062965,0.6616292856159659,0.6457579298786035,0.491580555788349,0.5382370493652362,0.630934904542117,0.6902688802071173,0.5622327419798335,0.5160644136602568,0.544226113716121,0.544226113716121,0.5841782082931316,0.6719627442464999,0.74786287908002
FOODS_3_039_TX_3_validation,3.220332364344343,2.970057404775892,3.068668520478112,3.068668520478112,3.431068658756956,4.078979820910663,4.17359487337176,3.4765712029679197,3.0937572043098642,3.08578956643,3.08578956643,3.2496497536753695,3.8883998330761753,4.238872827790012,3.4765712029679197,3.0937572043098642,3.08578956643,3.08578956643,3.2496497536753695,3.8883998330761753,4.238872827790012,3.245598631883572,2.9411395263846285,2.933171888504764,2.933171888504764,3.2047725861929655,3.8331460458092557,3.932354934941121
FOODS_3_040_TX_3_validation,0.42692215563469954,0.44111374444496615,0.4447866422621881,0.4447866422621881,0.5446067542631766,0.5498940861860258,0.6513835940297976,0.6848160701928027,0.5966636406874741,0.5990220710953518,0.6068225871303785,0.6520547344447124,0.8055361439586278,0.9190265557751678,0.7631152861257278,0.5536546906432769,0.5818163906991408,0.5818163906991408,0.6285875549287459,0.7224965853207487,0.8171897345522524,0.713359677746807,0.6269284846653109,0.6189608467854465,0.6065648644731579,0.7104985940657125,0.7466465926462104,0.8338319493675139
FOODS_3_041_TX_3_validation,2.222475605254147,2.3010239728633137,2.345627595356338,2.2930563349834494,2.4535705439546325,2.715604611337895,3.0411450431711073,2.6650021479590125,2.4449762771182324,2.351945164878038,2.419566351007834,2.456734727574943,2.98196755610028,3.23866329458992,2.733502418807857,2.5175493800182784,2.509581742138414,2.509581742138414,2.5550438110333182,3.1766696127859366,3.325199528194292,2.6087049256507595,2.3468071772309758,2.299720774620986,2.2537760649907814,2.4045103373178907,2.7344180886091993,3.043857019205258
FOODS_3_042_TX_3_validation,4.354245930963486,3.9406858837014074,3.936143783294359,4.00829266808003,4.318755981556497,5.61249050333006,6.125324811684785,4.995833800450779,4.374324165152548,4.317395451641564,4.258194413653282,4.568657727129748,5.566482688689975,5.845427679524549,4.838555025068537,4.41064650540327,4.135074391911967,4.135074391911967,4.207100942708911,5.0824440756869835,5.4418566412499185,4.552080793239183,4.1464653208470175,3.994013229097033,4.151575609531223,4.46203892300769,5.489370481588745,5.835123912957362
FOODS_3_043_TX_3_validation,0.31062523655238505,0.3245474848379436,0.39763308202684583,0.4076253838194036,0.41240700084781495,0.5754834591962775,0.5952567940963267,0.6594009716217488,0.5781935329112603,0.5977076940577585,0.6068225871303785,0.6520547344447124,0.7954668573871263,0.8832512973210247,0.5998230189628534,0.49976136471564475,0.5140290198654024,0.49300490205090225,0.5216708901967164,0.6143687453735972,0.6902688802071173,0.5951019500929654,0.5160644136602568,0.544226113716121,0.544226113716121,0.5841782082931316,0.6907557586444836,0.74786287908002
FOODS_3_044_TX_3_validation,0.5638741222204123,0.5606352095740804,0.518174689891195,0.54265524256638,0.5606587493481766,0.6949577085140319,0.770857843347552,0.8185094757009576,0.739471939268249,0.6189608467854465,0.6021484220123956,0.6641929940997804,0.7646616118302928,0.8504294026548772,0.713359677746807,0.6269284846653109,0.6723873027981778,0.6723873027981778,0.7176194501125117,0.824550985281162,0.9176892046423806,0.713359677746807,0.6269284846653109,0.6189608467854465,0.6021484220123956,0.6641929940997804,0.7522656295180042,0.847665295342286
FOODS_3_045_TX_3_validation,0.5012284598371377,0.47330120726296465,0.4574298515256018,0.43895974374938723,0.5077818115994082,0.5927755717239279,0.6654265449878094,0.7159094745788043,0.6158478203315957,0.6379159915163801,0.670785199629512,0.7160173469438459,0.933752928118763,0.7983967201542688,0.6891535963249686,0.61011605989226,0.6189608467854465,0.6189608467854465,0.6641929940997804,0.7632440459335736,0.8642627486296492,0.7667861337595383,0.6269284846653109,0.6065648644731579,0.6065648644731579,0.6570721380529811,0.7480641585429295,0.847665295342286
FOODS_3_046_TX_3_validation,0.129025878580382,0.29605662429926655,0.27622227347901507,0.2874647915878658,0.32162012112927024,0.42761996895879884,0.5500947102435383,0.5544683686917882,0.5385123582144751,0.5327998997273351,0.5327998997273351,0.5690591562596521,0.744797484395373,0.8317390990108381,0.6793191185426894,0.613141665948938,0.6457579298786035,0.491580555788349,0.527697810030063,0.6295105582795638,0.6591754758211157,0.5412086241653334,0.4621710877326235,0.47643874288238236,0.47643874288238236,0.5545400983098483,0.6348419711744405,0.7414587977534924
FOODS_3_047_TX_3_validation,3.4592249101106245,3.107216687670734,3.1019729377584047,2.9147167786812718,3.0566392891113345,3.8910094781716134,3.9739225756729604,3.108030959628118,2.689794738779889,2.6481961869624953,2.6648551076775613,2.8806929402447836,3.6181990854701422,3.749063855434057,3.0752524465007505,2.830950189311015,2.8229825514311506,2.8657049312173104,3.0471808639774203,3.705278719063587,3.9223307677897905,3.1648657911023594,3.0337638621685588,2.977140841290233,2.88829472102236,3.073972124757545,3.7153028862149178,3.932354934941121
FOODS_3_048_TX_3_validation,2.031759156283125,1.8355505164918187,1.868620564178816,1.9017481317652938,2.0044327875037835,2.3048720941006975,2.4308169822199783,2.120379438061042,1.9151644364637486,1.9399721265325052,1.9419620549712648,1.9924063616492902,2.2711176085569944,2.3970624966762752,2.148953295034589,1.9437382934372949,1.9357706555574306,1.9357706555574306,1.9957584644512198,2.2669161375819193,2.3928610257012,2.0262787394763366,1.7613440112916185,1.7533763734117542,1.75680191088457,1.9167125161679046,2.126552195175734,2.252497083295015
FOODS_3_049_TX_3_validation,0.4446524886371898,0.4307830632379986,0.4532644441696667,0.3939505433547613,0.4850708624794104,0.5688216172582042,0.7041616663210024,0.6811733702775785,0.6368719381460958,0.6629846835944853,0.670785199629512,0.7509355096644524,0.9346881017202794,1.0311962694806593,0.713359677746807,0.5885728533638832,0.5468982279785345,0.5818163906991408,0.6270485380134747,0.6848282304697492,0.7956465280238756,0.6676103897965918,0.5509825763808633,0.5494190198275265,0.5494190198275265,0.613444181539844,0.6949572296195583,0.8049944176211461
FOODS_3_050_TX_3_validation,0.5719666158972667,0.5721819824827047,0.5305073570973557,0.6030157968009822,0.6066625868191482,0.6644422792754223,1.0078380444234059,0.8318378305609826,0.7500501019978808,0.7448326562484096,0.76544068917527,0.6641929940997804,0.7632440459335736,0.8784482921105979,0.7667861337595383,0.6269284846653109,0.6189608467854465,0.6189608467854465,0.6641929940997804,0.7646616118302928,0.9176892046423806,0.713359677746807,0.6803549406780423,0.6599913204858893,0.6622527669489524,0.7169615115038503,0.8014906145556608,0.9075546687931552
FOODS_3_051_TX_3_validation,2.2277809324068185,1.8793068404863744,1.9754351114737658,1.9912848572393156,2.0438390218407565,2.558016527391069,2.9058311427620716,2.2333913897976965,1.917440480360511,1.9515031822201392,1.9721640412690598,2.0674770067254022,2.4262689592040028,2.3288142631698054,1.893661253398184,1.7177857918243773,1.7386014163878132,1.7699738266991174,1.8373286854363935,2.1431496484630985,2.2967637096726614,2.052855979006045,1.8882200378249452,1.8822423283838405,1.9381257212064054,2.095826511925036,2.376380077139406,2.562044691846112
FOODS_3_053_TX_3_validation,0.6096215137861983,0.5549595104521677,0.556676517806258,0.612375859948475,0.6415166981661902,0.7594113560109259,1.0764542650291793,0.8748369263808046,0.8436472078409166,0.7822531139483209,0.6331463902663954,0.682355583427431,0.7774295894145224,0.8646149461358261,0.713359677746807,0.6269284846653109,0.6723873027981778,0.6189608467854465,0.6641929940997804,0.7632440459335736,0.8171897345522524,0.713359677746807,0.6269284846653109,0.6189608467854465,0.6189608467854465,0.7071464912637829,0.8014906145556608,0.9075546687931552
FOODS_3_054_TX_3_validation,1.0268401646445182,0.9834807612832455,0.8887983968988943,0.8536380097761762,0.9594000662660963,1.1066494733035335,1.2062506101028894,1.0777995795297695,0.971252669791907,0.9927431382518946,0.9927431382518946,1.037975285566228,1.250825740370236,1.3534595855255418,1.1450277073688753,1.0037434844877087,0.9957758466078438,0.9957758466078438,1.0790310533500036,1.253858448726186,1.3534595855255418,1.1900626667626464,1.0761259835612973,0.9833798642955557,0.9437553286808054,1.0044290315355275,1.2372609954388227,1.3368621322381786
FOODS_3_055_TX_3_validation,0.6630479697989299,0.6050780938109546,0.6023024577839626,0.6702949593422888,0.7471302603927565,0.8596951069067396,1.1753204500282737,0.973703111379899,0.911325622377476,0.9033579844976116,0.895304842428364,0.9015601781944727,0.9302836102654907,1.0379378891340965,0.8601646548658313,0.739980213145354,0.7320125752654896,0.6930357637172644,0.7772447225798235,0.7788471553112416,0.8784482921105979,0.7667861337595383,0.6803549406780423,0.6788502202363157,0.6788502202363157,0.752586220250146,0.8549834856112716,0.9765963675989522
FOODS_3_056_TX_3_validation,0.1416023634425031,0.29605662429926655,0.2789913215690331,0.29616917456585057,0.330324504107255,0.4283517888530844,0.56286438969302,0.5759424311192547,0.5628072025039732,0.5387251016625291,0.5560507398392308,0.6429398413720924,0.7818785324655932,0.8713669922206464,0.7420911683112277,0.5207854825301448,0.491580555788349,0.49300490205090225,0.5382370493652362,0.5933446275590971,0.6591754758211157,0.5412086241653334,0.4621710877326235,0.47643874288238236,0.47643874288238236,0.5545400983098483,0.6348419711744405,0.7414587977534924
FOODS_3_057_TX_3_validation,0.479301101294502,0.36857686092978653,0.3963274929170564,0.3494442724947999,0.420490520665903,0.5335718049802267,0.877096048786145,0.6013515891140443,0.5775861512552449,0.581259049072467,0.581259049072467,0.6348439437814859,0.7803529990890656,0.9040138845910816,0.7388518035197977,0.6630536318785191,0.49300490205090225,0.5140290198654024,0.5592611671797363,0.6848282304697492,0.7956465280238756,0.6364241941400995,0.5573866577073909,0.5682120342255101,0.5494190198275265,0.6029712226911152,0.6907557586444836,0.8049944176211461
FOODS_3_058_TX_3_validation,1.462421435715537,1.2444480878800237,1.173045679215039,1.139292430576058,1.1495736273047021,1.3694359820746556,1.4488856484028423,1.240453770246176,1.0880733349331613,1.080105697053297,1.080105697053297,1.041007993922178,1.298893408119957,1.3984945449193127,1.236818088720698,1.0885219658735859,1.0805543279937215,1.0805543279937215,1.1257864753080553,1.3372379477574594,1.436839084556815,1.2284072064001488,1.0761259835612973,0.9833798642955557,0.9833798642955557,1.0338871378753787,1.2372609954388227,1.3818970916319495
FOODS_3_059_TX_3_validation,1.0195772054497219,1.0385925744139826,1.0819150319010058,1.1256605823325447,1.0730556475203328,1.279104100135689,1.3754317189933116,1.3065049560028723,1.1357626267818541,1.0600006030777704,1.0600006030777704,1.1628607069414252,1.4310570266229845,1.4038506890090712,1.1586108538207964,0.9742853781478579,0.9957758466078438,0.9957758466078438,1.0013834583074284,1.2170504916945777,1.2062506101028894,1.010541314800963,0.9610862405170082,0.9632850319120426,0.9927431382518946,1.0275023267174992,1.2792632464766438,1.2970214668506201
FOODS_3_060_TX_3_validation,1.7589544046653918,1.6308108542900246,1.5947827829412144,1.4913011616487444,1.4708060049714826,1.8233931689595566,1.9488683776159565,1.757453530325836,1.5278454924352824,1.5688798633282048,1.6206014963212705,1.7225334825837297,1.9618647913186025,2.1802105577851667,1.8900710164039876,1.6848560148066967,1.7127973129955676,1.7127973129955676,1.7513215626056657,1.9811762740999743,2.03378634545022,1.7814955806511679,1.6893925405641277,1.6433385165754584,1.5916168835823927,1.6256046074350599,1.8935457050381734,1.9441448330647424
FOODS_3_061_TX_3_validation,0.5147059562379506,0.42725043460273915,0.4289674419568295,0.43895974374938723,0.49568558281593744,0.6046023453734487,0.9275126969962807,0.692126626899578,0.6158478203315957,0.6090913576668533,0.6301154754813534,0.7207384158137339,0.8970197468692799,0.9400506735896679,0.7941694757099831,0.7518651205267576,0.5818163906991408,0.583355407614412,0.6473805693267295,0.7197463931903555,0.7983967201542688,0.6891535963249686,0.6269284846653109,0.6189608467854465,0.6189608467854465,0.6537200352510516,0.8014906145556608,0.9075546687931552
FOODS_3_062_TX_3_validation,0.33393159987498733,0.3538688121673668,0.39286733854788863,0.3494442724947999,0.3736073002436465,0.48033896796746134,0.5500947102435383,0.5978914347448766,0.5385123582144751,0.5293397453581674,0.5293397453581674,0.6175183056047842,0.7803529990890656,0.8501087413651423,0.6790282613062965,0.6616292856159659,0.49300490205090225,0.49300490205090225,0.5592611671797363,0.6519590223566171,0.7231380883202492,0.630020112813572,0.5509825763808633,0.5494190198275265,0.544226113716121,0.5841782082931316,0.6697601338950471,0.74786287908002
FOODS_3_063_TX_3_validation,0.992750476481287,0.8178017197254058,0.8248306332989105,0.8318458270338656,0.8678827188289732,1.0435609603910885,1.140129388834494,0.9704092966354785,0.8326057255191726,0.8583913362782891,0.8873480585991655,0.9407227934021586,1.1036167649475837,1.203217901746939,1.0075086064450127,0.9610862405170082,0.9632850319120426,0.9531186026371438,1.0085171792263778,1.18663032088708,1.3012229378256948,1.0927910596690282,0.9486902582047196,0.8830946637755361,0.9365211493497805,0.991229893904679,1.1974203300512642,1.2696340043990728
FOODS_3_064_TX_3_validation,5.092438281588553,4.719410385999292,4.885006282049041,5.071256187179146,5.417161642544664,6.42627542361793,6.875154165517231,5.906976432887085,5.69309714462827,5.696208244421929,5.820266250258267,6.313509637912534,7.771919761648119,8.157138942858907,6.752805479789283,6.05286598241075,6.013923038052763,5.927657560434022,6.083863811402355,7.063039319802321,7.6487955497431255,6.051442739634665,5.275640704762346,5.187789298564351,5.257903590586345,5.678338049782465,6.715161225818429,7.093928901857527
FOODS_3_065_TX_3_validation,0.6638020241546901,0.6192903590207844,0.6191232371759468,0.7013872249350459,0.6891978359235005,0.9534811161182631,1.0626209190544076,0.8506308449589662,0.7715933085262576,0.7964386574292698,0.6331463902663954,0.6783785375807293,0.7788471553112416,0.8784482921105979,0.7667861337595383,0.6803549406780423,0.6788502202363157,0.7178270317845409,0.7240823675506496,0.824550985281162,0.9241521220805184,0.7667861337595383,0.6868178581161801,0.6664542379240271,0.7012295784971776,0.7559383230520755,0.8549834856112716,0.9465314803413803
FOODS_3_066_TX_3_validation,2.7127736761696606,2.5911896265791206,2.524291811651779,2.610816630640415,2.841322663260553,3.501494193486528,3.7981522606600278,3.0147482148663687,2.6842586789143454,2.676291041034481,2.7624783197967697,2.9817597198677976,3.501494193486528,3.561603197019999,2.92856093610408,2.6842586789143454,2.610816630640415,2.605535274604037,2.7436091010771944,3.259490649360584,3.408020564768939,2.7487022692527074,2.5175321684529535,2.580611254175702,2.600273240459317,2.7470346385500104,3.344551148293795,3.4641911119475384
FOODS_3_067_TX_3_validation,0.8905048114949633,0.8781918450248452,0.8783667946336399,0.8925523381145883,0.9216931763323035,1.0559353515281589,1.1774674921443813,0.9993660189563537,0.89531569647903,0.8954906460878247,0.8873480585991655,0.9407227934021586,1.1036167649475837,1.286231457686436,1.1051870419813168,0.9610862405170082,0.9632850319120426,0.9927431382518946,1.037975285566228,1.1036167649475837,1.203217901746939,0.9993660189563537,0.89531569647903,0.8873480585991655,0.8830946637755361,0.9302498345534298,1.0870193116602205,1.186620448459576
FOODS_3_068_TX_3_validation,0.1711078076663104,0.3405389773996093,0.3371724328936366,0.3456459029124694,0.38477904292274234,0.5370676627814995,0.56286438969302,0.6072767910492385,0.5350522038453074,0.5387251016625291,0.571873692768105,0.6175183056047842,0.7725524830540388,0.8501087413651423,0.6790282613062965,0.6598142670870891,0.6562971692137767,0.49300490205090225,0.5592611671797363,0.6295105582795638,0.7068350393756371,0.5622327419798335,0.4831952055471249,0.5093079509955144,0.5093079509955144,0.5894582610304548,0.6697601338950471,0.74786287908002
FOODS_3_069_TX_3_validation,0.2665451258358395,0.49656573115970665,0.5375554053835008,0.5460288754023335,0.5880091417815041,0.6816325981946136,0.8874486678411548,0.9058887680853059,0.8872719182984029,0.8873574224877862,0.9111841862049871,0.9485901318119455,0.9077782275679077,0.9853676191789411,0.8344645482960977,0.7700451004029258,0.7620774625230614,0.7620774625230614,0.8073096098373953,0.7762646138194337,0.83337173425497,0.72412861042567,0.6269284846653109,0.6189608467854465,0.6189608467854465,0.7176194501125117,0.8056920855307356,0.9075546687931552
FOODS_3_070_TX_3_validation,6.657976886334256,6.7400851754971,5.472084251628722,5.597755391859292,6.111032742942752,6.935825217692406,7.837016406315996,6.939342288756018,6.196241641225378,5.799756045020213,5.714951704766925,6.206828058627023,7.76345080257002,8.66396948602459,6.991083562114362,5.5463594813776895,5.276169797171892,5.442376300668113,6.031631544201628,7.024404158045179,7.2118904444749035,6.132248768639134,5.526757893128688,5.422509554371244,5.398623433327021,5.768829956120843,6.715161225818429,7.272294480295416
FOODS_3_071_TX_3_validation,4.563932076347704,3.9775326342673747,3.72744372929739,3.830532522150304,4.1166415591276975,5.0091261026854035,5.392948972969368,4.707830918672563,4.194123332307188,4.0416712405572,4.0416712405572,4.607273046258723,5.741877163754581,5.932225361015143,4.925352706559131,4.469847543391552,4.353717791892286,4.258194413653282,4.568657727129748,5.785126088670293,5.968547701265863,4.961675046809852,4.287526483661954,4.112960290402249,4.135074391911967,4.423423603878715,5.216454800963905,5.7075111356573185
FOODS_3_072_TX_3_validation,1.7435149322597996,1.5430306942336527,1.5350630563537884,1.6436094202981604,1.4835794061951202,1.7336281157922673,1.932165593445432,1.6030274767672965,1.3728097538120645,1.3288977915528914,1.2232526005300306,1.2746107043008128,1.4748443238846043,1.7171000656114765,1.3372487879950796,1.1489240283027562,1.1449414904146311,1.1915702379228714,1.2429283416936536,1.5839658142259432,1.7373634050936895,1.5687276642611332,1.4092587674172554,1.3687723426308982,1.3687723426308982,1.4097327365337202,1.6516607265044034,1.8268468795428405
FOODS_3_073_TX_3_validation,0.025168559336970375,0.4875324324384791,0.37107161851895815,0.30810817523825224,0.3188510730392522,0.5142241058230604,0.5800582488896228,0.6093241521977436,0.5385123582144751,0.5327998997273351,0.5327998997273351,0.6449922048127257,0.7816567399076761,0.8145532266714496,0.6609494761883853,0.6593768832409063,0.6526204205761639,0.6457579298786035,0.536812703102683,0.6295105582795638,0.7068350393756371,0.5622327419798335,0.4831952055471249,0.5093079509955144,0.5093079509955144,0.5894582610304548,0.6697601338950471,0.74786287908002
FOODS_3_074_TX_3_validation,1.995350403100805,1.795591797939227,1.7876241600593628,1.8007887673648622,1.7852622790050618,2.2028693750505246,2.3288142631698054,2.063800681995035,1.8585856803977412,1.8506180425178769,1.8506180425178769,1.9326866350618641,2.318506755878082,2.4464415724361226,2.0954249678609984,1.8882200378249452,1.8802523999450809,1.8382220602055883,1.9780690776032863,2.207196410994494,2.333141299113775,2.0472032287076707,1.841988227110378,1.8340205892305137,1.7533763734117542,1.8302078293895943,2.207196410994494,2.333141299113775
FOODS_3_075_TX_3_validation,0.3768651178034515,0.3922335360006709,0.47880693058226914,0.4887992323748267,0.5492744305225272,0.6512202521169481,0.7620385496710745,0.7914973614475695,0.7124598250148609,0.7127112869904009,0.7466476747772863,0.7903408051763491,0.7197463931903555,0.7956465280238756,0.670360581926985,0.61011605989226,0.583355407614412,0.583355407614412,0.6285875549287459,0.7197463931903555,0.7983967201542688,0.670360581926985,0.5913230454942764,0.6021484220123956,0.6021484220123956,0.6537200352510516,0.7480641585429295,0.8338319493675139
FOODS_3_076_TX_3_validation,6.87437805999295,5.8750938776982915,6.130873657895544,6.11193268269111,6.628273497312091,8.077870293403555,8.442469047969137,6.636730316264262,6.066558511999071,6.061234615464167,6.061234615464167,6.627295930183243,8.100224012217865,8.673113898184102,7.099394461412468,6.210754078125221,6.169103437606342,6.169103437606342,6.662346825260609,7.982130533258991,8.650760179369792,7.157324549919875,6.210754078125221,6.1725289750791585,6.1725289750791585,6.665772362733425,8.174457777152748,8.747347663118985
FOODS_3_077_TX_3_validation,3.0575139010331136,3.072527402411741,3.104889686518147,2.915554953929305,3.2460183004043675,3.848022362232366,4.0859919359376535,3.4117304703478677,3.1393635217864166,3.1555665878654335,3.1348214213793684,3.335188044528901,4.027899060440303,4.238872827790012,3.4949123986912722,3.2114045517340877,3.2068624513270394,3.1430908936696764,3.2399221771369886,3.888204020906061,3.9759336360868174,3.245598631883572,2.9411395263846285,2.9365974259775802,2.88829472102236,3.2047725861929655,3.7153028862149178,3.932354934941121
FOODS_3_078_TX_3_validation,0.129025878580382,0.29605662429926655,0.27622227347901507,0.29616917456585057,0.330324504107255,0.4363243519367836,0.56286438969302,0.5759424311192547,0.5350522038453074,0.5327998997273351,0.5293397453581674,0.6175183056047842,0.7541828406997346,0.8501087413651423,0.6790282613062965,0.6044641567225009,0.6548728229512235,0.49300490205090225,0.527697810030063,0.6295105582795638,0.6591754758211157,0.5412086241653334,0.4831952055471249,0.47643874288238236,0.47643874288238236,0.5545400983098483,0.6697601338950471,0.7414587977534924
FOODS_3_079_TX_3_validation,3.0845197884276336,2.6562903925347574,2.648322754654893,2.567079291702635,2.7588336805079887,3.466537396313788,3.7095279499789147,2.8672879966850897,2.770445957676634,2.676291041034481,2.610816630640415,2.7758482528664876,3.344551148293795,3.527545103577049,2.857805169673637,2.618784268520279,2.676291041034481,2.676291041034481,2.841322663260553,3.415306914724239,3.5930195139711154,2.857805169673637,2.6048153408663652,2.596847702986501,2.577185716702886,2.7436091010771944,3.349832504330173,3.5930195139711154
FOODS_3_080_TX_3_validation,10.477924367783613,9.123833109150407,9.049523404737295,8.98423706101241,9.9682360503571,11.771067098708926,12.200700131668642,10.19715919852351,9.123833109150407,9.049523404737295,9.049523404737295,9.9682360503571,11.771067098708926,12.200700131668642,10.19715919852351,9.123833109150407,9.049523404737295,9.049523404737295,9.9682360503571,11.771067098708926,12.200700131668642,10.19715919852351,9.071081746811892,8.99677204239878,8.844508213945767,9.86279748687969,11.590227398849777,12.02857863169325
FOODS_3_081_TX_3_validation,0.27003331597540847,0.4469180143484057,0.46939939528007385,0.46173791418849935,0.3950813626711131,0.4931086474169433,0.6196498284621024,0.6256464334035426,0.5966636406874741,0.5899071780227317,0.6068225871303785,0.6621240210162139,0.8055361439586278,0.9190265557751678,0.7631152861257278,0.6630536318785191,0.49300490205090225,0.5140290198654024,0.5382370493652362,0.6519590223566171,0.7607283653032693,0.5622327419798335,0.5160644136602568,0.5093079509955144,0.544226113716121,0.5894582610304548,0.6761642152215747,0.7666558934780037
FOODS_3_082_TX_3_validation,0.10096576248917655,0.35860482108430686,0.29963470521941954,0.28469574349784776,0.3188510730392522,0.462236926708683,0.5493628903492528,0.5624409317754875,0.5385123582144751,0.5327998997273351,0.5327998997273351,0.5655990018904844,0.744797484395373,0.8317390990108381,0.6793191185426894,0.613141665948938,0.6457579298786035,0.491580555788349,0.536812703102683,0.630934904542117,0.6692447623926172,0.5412086241653334,0.4621710877326235,0.47643874288238236,0.47643874288238236,0.5545400983098483,0.6348419711744405,0.7414587977534924
FOODS_3_083_TX_3_validation,1.1049214563081482,0.9736551179894753,0.8887983968988943,0.9828265385851228,1.0301895620427572,1.1650526864947264,1.3147100022092775,1.0075086064450127,0.9034582839676891,0.8954906460878247,0.9531186026371438,0.9407227934021586,1.1036167649475837,1.286231457686436,1.0075086064450127,0.9034582839676891,0.8873480585991655,0.8873480585991655,0.9325802059134994,1.1036167649475837,1.203217901746939,1.0777995795297695,0.9883147938194705,0.9803471559396061,0.9761456849645311,1.0308544295194288,1.234228287082873,1.3788643832759995
FOODS_3_084_TX_3_validation,0.8332353244461949,0.7122105059064123,0.7368346521288511,0.746826953921409,0.7982064776893205,0.9871683578756607,1.0669648280573754,0.9366560479964955,0.8326057255191726,0.8246380876393081,0.7620774625230614,0.869870234953642,0.9879579820799829,1.0073793643672662,0.8564762934844219,0.7480333552146017,0.7320125752654896,0.7320125752654896,0.7772447225798235,0.8857664823795836,0.9853676191789411,0.8564762934844219,0.7700451004029258,0.7400657173347372,0.7620774625230614,0.7968366509886665,0.9713605287926197,1.1121191746875543
FOODS_3_085_TX_3_validation,1.1995259855849365,1.0020676104576527,1.026590787273589,1.0420826376254715,1.0934407413962537,1.298893408119957,1.4452499668773644,1.236818088720698,1.0885219658735859,1.0805543279937215,1.0805543279937215,1.1257864753080553,1.3456488300780087,1.4452499668773644,1.236818088720698,1.092507065865325,1.0805543279937215,1.0721434456731722,1.1192986164510657,1.3332528477657202,1.4328539845650758,1.2244221064084095,0.9913475021754201,1.0172014527483066,1.0673824121791742,1.122091156734072,1.2822959548325938,1.3818970916319495
FOODS_3_086_TX_3_validation,12.910416814090507,10.246187876018691,10.539292400810313,10.311753823090708,11.550178756574317,13.445719297258222,13.358843794270639,10.863432939049732,9.917872423735096,9.807625133537151,9.807625133537151,10.911010175565767,12.378579059192145,12.75387098775664,10.620298367678634,9.783135946796785,9.69613890335543,9.621487672457613,10.584047728441643,12.246590448582642,12.579580791600034,10.620298367678634,9.741649162538108,9.642609687739652,9.642609687739652,10.588540128095522,12.241036679635272,12.574027022652663
FOODS_3_087_TX_3_validation,4.014721947877118,3.384580701425984,3.433518672358028,3.494162366588397,3.6761877940145773,4.8696064544644955,4.8399580150209225,4.032289085963843,3.4078360310350018,3.3249423824303275,3.3249423824303275,3.5862992859914526,4.40320456373442,4.698654197598962,4.082208707894017,3.4759440399990615,3.5180198151091178,3.4714019395920133,3.76852641314617,4.530731882804392,4.985673721124781,4.032289085963843,3.4078360310350018,3.402813504215258,3.402813504215258,3.6533201022523105,4.40320456373442,4.533090554828653
FOODS_3_088_TX_3_validation,0.33147309386297547,0.3453953421485341,0.3922603930596927,0.39286733854788863,0.41703036629673523,0.4931086474169433,0.56286438969302,0.6256464334035426,0.5781935329112603,0.5714370702465179,0.6068225871303785,0.6429398413720924,0.7954668573871263,0.8814362787921479,0.7631152861257278,0.5207854825301448,0.5140290198654024,0.5140290198654024,0.5921303752928684,0.6848282304697492,0.7231380883202492,0.630020112813572,0.5573866577073909,0.5494190198275265,0.5682120342255101,0.6029712226911152,0.6761642152215747,0.7666558934780037
FOODS_3_089_TX_3_validation,1.7928718741505028,2.1630273865572645,2.1550597486774,1.7868907631937996,1.543997138033826,1.841762256017887,1.8927887349665355,1.5435130402965067,1.4063582169597886,1.3324098373901079,1.324005830244244,1.3771789525439029,1.4924314150802203,1.6482516483022238,1.5228072258558856,1.4059819135960945,1.3819442584454456,1.4307708958023915,1.4853118338620306,1.7634417839211125,1.9854744040764547,1.7807038012953893,1.6729821060705474,1.6803139143996482,1.5557079475136575,1.5598105091989534,1.8445436962653867,1.9316686757351362
FOODS_3_090_TX_3_validation,64.03857418052502,56.499342285244225,57.23325704538917,59.972898583273256,69.05958299657567,92.05208703029373,88.30981368213227,62.58728764164963,57.506037021944486,53.81209069291894,58.816384989673864,71.5132034440089,83.87770409206892,81.16636587648524,58.693427065711425,57.52325234518387,52.60976745168341,57.55962737038792,70.01041733824528,82.4186896079765,79.68735816997999,57.788777585318584,54.44728071385125,53.25364951752277,57.285172328324826,68.10335445646567,83.7967703047585,79.87467426600958
FOODS_3_091_TX_3_validation,0.7933945069177456,0.723540406295859,0.6621463124032635,0.6621463124032635,0.9359417046226046,0.8387365287621107,0.9773144771096934,0.7874345946786249,0.694540484158991,0.6930357637172644,0.7320125752654896,0.7852978646490711,0.8857664823795836,1.0073793643672662,0.8564762934844219,0.7700451004029258,0.7620774625230614,0.7620774625230614,0.7852978646490711,0.9077782275679077,1.0073793643672662,0.8440803111721333,0.7576491180906373,0.7496814802107729,0.7454800092356981,0.8036142912634121,0.8911807742805444,0.9907819110799027
FOODS_3_092_TX_3_validation,0.10096576248917655,0.35860482108430686,0.37107161851895815,0.30810817523825224,0.3188510730392522,0.45946787861866495,0.5800582488896228,0.5624409317754875,0.5385123582144751,0.5327998997273351,0.5327998997273351,0.6449922048127257,0.7816567399076761,0.8145532266714496,0.6609494761883853,0.6593768832409063,0.6526204205761639,0.6457579298786035,0.536812703102683,0.6295105582795638,0.7068350393756371,0.5412086241653334,0.4831952055471249,0.47643874288238236,0.5093079509955144,0.5545400983098483,0.6697601338950471,0.74786287908002
FOODS_3_093_TX_3_validation,2.160777389771335,1.9177962990255952,1.979312507483597,2.007294434866658,2.1416201320231782,2.4403012747019064,2.539817865010994,2.1798299943705697,1.9059094246728787,1.9399721265325052,1.8979417867930144,1.9924063616492902,2.190473392738235,2.316418280857516,1.9147791010731556,1.7655454822666932,1.7575778443868288,1.7575778443868288,1.8302078293895943,2.126552195175734,2.211918022878827,1.925979952472723,1.720764950875432,1.7968670662871427,1.7968670662871427,1.8761334557517177,2.1666173505783055,2.2925622386975864
FOODS_3_094_TX_3_validation,1.1737937708707324,0.9900861626538763,0.9483652761350304,0.9483652761350304,1.023240810795503,1.2438703520471746,1.4038506890090712,1.108219750337267,1.0037434844877087,0.8985233544437746,0.9561513109930939,0.9437555017581085,1.1066494733035335,1.203217901746939,1.0075086064450127,0.9034582839676891,0.8954906460878247,0.8954906460878247,0.9407227934021586,1.1036167649475837,1.286231457686436,1.1051870419813168,0.9610862405170082,0.8954906460878247,0.8954906460878247,0.9878777911027494,1.1974203300512642,1.3338294238822284
FOODS_3_095_TX_3_validation,0.33439821894971633,0.34392889555837886,0.41045176270558315,0.4204440644981409,0.4953811045948949,0.5193566592628066,0.6509647030387551,0.6421088590940984,0.5988127296250244,0.5977076940577585,0.6068225871303785,0.6520547344447124,0.7954668573871263,0.9208415743040446,0.7420911683112277,0.6630536318785191,0.49300490205090225,0.49300490205090225,0.5382370493652362,0.6519590223566171,0.7607283653032693,0.5951019500929654,0.5509825763808633,0.544226113716121,0.5494190198275265,0.6029712226911152,0.6761642152215747,0.7666558934780037
FOODS_3_096_TX_3_validation,0.8905048114949633,0.8863344325135043,0.8783667946336399,0.8412674848241043,0.8704083230418195,1.0129122763008418,1.1632819486634325,1.0075086064450127,0.89531569647903,0.8583913362782891,0.8873480585991655,0.9407227934021586,0.9603484975230646,1.140129388834494,0.9704092966354785,0.8663589741581535,0.8583913362782891,0.8583913362782891,0.8410628584763763,0.9879579820799829,1.140129388834494,0.9704092966354785,0.8663589741581535,0.8583913362782891,0.7958307111620424,0.8593972761049132,0.8953822452556192,1.0709616655919763
FOODS_3_097_TX_3_validation,1.8820693324004416,1.6818256087670342,1.6716698537671062,1.6436094202981604,1.656785913721179,1.9148737258694966,2.0495920193818047,1.9425774057600862,1.737362404162795,1.7976429997894015,1.8354718685538196,1.9706313673623426,2.3358010167232184,2.4422401014610475,2.151308360683563,1.9460933590862697,1.8814663948815817,1.9391961930302464,1.9991840019240357,2.2669161375819193,2.499969899609713,2.1069229552950968,1.901707953697804,1.8971658532907556,1.8971658532907556,1.8933530934498353,2.126552195175734,2.252497083295015
FOODS_3_098_TX_3_validation,0.46149571859841354,0.47686413679563255,0.518174689891195,0.5237173950954345,0.565108345936495,0.6949577085140319,0.770857843347552,0.8166944571720808,0.7613832200818175,0.6189608467854465,0.6189608467854465,0.6641929940997804,0.7646616118302928,0.9176892046423806,0.713359677746807,0.6269284846653109,0.6189608467854465,0.6189608467854465,0.6473805693267295,0.7224965853207487,0.7983967201542688,0.670360581926985,0.61011605989226,0.6021484220123956,0.6189608467854465,0.6473805693267295,0.7508480636212851,0.847665295342286
FOODS_3_099_TX_3_validation,9.967724042980578,8.20720195384165,7.660516684656073,7.660516684656073,8.29613855426571,10.38632123084752,11.099383924317898,9.224703631349893,8.147325457647261,8.010273918595262,8.010273918595262,8.761550970848326,10.664987206432679,11.1830285031662,9.363837100229915,8.27342294984786,8.136371410795876,8.136371410795876,8.843019839509713,10.607322606214044,11.26449737182759,9.4453059688913,8.228794326308648,8.091742787256662,8.091742787256662,8.716922347309113,10.525853737552655,11.1830285031662
FOODS_3_100_TX_3_validation,0.7861985047653786,0.7890527207472361,0.766899539386423,0.746826953921409,0.7982064776893205,0.9853533393467839,0.9881337754524637,0.9977568154589714,0.7700451004029258,0.7620774625230614,0.7620774625230614,0.8073096098373953,0.9077782275679077,1.0875591188793394,0.8564762934844219,0.7480333552146017,0.7620774625230614,0.7620774625230614,0.8073096098373953,0.9077782275679077,1.0073793643672662,0.8564762934844219,0.7700451004029258,0.7400657173347372,0.7620774625230614,0.7968366509886665,0.9713605287926197,0.9907819110799027
FOODS_3_101_TX_3_validation,2.7169751471447356,2.3474530222721235,2.322578167337973,2.322578167337973,2.5205379702933324,3.1001033635814106,3.310485951694791,2.666302814582305,2.396953357836255,2.3573186635525323,2.303922245596061,2.457906755274362,3.068503789704652,3.1303932528096308,2.3755103006832465,2.0435681980566387,2.0850862507256838,2.0258016670852865,2.180076920331101,2.6234660320316876,2.756950741963986,2.3504554382962293,1.9986646194591575,2.0436082096010186,2.060233979069751,2.1650235417666557,2.5965986482085768,2.8607259812402135
FOODS_3_102_TX_3_validation,0.47826546002081743,0.43167006731937974,0.46624026637717875,0.43490590644719523,0.4953811045948949,0.5895264101542893,0.8499781512640865,0.6848160701928027,0.6135790497951209,0.61689187370188,0.61689187370188,0.6621240210162139,0.8659655572850246,0.7607283653032693,0.6326922270759855,0.5536546906432769,0.5818163906991408,0.5818163906991408,0.6270485380134747,0.7224965853207487,0.7644603323673833,0.6364241941400995,0.5761796721053746,0.5682120342255101,0.5682120342255101,0.6029712226911152,0.7178090608998425,0.8188277635959181
FOODS_3_103_TX_3_validation,0.5363183720132604,0.6547659607983641,0.6658023159612065,0.679012610626816,0.7016905314063933,0.7422215910640937,0.9138565147197328,0.8748369263808046,0.8436472078409166,0.7822531139483209,0.6331463902663954,0.6641929940997804,0.8180880678430241,0.9318747481233293,0.7275452212277558,0.6803549406780423,0.6788502202363157,0.6189608467854465,0.6473805693267295,0.7412895997187323,0.8504294026548772,0.713359677746807,0.6269284846653109,0.6723873027981778,0.6599913204858893,0.7071464912637829,0.8056920855307356,0.9075546687931552
FOODS_3_104_TX_3_validation,0.8372307045696215,0.7547945918012734,0.7013872249350459,0.7013872249350459,0.7509022279032465,0.8777133403103359,0.9383376655614671,0.7874345946786249,0.7010034015971288,0.6788502202363157,0.7178270317845409,0.7240823675506496,0.8635277968293872,0.9711820756979913,0.820279004815149,0.7558595569219771,0.7620774625230614,0.7620774625230614,0.8593972761049132,0.8953822452556192,0.9949833820549775,0.8220685659838092,0.7356373729023131,0.719616592953201,0.723468264047374,0.7781770086022719,0.8911807742805444,0.9907819110799027
FOODS_3_105_TX_3_validation,0.4448156819582555,0.4307830632379986,0.4532644441696667,0.46173791418849935,0.5528582333131496,0.6399221023877496,0.770857843347552,0.8166944571720808,0.7595682015529407,0.753415582201953,0.76544068917527,0.6641929940997804,0.7632440459335736,0.7983967201542688,0.6891535963249686,0.5913230454942764,0.5818163906991408,0.583355407614412,0.6473805693267295,0.7412895997187323,0.8171897345522524,0.670360581926985,0.5885728533638832,0.583355407614412,0.6021484220123956,0.6473805693267295,0.7508480636212851,0.847665295342286
FOODS_3_106_TX_3_validation,1.5621940662288443,1.216957641474212,1.05280652637998,1.1558610411482166,1.2052231072339235,1.4567122379841568,1.8189098070874485,1.48644578374641,1.2963060055252098,1.2923234676370847,1.255678217098837,1.3556067613565477,1.4101352049730815,1.4629809198143855,1.301304463615771,1.0880733349331613,1.1268611190113487,1.0420826376254715,1.1314638008240792,1.3960399335615383,1.4038506890090712,1.1900626667626464,1.0885219658735859,1.0805543279937215,1.0805543279937215,1.1192986164510657,1.3937604957021683,1.493361632501524
FOODS_3_107_TX_3_validation,2.0885918434661876,1.9177962990255952,1.8848741909456872,1.9254532513618738,2.046034662051618,2.446929818252923,2.4783433581298637,2.167540676760713,1.9623256751634177,1.9543580372835534,1.910337769105303,2.0028793204980198,2.283513590869284,2.4094584789885647,2.1235204085824613,1.9183054069851673,1.8296935532865426,1.7575778443868288,1.8268557265876646,2.130753666150809,2.25669855427009,2.0472032287076707,1.7613440112916185,1.7533763734117542,1.8340205892305137,1.9394642753366096,2.207196410994494,2.252497083295015
FOODS_3_108_TX_3_validation,1.4592908175735861,1.1810133170949033,1.1915702379228714,1.1915702379228714,1.2429283416936536,1.4103579489895315,1.5603501892724168,1.3878626354950592,1.1995378758027357,1.1268611190113487,1.1268611190113487,1.1782192227821309,1.3960399335615383,1.495641070360894,1.2872091922042277,1.0500502755053358,1.0420826376254715,1.0024581020107217,1.0115498875823272,1.2170504916945777,1.3534595855255418,1.1326317250565867,1.025169090628171,1.0673824121791742,1.0673824121791742,1.122091156734072,1.3290513767906456,1.4286525135900012
FOODS_3_109_TX_3_validation,8.757282192207951,7.5244890479609285,7.48631364145423,7.257113058269907,9.097511626088242,9.210401666508844,8.870999672301693,7.28263518169027,6.217705603676556,5.875110714563418,5.992027405514893,6.307709906921475,7.683454261239662,8.323966998000813,7.343966301641918,6.176597881323608,6.157826434234771,6.157826434234771,6.627295930183243,8.37999766178435,9.399143873506965,7.8410503857921965,7.101684900212808,7.117454372245047,6.790616693792336,7.375163587729941,9.166092216090236,9.391994785648489
FOODS_3_110_TX_3_validation,0.5279740276815508,0.5685937620166744,0.518174689891195,0.5826640630998795,0.593011886919611,0.7057645233225565,0.7630573273125252,0.7901009267390703,0.7715933085262576,0.7804380954194441,0.7804380954194441,0.8274852612626548,0.9786681467587003,1.0924548270390049,0.8874208775885444,0.7868401346274588,0.6183304217151132,0.6371234361130971,0.682355583427431,0.7774295894145224,0.8642627486296492,0.7667861337595383,0.6803549406780423,0.6189608467854465,0.6723873027981778,0.7071464912637829,0.8079535319937987,0.9075546687931552
FOODS_3_111_TX_3_validation,0.7197897296859863,0.6125224515961177,0.6030157968009822,0.61235532975128,0.8438328320614286,0.9319379095898862,1.0105882365537988,0.8318378305609826,0.752800294128274,0.8004157032759714,0.6331463902663954,0.682355583427431,0.7774295894145224,0.8642627486296492,0.7667861337595383,0.6269284846653109,0.6723873027981778,0.6723873027981778,0.7176194501125117,0.824550985281162,0.9631289336287436,0.8078830225028605,0.7133986873521168,0.7012295784971776,0.7012295784971776,0.7674170025941393,0.8549834856112716,0.9607170238223289
FOODS_3_112_TX_3_validation,2.056026247240781,1.7050571306860567,1.7386014163878132,1.7699738266991174,1.8970484120238187,2.250168861934231,2.2285154761661916,1.9831564661762746,1.8585856803977412,1.8382220602055883,1.8382220602055883,1.980059006042046,2.376380077139406,2.502324965258687,2.2238811362543434,2.0552987762226045,2.050756675815556,2.0673824452842884,2.155546238512461,2.4934770759270974,2.6487849188827015,2.276452396627231,1.9008430270731478,1.8963009266660993,1.8971658532907556,2.041214341663529,2.376014939929192,2.3928610257012
FOODS_3_113_TX_3_validation,1.1962537391603159,1.0045277515088025,1.1094140956922622,1.0672764343412806,1.0964172725589958,1.3516964961472278,1.6005105645414517,1.382430572789214,1.2981412059632507,1.1268611190113487,1.1268611190113487,1.1782192227821309,1.3960399335615383,1.495641070360894,1.240453770246176,1.0500502755053358,1.0126245312856204,0.9957758466078438,1.041007993922178,1.253858448726186,1.3534595855255418,1.1450277073688753,0.9742853781478579,0.9663177402679934,0.9561513109930939,1.0013834583074284,1.2046545093822891,1.3368621322381786
FOODS_3_114_TX_3_validation,0.9462906866969923,0.85556025953115,0.8902356163647884,0.8783667946336399,0.9337894051157742,1.18663032088708,1.203217901746939,1.0075086064450127,0.89531569647903,0.8583913362782891,0.7958307111620424,0.8410628584763763,0.9383367523347383,1.0599496343224204,0.8344645482960977,0.7480333552146017,0.7620774625230614,0.7620774625230614,0.7852978646490711,0.9077782275679077,1.0073793643672662,0.8564762934844219,0.7700451004029258,0.7620774625230614,0.7496814802107729,0.8001887537905961,0.9713605287926197,1.0709616655919763
FOODS_3_115_TX_3_validation,1.9281419937785753,1.7475359646608086,1.7395683267809443,1.5838896937107343,1.6162068533049918,1.9913617223544222,2.045653231193628,1.7443604576217844,1.5278454924352824,1.5612144485598762,1.5612144485598762,1.67054860015338,2.0500641986908104,2.1760090868100916,1.8900710164039876,1.6848560148066967,1.7127973129955676,1.6814249026842634,1.7513215626056657,2.0859731347595463,2.211918022878827,1.925979952472723,1.720764950875432,1.7162228504683834,1.6433385165754584,1.666244111047755,1.9811762740999743,2.03378634545022
FOODS_3_116_TX_3_validation,1.6080215681983314,1.4235690047917104,1.3113107003572755,1.2438667770657592,1.3922909228338145,1.5963617965382317,1.7750979906549418,1.3412338879868189,1.213633147214279,1.2424622830480228,1.3113107003572755,1.3626688041280577,1.6887579704663322,1.8909821986910245,1.5898647965350223,1.4092587674172554,1.3454724980495583,1.3630595892451742,1.3042866219676217,1.6184885667203734,1.7760876285631948,1.5569690235481681,1.3386252093290854,1.2981387845427281,1.1924935935198673,1.2533282945312134,1.4582468705972411,1.6316541950148606
FOODS_3_117_TX_3_validation,11.252810597102675,9.674780209566961,9.58584340027915,9.876812144198507,10.960532965268063,12.337092274933468,12.825446623958161,10.634831842464195,9.674780209566961,9.51520709450332,9.567958456841835,10.48667110246164,12.092993005551723,12.522626038511438,10.511942630448813,9.674780209566961,9.567958456841835,9.567958456841835,10.48667110246164,12.092993005551723,12.522626038511438,10.563343614590039,9.72618119370819,9.619359440983063,9.619359440983063,10.565289881338932,12.241036679635272,12.574027022652663
FOODS_3_118_TX_3_validation,2.4386745170668807,2.109036076782447,2.1204556634323337,1.9823181228858873,2.1123805853228834,2.482060211850519,2.6080050999698,2.2930498499145955,2.015262072746522,2.007294434866658,2.056780125415567,2.102607400322998,2.539437484050785,2.8649274522152886,2.4106135385343728,2.1249341797149426,2.0443841431032777,2.0443841431032777,2.1416201320231782,2.5965986482085768,2.9008305204475606,2.4190507204583693,2.1207327087398675,2.0568084415969348,1.9906969815792932,2.1483977722979235,2.4654627585631546,2.5914076466824354
FOODS_3_119_TX_3_validation,0.5993756154631662,0.6083859664648993,0.5453559214185277,0.6145956172000718,0.5958096578165311,0.797463065605702,0.9221344506867475,0.7667861337595383,0.6803549406780423,0.6723873027981778,0.6723873027981778,0.6641929940997804,0.7646616118302928,0.9176892046423806,0.7667861337595383,0.6269284846653109,0.6189608467854465,0.6021484220123956,0.6473805693267295,0.7224965853207487,0.8171897345522524,0.713359677746807,0.61011605989226,0.6021484220123956,0.6189608467854465,0.6641929940997804,0.7522656295180042,0.9010917513550173
FOODS_3_120_TX_3_validation,22.85123897586831,22.28333462299512,21.43165778988971,20.887730608111326,22.908618463114234,29.39020774856378,30.600810557157537,23.792186408227437,21.912983363735204,21.851392718031633,22.243462126087145,25.210706113525838,29.95610167714644,31.278577181500534,24.189834173380696,22.326519054516133,22.264928408812565,22.51794898318344,24.965545359126715,29.884467561078047,31.206943065432142,23.558627060952233,21.88757846361539,21.18595018504111,21.438970759411987,24.029883575912574,28.611575095616416,29.25748698696461
FOODS_3_121_TX_3_validation,2.2180684023009594,1.8860517849586425,1.8781013586441022,1.8761592994253196,2.0116616586010365,2.477036151895879,2.398443793666693,1.9868948099728752,1.837661191166407,1.7699738266991174,1.7699738266991174,1.8373286854363935,2.1431496484630985,2.2690945365823794,1.9831564661762746,1.7779414645789817,1.7699738266991174,1.8382220602055883,1.9099348758931591,2.314305284903007,2.467194571661091,2.0912234968859233,1.9460933590862697,1.8814663948815817,1.9064208650816254,2.1060605479635517,2.376014939929192,2.499969899609713
FOODS_3_122_TX_3_validation,1.043052827421611,0.945798571391249,0.9691040583801125,0.8783667946336399,0.9216931763323035,1.0636808118640768,1.1774674921443813,1.0777995795297695,0.9034582839676891,0.9531186026371438,0.9632850319120426,1.037975285566228,1.2140177833386274,1.203217901746939,1.0075086064450127,0.9610862405170082,0.9531186026371438,0.9632850319120426,0.998350749951479,1.2140177833386274,1.203217901746939,1.0075086064450127,0.9034582839676891,0.8954906460878247,0.8873480585991655,0.9302498345534298,1.0692897788184281,1.186620448459576
FOODS_3_123_TX_3_validation,0.5180985138313692,0.45887644131107486,0.4621122804388907,0.4621122804388907,0.5446067542631766,0.8364987038646999,0.9139243720747476,0.692126626899578,0.6158478203315957,0.6677057524643732,0.6755062684994,0.7207384158137339,0.8970197468692799,0.9729198817027988,0.8309026569594662,0.5913230454942764,0.6021484220123956,0.6021484220123956,0.6641929940997804,0.7646616118302928,0.8642627486296492,0.713359677746807,0.6269284846653109,0.6723873027981778,0.6599913204858893,0.7169615115038503,0.8469303435420239,0.9465314803413803
FOODS_3_124_TX_3_validation,2.9762819973906294,2.7381727753723815,2.5934442016688393,2.6928884943218456,3.043828761175491,3.4835655988596765,3.7746893682769995,3.0752524465007505,2.830950189311015,2.8229825514311506,2.8773800173385338,3.0555038472967144,3.7094801900386623,3.914857152643642,3.1690672620774345,2.8736725690971747,2.6577404814016496,2.6437715537477353,2.782979378061425,3.5278103357327786,3.6741066180285387,2.8630865257100147,2.6048153408663652,2.596847702986501,2.679716578507297,2.9309354794956577,3.344551148293795,3.5930195139711154
FOODS_3_125_TX_3_validation,1.1041723911773638,0.9581479325437716,0.8925523381145883,0.8925523381145883,0.9675426537547555,1.1896630292430304,1.2062506101028894,0.9993660189563537,0.7817866038535829,0.7958307111620424,0.7958307111620424,0.903623483592623,1.0405282520351387,1.0599496343224204,0.8564762934844219,0.7480333552146017,0.7400657173347372,0.7400657173347372,0.8073096098373953,0.8857664823795836,1.0073793643672662,0.8564762934844219,0.820209743206884,0.8122421053270196,0.8122421053270196,0.891706101227719,1.0344490417050654,1.1340501785044212
FOODS_3_126_TX_3_validation,2.491666414109669,2.1193795824658226,2.2050810434105936,2.2177196963096653,2.2855840188993444,2.7789930085006302,3.038290884727507,2.5108573984590743,2.3269773441570107,2.287342649873287,2.287342649873287,2.392454508421116,2.9985650093876446,3.1063991821228267,2.4773288056014833,2.239316780575879,2.174508773331631,2.1854044330658104,2.282640421985711,2.6276675030067627,2.8969581713214154,2.3897615947772977,2.1040822359578675,2.160508409265068,2.1714040689992475,2.325563878799173,2.7959125512134677,3.047401231346033
FOODS_3_127_TX_3_validation,1.4882185946488427,1.2620351790756397,1.4074955770235207,1.3678146035810859,1.4017075688398004,1.6195282796192079,1.7357105732774543,1.4539588085466328,1.3192783382371398,1.1449414904146311,1.1449414904146311,1.1962995941854133,1.4101352049730815,1.495641070360894,1.2872091922042277,1.1388138568829522,1.1915702379228714,1.1915702379228714,1.2429283416936536,1.460749052473061,1.5603501892724168,1.3878626354950592,1.2168968063417094,1.2735761147960232,1.277001652268839,1.3378363532801851,1.6009014755247577,1.6896521200583259
FOODS_3_128_TX_3_validation,0.820225503493111,0.7158177802530482,0.746826953921409,0.7013872249350459,0.7305280631527611,0.8038519971349617,1.2037277297053048,0.9424489258744846,0.8642956687600032,0.8498651134420009,0.6865728462791265,0.7382679110315983,0.8322736113239728,0.9383376655614671,0.7874345946786249,0.7010034015971288,0.7320125752654896,0.7258801738537886,0.7630591790988748,0.8635277968293872,0.9773144771096934,0.8344645482960977,0.7480333552146017,0.7400657173347372,0.7276697350224487,0.7748249058003424,0.8911807742805444,0.9907819110799027
FOODS_3_129_TX_3_validation,0.8506938805760189,0.8647545047697264,0.8643547086622423,0.8279500553368505,1.005659529148313,1.2122967635485726,1.2721411507219504,1.0296950455690754,0.9652755976759048,0.9591229783249171,0.8583913362782891,0.9325802059134994,1.1036167649475837,1.1812868979300726,0.9704092966354785,0.89531569647903,0.8954906460878247,0.8954906460878247,0.9407227934021586,1.18663032088708,1.3136189201379833,1.0777995795297695,0.9588566874796185,0.9761456849645311,0.9466875786246793,1.0342799669922444,1.234228287082873,1.1896531568155262
FOODS_3_130_TX_3_validation,1.3238129389909774,1.1163041981833806,1.1113692686594663,1.1757564310803759,1.2746107043008128,1.4317073961604367,1.5097363417724372,1.3231535165835364,1.134828756891213,1.1268611190113487,1.080105697053297,1.1314638008240792,1.3042495522097157,1.4038506890090712,1.195418810852405,1.0417665439155341,1.0805543279937215,1.0805543279937215,1.1257864753080553,1.298893408119957,1.3984945449193127,1.1900626667626464,1.0417665439155341,1.068158345681433,1.0639568747063584,1.122091156734072,1.3290513767906456,1.4286525135900012
FOODS_3_131_TX_3_validation,2.344926959384473,1.9986389113675584,1.99409681096051,2.0390260976495904,2.1060605479635517,2.5228400307634207,2.756950741963986,2.3504554382962293,2.048150310008067,2.0436082096010186,2.0436082096010186,2.098912081749014,2.5228400307634207,2.7921306990780734,2.4190507204583693,2.1207327087398675,2.128829261231891,2.1161906083328192,2.220980171029724,2.6493418403149955,2.8607259812402135,2.3855601238022226,2.048150310008067,2.0436082096010186,2.060233979069751,2.098912081749014,2.5228400307634207,2.69957346976372
FOODS_3_132_TX_3_validation,1.4654499822632858,1.4695534743480005,1.4502628418664452,1.4127591991111903,1.3894886644806546,1.6443187891647177,1.8315399697132957,1.5911535680311475,1.4514859547237242,1.4075739924645512,1.4075739924645512,1.4589320962353334,1.7267836867977262,1.920813403685205,1.6196960015292023,1.4390899724114357,1.3951780101522626,1.3951780101522626,1.4484591373866045,1.622690037695448,1.8310483505179151,1.5279983347392128,1.411173022479422,1.390976539177188,1.3630595892451742,1.3731350392768744,1.6184885667203734,1.7760876285631948
FOODS_3_133_TX_3_validation,4.23298033530999,3.2036779852935044,3.255094572524838,3.253369706204066,3.590798500800405,4.349663813674536,4.6205362637009975,4.146687272465293,3.4569823088620604,3.3505555375154703,3.5180198151091178,3.7871952265927518,4.40320456373442,4.581713759407931,3.965268269702988,3.377191988841916,3.3539810749882863,3.3539810749882863,3.604487673025339,4.3850161767005345,4.599902146441816,3.8187794009330474,3.214919638266832,3.191708724413202,3.191708724413202,3.4193404693159346,4.078979820910663,4.341366448300397
FOODS_3_134_TX_3_validation,2.506424278968842,2.2654914250416214,2.1549299487153606,2.1604201353998946,2.192214228059045,2.7014261204519188,2.946775230077765,2.49425994517171,2.225316416509316,2.217348778629452,2.217348778629452,2.3221383413263568,2.7959125512134677,3.047401231346033,2.5936010727583856,2.363776308826117,2.2271476717209397,2.2271476717209397,2.3319372344178446,2.8331059903458224,3.0037524799979107,2.4607313523141188,2.0832549955140602,2.075287357634196,2.091913127102928,2.196702689799833,2.7098633023759153,2.8927567003463404
FOODS_3_135_TX_3_validation,8.646947062735007,7.737911569656703,7.603794079358861,7.844346507940376,8.5496663352286,10.229216797439712,10.224735707288845,8.465366678371865,7.406904086833669,7.083254491435718,7.083254491435718,7.70843405148816,9.785928074175718,10.224735707288845,8.458593846661454,7.413263673060626,7.083254491435718,7.083254491435718,7.70843405148816,9.785928074175718,10.224735707288845,8.458593846661454,7.406904086833669,7.101462683044484,7.101462683044484,8.053479921549648,9.785928074175718,10.224735707288845
FOODS_3_136_TX_3_validation,9.87426344872,8.840736240394076,8.861292259981237,8.861292259981237,10.28283278753797,11.751805371537497,12.252101115809866,10.248560182664738,9.175234093291635,9.100924388878523,9.049523404737295,10.019637034498329,11.822468082850154,12.02857863169325,9.880950377090556,8.91881791835888,8.844508213945767,8.844508213945767,9.86279748687969,11.290592562273982,11.767821406394537,9.892567880755397,8.877541979803864,8.803232275390751,8.803232275390751,9.583796039264396,11.311728520874631,11.88397385320672
FOODS_3_137_TX_3_validation,0.4930558649609436,0.4251027441138027,0.47880693058226914,0.4887992323748267,0.5492744305225272,0.6128044557021701,0.7620385496710745,0.7979014427740971,0.739471939268249,0.5682120342255101,0.6189608467854465,0.6641929940997804,0.7632440459335736,0.8642627486296492,0.713359677746807,0.6269284846653109,0.6189608467854465,0.6189608467854465,0.6641929940997804,0.7646616118302928,0.8642627486296492,0.713359677746807,0.5913230454942764,0.6021484220123956,0.6189608467854465,0.6537200352510516,0.7508480636212851,0.847665295342286
FOODS_3_138_TX_3_validation,2.6247790087831624,2.344775949265077,2.322578167337973,2.3272437637756234,2.4641703465078355,2.882406346993131,3.1632579819620186,2.7391992804385654,2.4449762771182324,2.351945164878038,2.419566351007834,2.524355913704739,3.1766696127859366,3.325199528194292,2.733502418807857,2.5175493800182784,2.4381806669377872,2.353117192577457,2.532733367947805,3.1766696127859366,3.176337962439835,2.66210134360723,2.3359115174967964,2.2572016024635975,2.1846284995635514,2.278522402526277,2.8331059903458224,3.0898017288354622
FOODS_3_139_TX_3_validation,1.009334817941366,0.9373059329893839,0.9263055867535696,0.9263055867535696,0.9705753621107054,1.0778663553450254,1.1774674921443813,1.0075086064450127,0.9034582839676891,0.8954906460878247,0.9531186026371438,1.0085171792263778,1.250825740370236,1.3136189201379833,1.1051870419813168,1.0007107761317589,0.9957758466078438,0.9957758466078438,1.041007993922178,1.1896630292430304,1.3166516284939331,1.1326317250565867,0.961889395835569,0.9437553286808054,0.9437553286808054,1.0044290315355275,1.0870193116602205,1.186620448459576
FOODS_3_140_TX_3_validation,0.9752498411504694,0.898704957465576,0.8536380097761762,0.8702242071449807,0.9337894051157742,1.1036167649475837,1.203217901746939,1.0777995795297695,0.971252669791907,0.9531186026371438,0.9632850319120426,0.9407227934021586,1.1036167649475837,1.203217901746939,1.0075086064450127,0.9610862405170082,0.8873480585991655,0.8873480585991655,0.9325802059134994,1.0405282520351387,1.140129388834494,0.9993660189563537,0.8910623016554006,0.8830946637755361,0.874952076286877,0.9336019373553593,1.0870193116602205,1.186620448459576
FOODS_3_141_TX_3_validation,0.38638539806409294,0.39591607467275547,0.4289674419568295,0.4195783330289521,0.4865706897433173,0.5370676627814995,0.6196498284621024,0.6072767910492385,0.5628072025039732,0.581259049072467,0.5985846872491687,0.6351393253370656,0.7725524830540388,0.8577786672991133,0.7388518035197977,0.6612386133496423,0.6562971692137767,0.5140290198654024,0.5592611671797363,0.6848282304697492,0.7956465280238756,0.6676103897965918,0.5913230454942764,0.5682120342255101,0.5682120342255101,0.6248825035046838,0.7288936174064438,0.8005922812648891
FOODS_3_142_TX_3_validation,0.31062523655238505,0.32216933504530515,0.3177910221732013,0.32626449219203413,0.36041982173343856,0.5114782897712478,0.5812340320473244,0.6256464334035426,0.5628072025039732,0.5560507398392308,0.5985846872491687,0.6429398413720924,0.7954668573871263,0.8814362787921479,0.7420911683112277,0.5207854825301448,0.5468982279785345,0.5468982279785345,0.5921303752928684,0.6848282304697492,0.7278591571901372,0.5951019500929654,0.4831952055471249,0.5093079509955144,0.5093079509955144,0.5894582610304548,0.6697601338950471,0.74786287908002
FOODS_3_143_TX_3_validation,0.8291332450824924,0.847420104175092,0.7768918411789808,0.7548800959906566,0.7961171629918425,1.0979579987791142,1.221385899295673,0.9977568154589714,0.7700451004029258,0.7620774625230614,0.7620774625230614,0.869870234953642,0.9077782275679077,0.9773144771096934,0.82641140622685,0.7480333552146017,0.7620774625230614,0.7620774625230614,0.8073096098373953,0.9879579820799829,1.0073793643672662,0.8344645482960977,0.7576491180906373,0.7496814802107729,0.7454800092356981,0.8001887537905961,0.8911807742805444,0.9907819110799027
FOODS_3_144_TX_3_validation,2.4009420430218973,2.0782211361167024,2.089640722766589,2.124753904798861,2.2788207081365948,2.798988763711308,2.9258031122604082,2.293024141822993,2.0503667582525154,2.0918848109215604,2.0918848109215604,2.187197776377901,2.5448434899205834,2.8649274522152886,2.4106135385343728,2.137572832614014,2.12960519473415,2.1169665418350783,2.214202530754979,2.5448434899205834,2.761152212939061,2.4064120675592977,2.190211731003323,2.128829261231891,2.1397249209660703,2.2904591932931795,2.6952865499452,2.9613519825084804
FOODS_3_145_TX_3_validation,0.10372525237676843,0.319469056039671,0.27622227347901507,0.28469574349784776,0.32162012112927024,0.462236926708683,0.5493628903492528,0.5624409317754875,0.5385123582144751,0.5327998997273351,0.5327998997273351,0.5690591562596521,0.744797484395373,0.8317390990108381,0.6793191185426894,0.613141665948938,0.6457579298786035,0.491580555788349,0.536812703102683,0.630934904542117,0.6591754758211157,0.5412086241653334,0.4621710877326235,0.47643874288238236,0.47643874288238236,0.5545400983098483,0.6348419711744405,0.7414587977534924
FOODS_3_146_TX_3_validation,3.511788129160575,3.1601043159930158,2.885701854447407,3.0261389110546517,3.2723757568939837,4.107480398769587,4.094303813693504,3.249800102858647,2.9453409973597036,2.9373733594798392,3.022018008772637,3.118849292239949,3.8331460458092557,4.183619040523092,3.4075289993727926,3.045454499354644,3.08578956643,3.08578956643,3.3134213113327324,3.9764862004002706,4.238872827790012,3.4765712029679197,3.0937572043098642,3.025443546245453,3.025443546245453,3.2530752911481855,3.9764862004002706,4.150786460465914
FOODS_3_147_TX_3_validation,0.5397407496620611,1.5312527927718074,1.573525090531949,1.5598499424554308,1.631076540096938,1.5572789413533406,1.3583190690497475,1.1347492759232587,0.9827704890717632,0.9332646506572647,0.8840038948082742,0.8743102417216227,1.0392895781106035,1.1162172141999005,0.9298669137280231,0.843435720646527,0.8354680827666626,0.8907095573082707,0.7758821729964261,0.8777133403103359,0.9853676191789411,0.8564762934844219,0.7700451004029258,0.7620774625230614,0.8246380876393081,0.8988269572745182,1.03865051268014,1.1340501785044212
FOODS_3_148_TX_3_validation,0.9347788707821176,0.9931188710098264,0.9244905682246928,0.9275232765806427,0.953631406442408,1.0399347895183333,1.1756524736155045,1.1708008736078865,0.9610862405170082,0.9632850319120426,0.9927431382518946,0.998350749951479,1.0816857611307167,1.203217901746939,1.0075086064450127,0.9610862405170082,0.9531186026371438,0.8954906460878247,0.9407227934021586,1.1036167649475837,1.203217901746939,1.0075086064450127,0.9610862405170082,0.8954906460878247,0.9407226203248552,0.9302498345534298,1.0692897788184281,1.186620448459576
FOODS_3_149_TX_3_validation,0.847253950698005,1.2342945199004984,1.067941423075577,1.12292905443624,1.1307751337860448,0.7787692366918482,0.8762596266460555,0.9259603435976859,0.8356352046115003,0.8276675667316359,0.786823122865366,0.8320552701796999,1.0366646116884766,1.1505291819609973,0.9878886548608464,0.9095106038485993,0.9591229783249171,0.7958307111620424,0.903623483592623,1.0816857611307167,1.203217901746939,1.0075086064450127,0.9610862405170082,0.9632850319120426,0.9927431382518946,1.0275023267174992,1.02813226972285,1.1646894446427094
FOODS_3_150_TX_3_validation,17.655053396964473,16.211641729503338,16.212953962019512,16.364751216498945,17.92992751438056,21.43407104080995,22.151042216987538,17.651993586726174,16.097174980543446,15.982324253914351,16.235344828285193,18.192559299895127,21.399993385815897,22.167876951378027,17.651993586726174,16.097174980543446,15.982324253914351,16.235344828285193,18.178160817468843,21.416828120206386,22.167876951378027,18.41738863229504,16.803403173704904,17.00581622724115,17.6519825441376,18.372783441320212,21.71257582444396,22.23323234039441
FOODS_3_151_TX_3_validation,4.674565813749059,4.525200279532812,4.385214171169208,4.104532455298113,4.278764417369545,5.094477211033315,5.760711848184826,5.180522760857126,4.587555539755117,4.583013439348071,4.619335779598793,4.938620085533977,5.9028340850338585,6.469321779039603,5.357673999255488,4.850312745648802,4.699235180062567,4.699235180062567,5.000828886842026,6.037491205721534,6.369574820921312,4.998533727206511,4.570625207541244,4.546933303143867,4.42381328140255,4.586366603536074,5.707311586837617,5.968547701265863
FOODS_3_152_TX_3_validation,2.282401620202405,2.1306673894671695,2.1742568069130943,2.1016837040130483,2.1377120858289915,2.3578471368291747,2.5165673528970776,2.1913610500582044,1.917440480360511,1.9419620549712648,1.9669165251713085,2.034436701388784,2.3782264824655073,2.3970624966762752,2.1551446944484236,1.9748841630511729,1.9978454477938286,2.04733113834274,2.0675046168931397,2.4009694101292354,2.562044691846112,2.2836008628417686,2.005813085673692,2.050756675815556,2.0012709852666433,2.0709301543659557,2.2669161375819193,2.499969899609713
FOODS_3_153_TX_3_validation,1.158043251721846,1.0051003188136023,1.0126245312856204,1.0126245312856204,1.041007993922178,1.253858448726186,1.3136189201379833,1.1450277073688753,0.9641189488729583,0.9663177402679934,0.9663177402679934,1.041007993922178,1.253858448726186,1.3534595855255418,1.0808322878857197,1.0037434844877087,0.9957758466078438,1.0337989060356698,1.0115498875823272,1.2414624664138973,1.3410636032132532,1.128430254081512,0.9871460312003457,0.9826039307932973,0.9826039307932973,1.0373126753481947,1.2372609954388227,1.3368621322381786
FOODS_3_154_TX_3_validation,4.78735798941441,4.163749760225203,3.940137825625966,3.4680007960606853,3.801428624223572,4.828468868737554,5.105760742476053,4.003886042098375,3.4484649071521036,3.440016842859544,3.403589437717517,3.6465424619775653,4.536263629897967,4.96109992418703,4.151696867832779,3.589255033797309,3.6349223861142073,3.8776022766426115,4.188065590119079,4.781541047193349,5.127294478561968,4.390368833256536,3.8331582865431684,3.743498676041908,3.6288106587466857,3.9446039457474242,4.702331038629636,5.048084469998256
FOODS_3_155_TX_3_validation,0.38289481836501066,0.34516442918938206,0.39286733854788863,0.39286733854788863,0.4810458987945067,0.5315244438317216,0.8600192288488083,0.6183358766967673,0.6053411499139111,0.5899071780227317,0.5977076940577585,0.6429398413720924,0.7818785324655932,0.9176022095126146,0.7420911683112277,0.5207854825301448,0.5140290198654024,0.5140290198654024,0.5592611671797363,0.6848282304697492,0.7580562510408557,0.630020112813572,0.5573866577073909,0.5682120342255101,0.5558160519132216,0.6282346063066133,0.6907557586444836,0.8049944176211461
FOODS_3_156_TX_3_validation,1.243404352675635,1.0790501976422038,0.9738300675982704,0.9869662516588388,1.0230081095847814,1.4095253517457755,1.590879220586295,1.2097779063431453,1.1274112160358314,1.053673034117988,0.8985233544437746,0.9437555017581085,1.1896630292430304,1.3166516284939331,1.108219750337267,0.906490992323639,0.8954906460878247,0.9531186026371438,1.0085171792263778,1.18663032088708,1.3136189201379833,1.1419949990129254,1.0263378532472966,1.0214029237233813,0.9833798642955557,1.0719101973032044,1.3290513767906456,1.4286525135900012
FOODS_3_157_TX_3_validation,1.3539584769278725,1.1837240689602402,1.2364804500001594,1.2364804500001594,1.217315454572175,1.460749052473061,1.57444546068396,1.3878626354950592,1.1995378758027357,1.1915702379228714,1.1915702379228714,1.1782192227821309,1.3960399335615383,1.495641070360894,1.2872091922042277,1.134828756891213,1.080105697053297,1.1268611190113487,1.1782192227821309,1.3836439512492498,1.4832450880486054,1.2748132098919391,1.122216403595589,1.1102636657239855,1.1102636657239855,1.1710983667353316,1.3794424802741752,1.4790436170735308
FOODS_3_158_TX_3_validation,0.3442427733124572,0.32216933504530515,0.3177910221732013,0.32626449219203413,0.3430941835567367,0.5114782897712478,0.5812340320473244,0.6421088590940984,0.5781935329112603,0.592056266960282,0.61689187370188,0.6520547344447124,0.8055361439586278,0.8814362787921479,0.7631152861257278,0.6630536318785191,0.5140290198654024,0.5140290198654024,0.5592611671797363,0.6848282304697492,0.7607283653032693,0.630020112813572,0.5160644136602568,0.5093079509955144,0.544226113716121,0.5894582610304548,0.6761642152215747,0.74786287908002
FOODS_3_159_TX_3_validation,0.7536286288385575,0.6805173310685425,0.612375859948475,0.6191232371759468,0.6891978359235005,0.9786681467587003,1.078269283558056,0.8766519449096813,0.8044062953091342,0.7964386574292698,0.6865728462791265,0.6783785375807293,0.7774295894145224,0.8646149461358261,0.713359677746807,0.6803549406780423,0.6723873027981778,0.6189608467854465,0.7176194501125117,0.7646616118302928,0.9176892046423806,0.7732490511976762,0.6868178581161801,0.6723873027981778,0.6664542379240271,0.7559383230520755,0.8549834856112716,0.9465314803413803
FOODS_3_160_TX_3_validation,0.539784833339022,0.3835741795928057,0.38633519112449854,0.3963274929170564,0.45956431370667394,0.5832943764219546,0.8878848037864724,0.678829159214438,0.6053411499139111,0.5985846872491687,0.5899071780227317,0.6348439437814859,0.8203132337225346,0.9176022095126146,0.7388518035197977,0.6612386133496423,0.6773212870282768,0.5468982279785345,0.5921303752928684,0.7197463931903555,0.7956465280238756,0.670360581926985,0.61011605989226,0.6021484220123956,0.6189608467854465,0.6537200352510516,0.7480641585429295,0.9010917513550173
FOODS_3_161_TX_3_validation,0.38289481836501066,0.34516442918938206,0.3963274929170564,0.3963274929170564,0.4716605424901448,0.5221390875273597,0.8416495864945042,0.6072767910492385,0.6053411499139111,0.5899071780227317,0.5977076940577585,0.6520547344447124,0.7818785324655932,0.9176022095126146,0.7420911683112277,0.5207854825301448,0.5140290198654024,0.5468982279785345,0.5921303752928684,0.6848282304697492,0.7956465280238756,0.6364241941400995,0.5573866577073909,0.5682120342255101,0.5558160519132216,0.6282346063066133,0.6907557586444836,0.8049944176211461
FOODS_3_162_TX_3_validation,0.025168559336970375,0.4875324324384791,0.37107161851895815,0.30810817523825224,0.3188510730392522,0.5142241058230604,0.5800582488896228,0.6093241521977436,0.5385123582144751,0.5327998997273351,0.5327998997273351,0.6449922048127257,0.7816567399076761,0.8145532266714496,0.6609494761883853,0.6593768832409063,0.6526204205761639,0.6457579298786035,0.536812703102683,0.6295105582795638,0.7068350393756371,0.5622327419798335,0.4831952055471249,0.5093079509955144,0.5093079509955144,0.5894582610304548,0.6697601338950471,0.74786287908002
FOODS_3_163_TX_3_validation,1.462421435715537,1.348739338168905,1.376680636357776,1.3407717002890407,1.4280387401285581,1.5486505115028681,1.7750979906549418,1.4019579069066024,1.213633147214279,1.2056655093344146,1.2424622830480228,1.293820386818805,1.6174989288121209,1.5677342668159027,1.4019579069066024,1.213633147214279,1.2056655093344146,1.2300663007357342,1.3555479480812584,1.532053058215505,1.7585005373675786,1.5062097725685224,1.3386252093290854,1.2981387845427281,1.2981387845427281,1.3589734855540743,1.4582468705972411,1.5578480073965968
FOODS_3_164_TX_3_validation,0.2922555941980808,0.30617784248363944,0.3782516713064106,0.38824397309896835,0.3950813626711131,0.5498940861860258,0.5812340320473244,0.6421088590940984,0.5910122135899976,0.5899071780227317,0.6068225871303785,0.6426444598165129,0.7818785324655932,0.8713669922206464,0.7420911683112277,0.6616292856159659,0.49300490205090225,0.49300490205090225,0.5382370493652362,0.6519590223566171,0.6902688802071173,0.5951019500929654,0.5160644136602568,0.544226113716121,0.5494190198275265,0.5841782082931316,0.6907557586444836,0.74786287908002
FOODS_3_165_TX_3_validation,0.129025878580382,0.29605662429926655,0.27622227347901507,0.2874647915878658,0.32162012112927024,0.42761996895879884,0.5500947102435383,0.563172751669773,0.544437560149669,0.5387251016625291,0.5293397453581674,0.5690591562596521,0.744797484395373,0.8317390990108381,0.6793191185426894,0.5947720235946339,0.6063852032841957,0.6544354391050407,0.527697810030063,0.6295105582795638,0.7054106931130839,0.5412086241653334,0.4831952055471249,0.47643874288238236,0.5093079509955144,0.5545400983098483,0.6697601338950471,0.7414587977534924
FOODS_3_166_TX_3_validation,1.492913777051401,1.3470937742760898,1.440448704194247,1.3879527737531714,1.4909945619407383,1.7011539527786208,1.9075796519783876,1.632091983841491,1.4235690047917104,1.2232526005300306,1.2600493742436387,1.3802558953236737,1.6858452709873828,1.5893064580032579,1.4019579069066024,1.213633147214279,1.2056655093344146,1.1449414904146311,1.246550654256468,1.3836439512492498,1.5437527359850536,1.371265182207696,1.1829404225153726,1.1749727846355082,1.1749727846355082,1.2358074856468544,1.444151599185698,1.5437527359850536
FOODS_3_167_TX_3_validation,1.571629882260609,1.4350475703012013,1.3781935368860556,1.3781935368860556,1.4323726750432142,1.6990830753072963,1.8587530146214417,1.5403943170515013,1.3728097538120645,1.2600493742436387,1.3288977915528914,1.3626688041280577,1.6174989288121209,1.571719366807642,1.3895619245943138,1.2012371649019904,1.193269527022126,1.193269527022126,1.1858266353366844,1.387629051240989,1.4832450880486054,1.3353208578283873,1.122216403595589,1.1102636657239855,1.1102636657239855,1.1750834667270709,1.3834275802659144,1.5437527359850536
FOODS_3_168_TX_3_validation,1.0018525178200566,0.9175525364854614,0.9558118934717055,1.044704976780739,0.9982448965978277,1.2250753307676778,1.3504268771695915,1.1419949990129254,1.0037434844877087,0.9561513109930939,0.8985233544437746,0.9356129142694494,1.1066494733035335,1.286231457686436,0.9704092966354785,0.8037983490419068,0.7958307111620424,0.7738189659737185,0.8190511132880524,0.9383367523347383,1.0073793643672662,0.8564762934844219,0.7700451004029258,0.8246380876393081,0.8122421053270196,0.8593972761049132,1.0125180378881988,1.1340501785044212
FOODS_3_169_TX_3_validation,1.441919344057453,1.3387736528806724,1.3781935368860556,1.330806015000808,1.4116503072374844,1.765184034828436,1.9249808945041742,1.7455796215896866,1.5697041600158799,1.44351831684386,1.4075739924645512,1.4589320962353334,1.7267836867977262,1.8843827486405476,1.5911535680311475,1.3728097538120645,1.4075739924645512,1.4075739924645512,1.4310151463033196,1.7267836867977262,1.792685081850558,1.5403943170515013,1.2671645627892036,1.2232526005300306,1.2056655093344146,1.283347427970076,1.6009014755247577,1.7585005373675786
FOODS_3_170_TX_3_validation,0.7820052630769877,0.8492351227039687,0.8844097506259292,0.8925523381145883,0.8705275136163281,1.0636808118640768,1.1632819486634325,1.0075086064450127,0.9034582839676891,0.8954906460878247,0.8873480585991655,0.9325802059134994,1.0816857611307167,1.0599496343224204,0.8601646548658313,0.7817866038535829,0.7620774625230614,0.7620774625230614,0.7852978646490711,0.9077782275679077,1.0073793643672662,0.8564762934844219,0.7700451004029258,0.8122421053270196,0.8122421053270196,0.7968366509886665,0.8911807742805444,0.9907819110799027
FOODS_3_171_TX_3_validation,0.29437312978624297,0.35860482108430686,0.29963470521941954,0.28469574349784776,0.3188510730392522,0.5142241058230604,0.5493628903492528,0.6093241521977436,0.5385123582144751,0.5327998997273351,0.5327998997273351,0.6081329493004225,0.744797484395373,0.8317390990108381,0.6793191185426894,0.6044641567225009,0.6457579298786035,0.491580555788349,0.536812703102683,0.630934904542117,0.6902688802071173,0.5622327419798335,0.4831952055471249,0.47643874288238236,0.5093079509955144,0.5545400983098483,0.6697601338950471,0.74786287908002
FOODS_3_172_TX_3_validation,2.469119409140895,2.128423301312198,2.16747628458502,2.1440365281735096,2.2788207081365948,2.7637931580557797,2.916574694009048,2.4581142063526555,2.1724348475332254,2.1085105803902926,2.0918848109215604,2.203823545846633,2.640063485319052,2.977949435795845,2.5568021080892787,2.201541692630487,2.0918848109215604,2.0918848109215604,2.249307216260972,2.7959125512134677,3.1007976493025033,2.49425994517171,2.179371706879112,2.220774316102268,2.2741707340587385,2.3789602967556434,2.7499678415832634,2.9613519825084804
FOODS_3_173_TX_3_validation,0.4158820545754396,0.4043895446915881,0.45177842442812444,0.45177842442812444,0.5178510981709097,0.575064568205235,0.6654265449878094,0.68166332960583,0.6446724541811225,0.670785199629512,0.6726002181583888,0.6849631573595908,0.6848282304697492,0.7956465280238756,0.6326922270759855,0.5885728533638832,0.583355407614412,0.583355407614412,0.6473805693267295,0.7412895997187323,0.8171897345522524,0.6891535963249686,0.61011605989226,0.6021484220123956,0.6065648644731579,0.6570721380529811,0.7466465926462104,0.8338319493675139
FOODS_3_174_TX_3_validation,1.4838592983442798,1.0960234078431133,1.2048062916971778,1.2364804500001594,1.2286103169501554,1.4669312636588976,1.9331359513469701,1.565250174069476,1.2495774715935877,1.2056655093344146,1.2056655093344146,1.2570236131051968,1.4141203049648208,1.57444546068396,1.3271386165752757,1.1388138568829522,1.1915702379228714,1.2213251507741336,1.2429283416936536,1.3960399335615383,1.4996261703526332,1.3519183111157504,1.134828756891213,1.130846219003088,1.1915702379228714,1.2324553828449247,1.5109159259416158,1.7373634050936895
FOODS_3_175_TX_3_validation,0.10372525237676843,0.319469056039671,0.27622227347901507,0.28469574349784776,0.32162012112927024,0.42761996895879884,0.5493628903492528,0.5544683686917882,0.5350522038453074,0.5293397453581674,0.5387251016625291,0.5749843581948462,0.7803529990890656,0.8317390990108381,0.6793191185426894,0.613141665948938,0.6457579298786035,0.6457579298786035,0.527697810030063,0.6295105582795638,0.7054106931130839,0.5412086241653334,0.4831952055471249,0.47643874288238236,0.5093079509955144,0.5545400983098483,0.6697601338950471,0.7414587977534924
FOODS_3_176_TX_3_validation,1.419807180075184,1.1549937392215668,1.199932510892979,1.191528503747115,1.3012082446060882,1.5670341202377016,1.89570611248244,1.4019579069066024,1.1489240283027562,1.1449414904146311,1.1449414904146311,1.2570236131051968,1.4748443238846043,1.5603501892724168,1.3271386165752757,1.1995378758027357,1.130846219003088,1.1915702379228714,1.2429283416936536,1.527513379228979,1.7539608583810526,1.5016700935819964,1.2495774715935877,1.2424622830480228,1.2056655093344146,1.283347427970076,1.6009014755247577,1.8092597883472248
FOODS_3_177_TX_3_validation,0.48356663443416376,0.3453953421485341,0.3922603930596927,0.4022526948522504,0.4862753081877375,0.6030768119969211,0.9139243720747476,0.6848160701928027,0.5966636406874741,0.5990220710953518,0.61689187370188,0.6997142979992338,0.8431264209416477,0.9400506735896679,0.7959844942388599,0.5536546906432769,0.5818163906991408,0.583355407614412,0.6285875549287459,0.7224965853207487,0.7983967201542688,0.670360581926985,0.61011605989226,0.6189608467854465,0.6189608467854465,0.6537200352510516,0.7480641585429295,0.9010917513550173
FOODS_3_178_TX_3_validation,3.070137821469624,2.7502771192880804,2.8014086514845,2.873981754384546,2.757899297620138,3.428310041196082,3.759489517832149,3.0752524465007505,2.8426252754322383,2.7232148917957155,2.8187810804560756,2.9817597198677976,3.693603632942364,3.9223307677897905,3.1648657911023594,2.8131683374627934,2.805200699582929,2.7190134208206405,2.884045043046713,3.613997614495067,3.744862384458982,3.09688794432183,2.6475377206525246,2.648257654390197,2.610816630640415,2.7100803188936506,3.315661196539183,3.5222637475406713
FOODS_3_179_TX_3_validation,0.4382515088060997,0.40203995140419624,0.47226054147012936,0.47226054147012936,0.6648729384065557,0.7625084879140659,0.8416495864945042,0.678829159214438,0.5966636406874741,0.5899071780227317,0.6530578044223467,0.6997142979992338,0.8431264209416477,0.9418656921185447,0.6326922270759855,0.5885728533638832,0.5818163906991408,0.5818163906991408,0.6270485380134747,0.7224965853207487,0.8171897345522524,0.713359677746807,0.6269284846653109,0.6065648644731579,0.6557898495108145,0.7139241315385285,0.8014906145556608,0.9010917513550173
FOODS_3_180_TX_3_validation,0.26515358554103524,0.284703780056173,0.34815635368022696,0.3581486554727847,0.330324504107255,0.4931086474169433,0.56286438969302,0.6183358766967673,0.544437560149669,0.5560507398392308,0.5638512558742572,0.6429398413720924,0.7954668573871263,0.8731820107495232,0.5787989011483533,0.5207854825301448,0.5140290198654024,0.47643874288238236,0.5216708901967164,0.6143687453735972,0.6692447623926172,0.5622327419798335,0.5160644136602568,0.5093079509955144,0.544226113716121,0.5545400983098483,0.6697601338950471,0.7414587977534924
FOODS_3_181_TX_3_validation,1.0946990415706954,1.0526726146606034,1.044704976780739,1.0745833116645351,1.115820378665721,1.3168657121195007,1.4690371188740112,1.1450277073688753,1.0037434844877087,1.0337989060356698,1.0337989060356698,1.041007993922178,1.2170504916945777,1.3534595855255418,1.1450277073688753,0.9742853781478579,0.9957758466078438,0.9957758466078438,1.041007993922178,1.1896630292430304,1.2062506101028894,1.0684363055734312,0.9486902582047196,0.9407226203248552,0.9466875786246793,0.991229893904679,1.170032867599717,1.2970214668506201
FOODS_3_182_TX_3_validation,0.4594171030101493,0.47330120726296465,0.5142043081527436,0.46624026637717875,0.4809192626458405,0.5927755717239279,0.6654265449878094,0.6948853567643042,0.6158478203315957,0.6090913576668533,0.6379159915163801,0.683148138830714,0.8594294698862598,1.0096530629522826,0.670360581926985,0.5913230454942764,0.6021484220123956,0.6189608467854465,0.6641929940997804,0.7646616118302928,0.9176892046423806,0.713359677746807,0.6269284846653109,0.6599913204858893,0.6065648644731579,0.6537200352510516,0.7480641585429295,0.847665295342286
FOODS_3_183_TX_3_validation,2.5219847441819896,2.4930549440135614,2.3573186635525323,2.2847455606524862,2.5259557276730598,3.057141411024284,3.2680854542053615,2.805325075912729,2.5893720371231495,2.513783213113489,2.4423821379128623,2.5259557276730598,3.032009518006555,3.18053943341491,2.733502418807857,2.5175493800182784,2.509581742138414,2.51300727961123,2.629870423706761,3.1766696127859366,3.325199528194292,2.733502418807857,2.5851705661480744,2.51300727961123,2.51300727961123,2.629870423706761,3.0812044649879504,3.2297343803963057
FOODS_3_184_TX_3_validation,0.9110179239356943,0.8763768264959684,0.8825947320970524,0.8925523381145883,0.9675426537547555,1.1304366253001805,1.2604810480838777,1.0777995795297695,0.971252669791907,0.9927431382518946,0.9927431382518946,1.0759983449940536,1.253858448726186,1.3534595855255418,1.236818088720698,1.0885219658735859,0.9663177402679934,0.9663177402679934,1.0013834583074284,1.1066494733035335,1.2062506101028894,1.010541314800963,0.9034582839676891,0.8830946637755361,0.8830946637755361,0.991229893904679,1.170032867599717,1.186620448459576
FOODS_3_185_TX_3_validation,5.421888980400163,5.092257126007871,5.203176499373468,5.1973440825817345,5.697945117458701,6.607664271022157,6.693221929585982,5.6218404544332685,5.111461474958511,5.020309889123073,5.020309889123073,5.339594195058256,6.373873723500492,6.742817095688772,5.6218404544332685,5.111461474958511,5.020309889123073,5.020309889123073,5.427341349824993,6.4594796909958125,7.040401096828081,5.730060621835647,5.228378165909988,5.1372265800745485,5.1372265800745485,5.507941804519075,6.5503374563874,6.898014452121925
FOODS_3_186_TX_3_validation,0.7491334522493901,0.6701139502831279,0.6479607689223146,0.6479607689223146,0.7033833794044494,0.7612263745398027,0.8642627486296492,0.713359677746807,0.6803549406780423,0.6189608467854465,0.6189608467854465,0.6641929940997804,0.7646616118302928,0.9176892046423806,0.7667861337595383,0.6868178581161801,0.6788502202363157,0.6788502202363157,0.7630591790988748,0.8591849565863463,0.9507329513164551,0.7998298804336128,0.7133986873521168,0.7054310494722523,0.7054310494722523,0.7559383230520755,0.8079535319937987,0.9465314803413803
FOODS_3_187_TX_3_validation,1.2883703371010236,1.3634766815421446,1.43418524457394,1.4502628418664452,1.3567640189296664,1.5582982061158086,1.73038961525012,1.5735664768355313,1.4059819135960945,1.3288977915528914,1.2424622830480228,1.3626688041280577,1.6174989288121209,1.7750979906549418,1.5228072258558856,1.3552226626164485,1.3113107003572755,1.3113107003572755,1.293820386818805,1.5486505115028681,1.7750979906549418,1.5228072258558856,1.3552226626164485,1.3113107003572755,1.3620699513369214,1.192314494193674,1.4017243226525322,1.5578480073965968
FOODS_3_188_TX_3_validation,0.44651150554411273,0.4043895446915881,0.45177842442812444,0.4195783330289521,0.4986669185267881,0.5754834591962775,0.8635664761856195,0.6712277452712696,0.5966636406874741,0.5899071780227317,0.6068225871303785,0.6520547344447124,0.8431264209416477,0.9418656921185447,0.6326922270759855,0.5536546906432769,0.5818163906991408,0.5818163906991408,0.6270485380134747,0.7197463931903555,0.7956465280238756,0.6364241941400995,0.5761796721053746,0.6021484220123956,0.6065648644731579,0.6570721380529811,0.7466465926462104,0.847665295342286
FOODS_3_189_TX_3_validation,0.6029814608833256,0.5721819824827047,0.5550517550254184,0.5305073570973557,0.5717444240985416,0.9319379095898862,1.0105882365537988,0.8318378305609826,0.752800294128274,0.7083754766125321,0.7432936393331384,0.8268548361923215,0.7762646138194337,0.8521647486529538,0.670360581926985,0.61011605989226,0.6021484220123956,0.6021484220123956,0.6641929940997804,0.7632440459335736,0.8642627486296492,0.7667861337595383,0.6803549406780423,0.6189608467854465,0.6599913204858893,0.7169615115038503,0.8079535319937987,0.9075546687931552
FOODS_3_190_TX_3_validation,1.4709149718183294,1.4830146681335463,1.439857355462019,1.4499694208084086,1.6040075188347442,1.8168440775465966,1.8644357427001494,1.6809186211984368,1.5003125920806701,1.2591969249093393,1.2232526005300306,1.311407478014421,1.6350860200077366,1.7750979906549418,1.5735664768355313,1.4258562207046186,1.3819442584454456,1.3819442584454456,1.2570236131051968,1.5486505115028681,1.7750979906549418,1.5228072258558856,1.3552226626164485,1.2424622830480228,1.298914718044987,1.3555479480812584,1.6009014755247577,1.6896521200583259
FOODS_3_191_TX_3_validation,1.5753484566196239,1.4355340290964742,1.32544096871115,1.3916220668373012,1.4070757556762705,1.646959928743886,1.804558990586707,1.5403943170515013,1.3728097538120645,1.2056655093344146,1.2056655093344146,1.2570236131051968,1.4141203049648208,1.57444546068396,1.3412338879868189,1.134828756891213,1.1915702379228714,1.130846219003088,1.1782192227821309,1.3960399335615383,1.495641070360894,1.2872091922042277,1.1388138568829522,1.1268611190113487,1.1791742556105829,1.2358074856468544,1.5109159259416158,1.6685149877844367
FOODS_3_192_TX_3_validation,1.3672249863282988,1.1789002266359754,1.2379383393383732,1.2379383393383732,1.2222906925268933,1.4101352049730815,1.5097363417724372,1.3231535165835364,1.134828756891213,1.1268611190113487,1.080105697053297,1.1314638008240792,1.3042495522097157,1.4038506890090712,1.240453770246176,1.0885219658735859,1.0805543279937215,1.0805543279937215,1.1153135164593264,1.3290513767906456,1.4326376135817405,1.2849297543448577,1.1366336314977454,1.132091531090697,1.178398322108324,1.2392330231196702,1.3794424802741752,1.4790436170735308
FOODS_3_193_TX_3_validation,0.12103054063004666,0.29605662429926655,0.27622227347901507,0.2874647915878658,0.32162012112927024,0.42761996895879884,0.5493628903492528,0.5624409317754875,0.5385123582144751,0.5327998997273351,0.5327998997273351,0.5690591562596521,0.744797484395373,0.8317390990108381,0.6609494761883853,0.5947720235946339,0.6063852032841957,0.6544354391050407,0.527697810030063,0.6295105582795638,0.7054106931130839,0.5412086241653334,0.4831952055471249,0.47643874288238236,0.47643874288238236,0.5545400983098483,0.6697601338950471,0.7414587977534924
FOODS_3_194_TX_3_validation,0.6485413198265381,0.5997799576731667,0.5680976340803758,0.5654255198179623,0.5945663580356775,0.7475014271444688,1.0643562650524838,0.8748369263808046,0.7902207518281853,0.7822531139483209,0.6189608467854465,0.7176194501125117,0.8322736113239728,0.8646149461358261,0.713359677746807,0.6269284846653109,0.6189608467854465,0.6189608467854465,0.6641929940997804,0.8180880678430241,0.8642627486296492,0.7667861337595383,0.6868178581161801,0.7178270317845409,0.6723873027981778,0.7136094087019208,0.8469303435420239,0.954584622410628
FOODS_3_195_TX_3_validation,0.025168559336970375,0.4875324324384791,0.37107161851895815,0.30810817523825224,0.3188510730392522,0.5142241058230604,0.5800582488896228,0.6093241521977436,0.5385123582144751,0.5327998997273351,0.5327998997273351,0.6449922048127257,0.7816567399076761,0.8145532266714496,0.6609494761883853,0.6593768832409063,0.6526204205761639,0.6457579298786035,0.536812703102683,0.6295105582795638,0.7068350393756371,0.5622327419798335,0.4831952055471249,0.5093079509955144,0.5093079509955144,0.5894582610304548,0.6697601338950471,0.74786287908002
FOODS_3_196_TX_3_validation,0.5654937715804781,0.6352703483449225,0.6369873556990128,0.6926866978412297,0.6118049013175947,0.7059502068769887,0.8387961966972027,0.8748369263808046,0.8418321893120398,0.8338645514321754,0.8421424873991901,0.8416708047436037,0.9902711487478412,0.8646149461358261,0.7275452212277558,0.694540484158991,0.6865728462791265,0.6331463902663954,0.6641929940997804,0.7632440459335736,0.8642627486296492,0.713359677746807,0.6269284846653109,0.6189608467854465,0.6723873027981778,0.6641929940997804,0.8056920855307356,0.9075546687931552
FOODS_3_197_TX_3_validation,0.31062523655238505,0.3245474848379436,0.39763308202684583,0.4076253838194036,0.38477904292274234,0.536648771790457,0.5952567940963267,0.6594009716217488,0.5781935329112603,0.5977076940577585,0.6068225871303785,0.6429398413720924,0.7954668573871263,0.8713669922206464,0.7420911683112277,0.49976136471564475,0.5140290198654024,0.5140290198654024,0.5592611671797363,0.6472379534867291,0.7231380883202492,0.5951019500929654,0.5509825763808633,0.544226113716121,0.5494190198275265,0.5894582610304548,0.6761642152215747,0.74786287908002
FOODS_3_198_TX_3_validation,0.5367933213580283,0.5601202919978417,0.56062612413681,0.6030157968009822,0.6321566350186973,0.7746759252101432,0.7816646581560766,0.7836968454125427,0.752800294128274,0.7636256706463932,0.7448326562484096,0.7900648035627434,0.9552961346471399,0.8646149461358261,0.7275452212277558,0.694540484158991,0.6331463902663954,0.6189608467854465,0.6641929940997804,0.7632440459335736,0.8504294026548772,0.713359677746807,0.6803549406780423,0.6723873027981778,0.6788502202363157,0.752586220250146,0.8549834856112716,0.9010917513550173
FOODS_3_199_TX_3_validation,0.47826546002081743,0.43167006731937974,0.4459377224691375,0.43490590644719523,0.5164052224093953,0.5895264101542893,0.8946598805716212,0.756579198726963,0.7124598250148609,0.7057033623501185,0.7432936393331384,0.7885257866474723,0.933752928118763,0.83337173425497,0.670360581926985,0.61011605989226,0.6189608467854465,0.6189608467854465,0.6473805693267295,0.7197463931903555,0.7983967201542688,0.6891535963249686,0.6269284846653109,0.6021484220123956,0.6189608467854465,0.6537200352510516,0.7480641585429295,0.9010917513550173
FOODS_3_200_TX_3_validation,1.8117593783905686,1.748600732490122,1.8431506427445803,1.6378435288544535,1.7503677301027427,2.054265669665886,2.216119493853902,1.8742000406569692,1.6050910225084758,1.5971233846286115,1.5971233846286115,1.6594664707730096,1.9336561120819835,2.0020788803565623,1.796779181006613,1.6161731518888462,1.6497174375906027,1.6768883769268323,1.7154126265369305,1.9867792616128597,1.997877409381489,1.7925777100315383,1.6534836044953924,1.6803139143996482,1.542614874809606,1.5766025986622731,1.8445436962653867,1.993146841837529
FOODS_3_201_TX_3_validation,1.9831564661762746,1.837661191166407,1.6500984273570871,1.6500984273570871,1.7225334825837297,1.9148737258694966,2.126490805456024,1.7809664840822825,1.6003604549645158,1.4950057149135234,1.4693397500309036,1.4603330461227537,1.7740696138923153,1.9441448330647424,1.6918540682656862,1.4868979730821639,1.4566899077924955,1.4566899077924955,1.5218405409375553,1.8326697875292377,1.9322709243285934,1.7289821683023234,1.5531067067285167,1.4948320300047215,1.5175658253014315,1.5598105091989534,1.8320675389357806,1.9316686757351362
FOODS_3_202_TX_3_validation,28.916533926494356,27.24945261848618,27.41207365211411,27.902708878596663,31.168632454152498,37.909284243634175,41.67264554916266,31.31166491177642,28.21997384641235,27.80522971804674,28.295864944529292,32.04222156063526,38.43642582311842,41.107452746535145,31.027274440841087,28.21997384641235,27.80522971804674,28.295864944529292,32.04222156063526,38.43642582311842,41.107452746535145,31.027274440841087,28.21997384641235,27.80522971804674,28.295864944529292,32.83966812666044,39.485441811040566,41.107452746535145
FOODS_3_203_TX_3_validation,0.8448685961967594,0.9142159119643578,0.9163878914213781,0.7690913251439541,0.7218275360589449,0.8599477329409604,1.0103981466750094,1.0179535421184187,0.9940829741531698,1.0150720585941808,1.0150720585941808,1.0651007322266193,1.172540013922595,1.2739561692508272,1.0023987273123038,0.906490992323639,0.8954906460878247,0.7958307111620424,0.8410628584763763,0.9603484975230646,1.140129388834494,0.9993660189563537,0.9034582839676891,0.8954906460878247,0.8583913362782891,0.8410628584763763,1.02813226972285,1.1646894446427094
FOODS_3_204_TX_3_validation,0.5574700408938847,0.5621896806901469,0.5654255198179623,0.6030157968009822,0.5841925932431336,0.7057645233225565,0.7816646581560766,0.7836968454125427,0.752800294128274,0.7448326562484096,0.7636256706463932,0.8088578179607271,0.9772505808619817,0.8784482921105979,0.780971677240487,0.7010034015971288,0.7320125752654896,0.7320125752654896,0.6783785375807293,0.8180880678430241,0.9176892046423806,0.7667861337595383,0.6803549406780423,0.6788502202363157,0.7054310494722523,0.7071464912637829,0.8079535319937987,0.9075546687931552
FOODS_3_205_TX_3_validation,2.250965367620647,1.8294897090447364,1.7721052453230188,1.5350630563537884,1.5474052921958692,1.8845739282918792,1.9607422863521056,1.798093033938531,1.6700810577827556,1.6934858302141955,1.6934858302141955,1.833446879408237,2.1666173505783055,2.40166104104486,2.006624168291481,1.843439506433684,1.8340205892305137,1.8760509289700062,2.0112104277785297,2.34124968354181,2.467194571661091,2.116177967085967,1.841988227110378,1.75680191088457,1.75680191088457,1.83363336686241,2.126552195175734,2.1628683948971377
FOODS_3_206_TX_3_validation,0.9365938893109944,0.9242809228408762,0.9869662516588388,0.9940999725777875,1.0262735191514534,1.294261455530704,1.287868510535425,1.0777995795297695,0.9742853781478579,0.8985233544437746,0.8985233544437746,0.9407227934021586,1.1036167649475837,1.286231457686436,1.0777995795297695,0.971252669791907,0.9632850319120426,0.9632850319120426,0.998350749951479,1.2140177833386274,1.3136189201379833,1.0808322878857197,0.9641189488729583,0.9632850319120426,0.9531186026371438,0.998044220377648,1.234228287082873,1.1896531568155262
FOODS_3_207_TX_3_validation,0.865665232479474,0.7157398902608323,0.7518494317839336,0.7142351698191057,0.8360028130425248,1.1575434624692251,1.2721411507219504,0.9878886548608464,0.9014574617793516,0.8921272743160898,0.8921272743160898,0.9742902383816784,1.1091743469715198,1.1521162922214483,0.8218161211067568,0.7386176635619567,0.7657658239044708,0.7400657173347372,0.7772447225798235,0.8857664823795836,1.0073793643672662,0.8564762934844219,0.8326057255191726,0.8411988276478958,0.8122421053270196,0.891706101227719,1.0344490417050654,1.1121191746875543
FOODS_3_208_TX_3_validation,0.9183538059850627,0.9137702551806359,0.8645873829248887,0.8098340818455414,1.0665078707103564,1.2383227960514553,1.140129388834494,0.8902295421234028,0.8037983490419068,0.8583913362782891,0.8873480585991655,0.9325802059134994,1.0816857611307167,1.203217901746939,1.0075086064450127,0.9610862405170082,0.9531186026371438,0.9632850319120426,0.998044220377648,1.1742343385747915,1.3012229378256948,1.0927910596690282,0.9841133228443956,0.9466875786246793,0.9365211493497805,1.0048218606523938,1.1974203300512642,1.186620448459576
FOODS_3_209_TX_3_validation,0.43195860003063674,0.35674757623711617,0.42491360465463746,0.43490590644719523,0.5164052224093953,0.5895264101542893,0.8736357627571211,0.7159094745788043,0.6446724541811225,0.670785199629512,0.670785199629512,0.753607623926866,0.933752928118763,0.7983967201542688,0.6891535963249686,0.5913230454942764,0.5468982279785345,0.5818163906991408,0.6270485380134747,0.7197463931903555,0.7983967201542688,0.6676103897965918,0.5913230454942764,0.6021484220123956,0.6021484220123956,0.6537200352510516,0.7466465926462104,0.847665295342286
FOODS_3_210_TX_3_validation,0.29437312978624297,0.35860482108430686,0.29963470521941954,0.28469574349784776,0.3188510730392522,0.5142241058230604,0.5493628903492528,0.6093241521977436,0.5385123582144751,0.5327998997273351,0.5327998997273351,0.6081329493004225,0.744797484395373,0.8317390990108381,0.6793191185426894,0.6044641567225009,0.6457579298786035,0.491580555788349,0.536812703102683,0.630934904542117,0.6902688802071173,0.5622327419798335,0.4831952055471249,0.47643874288238236,0.5093079509955144,0.5545400983098483,0.6697601338950471,0.74786287908002
FOODS_3_211_TX_3_validation,0.8798507759604227,0.7450549160429365,0.7380620076400551,0.748054309432613,0.806032679396696,0.9327830693916278,1.2721411507219504,1.0179535421184187,0.9958979926820466,0.8873480585991655,0.8954906460878247,0.9407227934021586,1.1036167649475837,1.286231457686436,1.1051870419813168,0.9034582839676891,0.8583913362782891,0.8873480585991655,0.9407227934021586,1.0816857611307167,1.1812868979300726,0.9993660189563537,0.8663589741581535,0.7958307111620424,0.8583913362782891,0.9221072470647707,1.0870193116602205,1.186620448459576
FOODS_3_212_TX_3_validation,0.5363183720132604,0.5928660347667999,0.4841289493707685,0.5488760017712311,0.573987866541626,0.7408040251673745,0.7896508577455357,0.8166944571720808,0.7884057332993085,0.7804380954194441,0.7804380954194441,0.825670242733778,0.9928536902396485,1.0924548270390049,0.780971677240487,0.6411140281462598,0.6371234361130971,0.6371234361130971,0.6783785375807293,0.7646616118302928,0.8642627486296492,0.713359677746807,0.6269284846653109,0.6189608467854465,0.6189608467854465,0.6641929940997804,0.8056920855307356,0.9010917513550173
FOODS_3_213_TX_3_validation,0.7244276396513574,0.7177484610200475,0.618884966425687,0.5083474977308594,0.5449021358187564,0.6046023453734487,0.9275126969962807,0.732475633747324,0.6534380973146156,0.6755062684994,0.7083754766125321,0.753607623926866,0.933752928118763,0.7983967201542688,0.6891535963249686,0.6269284846653109,0.6189608467854465,0.6189608467854465,0.6641929940997804,0.8180880678430241,0.9241521220805184,0.7998298804336128,0.7172503584462897,0.7012295784971776,0.6622527669489524,0.7169615115038503,0.8014906145556608,0.9075546687931552
FOODS_3_214_TX_3_validation,0.10096576248917655,0.35860482108430686,0.29963470521941954,0.28469574349784776,0.3188510730392522,0.45946787861866495,0.5800582488896228,0.5624409317754875,0.5385123582144751,0.5327998997273351,0.5327998997273351,0.6449922048127257,0.7816567399076761,0.8145532266714496,0.6609494761883853,0.6410072408866021,0.6526204205761639,0.6457579298786035,0.527697810030063,0.6295105582795638,0.7068350393756371,0.5412086241653334,0.4831952055471249,0.47643874288238236,0.5093079509955144,0.5545400983098483,0.6697601338950471,0.74786287908002
FOODS_3_215_TX_3_validation,3.1969456224541806,2.65922835783861,2.7029889623867818,2.7029889623867818,2.767918873338712,3.259490649360584,3.5492166859613015,2.8332836258849254,2.5851533545827503,2.580611254175702,2.600273240459317,2.7470346385500104,3.344551148293795,3.5930195139711154,3.0147482148663687,2.82469573552159,2.8201536351145418,2.7659038572695858,3.007884021664077,3.581100211933825,3.910655681668567,3.153190704981136,2.726981058700505,2.808626237055745,2.808626237055745,2.9736578592818175,3.5278103357327786,3.744862384458982
FOODS_3_216_TX_3_validation,0.26515358554103524,0.28193473196615493,0.2789913215690331,0.2874647915878658,0.32162012112927024,0.41964740587509963,0.5500947102435383,0.563172751669773,0.544437560149669,0.5560507398392308,0.5638512558742572,0.6429398413720924,0.7803529990890656,0.8577786672991133,0.7406668220486745,0.49976136471564475,0.491580555788349,0.49300490205090225,0.5382370493652362,0.6143687453735972,0.6692447623926172,0.5622327419798335,0.5160644136602568,0.47643874288238236,0.5093079509955144,0.5545400983098483,0.6697601338950471,0.7414587977534924
FOODS_3_217_TX_3_validation,0.8279058895712884,0.7158177802530482,0.7179894221750414,0.6702949593422888,0.6263527945800934,0.7662944415424524,1.0293812509517826,0.8766519449096813,0.7902207518281853,0.7822531139483209,0.7964386574292698,0.6783785375807293,0.7788471553112416,0.8646149461358261,0.7275452212277558,0.6803549406780423,0.6723873027981778,0.6723873027981778,0.7240823675506496,0.824550985281162,0.9241521220805184,0.8122258627459014,0.7257946696644053,0.6788502202363157,0.6723873027981778,0.7136094087019208,0.8469303435420239,0.954584622410628
FOODS_3_218_TX_3_validation,0.5306223631443031,0.5319925868394283,0.5352284259672437,0.4872643841916793,0.4953811045948949,0.6282599568664833,0.8736357627571211,0.7159094745788043,0.6368719381460958,0.6090913576668533,0.6379159915163801,0.753607623926866,0.8970197468692799,1.0096530629522826,0.8309026569594662,0.5913230454942764,0.6021484220123956,0.583355407614412,0.6473805693267295,0.7632440459335736,0.8504294026548772,0.713359677746807,0.6803549406780423,0.6788502202363157,0.6189608467854465,0.6537200352510516,0.8014906145556608,0.9010917513550173
FOODS_3_219_TX_3_validation,1.2053094466755783,0.9212311056993127,0.8984366852355515,0.802814418513833,0.8945572291632135,1.0771581719372993,1.1767593087366548,1.124086029234446,1.0567929451130262,1.0569678947218206,1.048825307233162,1.1022000420361546,1.3188409897030635,1.5032707009707926,1.1441640747165756,1.0037434844877087,0.9663177402679934,0.9957758466078438,1.041007993922178,1.298893408119957,1.4452499668773644,1.236818088720698,1.0037434844877087,0.9957758466078438,0.8985233544437746,0.9332825429093797,1.1730655759556672,1.2726667127550226
FOODS_3_220_TX_3_validation,0.10372525237676843,0.319469056039671,0.27622227347901507,0.28469574349784776,0.32162012112927024,0.42761996895879884,0.5493628903492528,0.5624409317754875,0.5385123582144751,0.5327998997273351,0.5293397453581674,0.5690591562596521,0.7816567399076761,0.8145532266714496,0.6609494761883853,0.5947720235946339,0.6063852032841957,0.6544354391050407,0.527697810030063,0.6295105582795638,0.6591754758211157,0.5412086241653334,0.4621710877326235,0.47643874288238236,0.47643874288238236,0.5545400983098483,0.6348419711744405,0.7414587977534924
FOODS_3_221_TX_3_validation,0.537265248835724,0.5419848886319861,0.5352284259672437,0.5305073570973557,0.5492744305225272,0.7071609580310557,0.7271203869504682,0.7914973614475695,0.7188639063413885,0.76544068917527,0.6021484220123956,0.6473805693267295,0.7412895997187323,0.8171897345522524,0.670360581926985,0.61011605989226,0.6021484220123956,0.6189608467854465,0.6641929940997804,0.7646616118302928,0.9176892046423806,0.7667861337595383,0.6803549406780423,0.6664542379240271,0.6065648644731579,0.6537200352510516,0.7480641585429295,0.847665295342286
FOODS_3_222_TX_3_validation,0.7141584381486887,0.6701139502831279,0.6311483441492637,0.794623638900393,0.8416708047436037,0.9928536902396485,0.9318747481233293,0.7874345946786249,0.7010034015971288,0.7320125752654896,0.7320125752654896,0.7852978646490711,0.8777133403103359,0.9853676191789411,0.8564762934844219,0.7480333552146017,0.7400657173347372,0.7400657173347372,0.7852978646490711,0.8777133403103359,0.9773144771096934,0.8220685659838092,0.7534476471155626,0.723468264047374,0.7489055467085142,0.8036142912634121,0.8911807742805444,0.9907819110799027
FOODS_3_223_TX_3_validation,0.18074171494175015,0.35992038812004457,0.3499911135723739,0.3456459029124694,0.36041982173343856,0.5370676627814995,0.5812340320473244,0.6494194158008738,0.5781935329112603,0.5714370702465179,0.5990220710953518,0.6520547344447124,0.7818785324655932,0.8713669922206464,0.7252634785982647,0.6598142670870891,0.6562971692137767,0.49300490205090225,0.536812703102683,0.6295105582795638,0.7068350393756371,0.5622327419798335,0.4831952055471249,0.5093079509955144,0.5093079509955144,0.5894582610304548,0.6697601338950471,0.74786287908002
FOODS_3_224_TX_3_validation,1.3783143312000525,1.2303528164684805,1.2364804500001594,1.2540675411957753,1.3014305646534097,1.5016641842372012,1.804558990586707,1.4539588085466328,1.213633147214279,1.2056655093344146,1.2056655093344146,1.2570236131051968,1.4748443238846043,1.704704083299188,1.4415628262343443,1.3068823559248512,1.2300663007357342,1.193269527022126,1.246550654256468,1.4017243226525322,1.501325459451888,1.3754666531827706,1.1871418934904472,1.1791742556105829,1.1749727846355082,1.2358074856468544,1.444151599185698,1.6105170627409715
FOODS_3_225_TX_3_validation,0.5015293349797765,0.5721819824827047,0.520133592304812,0.520133592304812,0.5492744305225272,0.7071609580310557,0.7271203869504682,0.7237099906138311,0.6236483363666224,0.6068225871303785,0.61689187370188,0.7207384158137339,0.8659655572850246,0.7607283653032693,0.6326922270759855,0.5885728533638832,0.5818163906991408,0.5818163906991408,0.6270485380134747,0.7224965853207487,0.783253346765367,0.713359677746807,0.6269284846653109,0.6189608467854465,0.6021484220123956,0.6537200352510516,0.7480641585429295,0.8338319493675139
FOODS_3_226_TX_3_validation,12.557600203121373,10.539549100368195,10.053743027414404,9.951463375096322,11.361403842150962,13.091001304205841,13.381042266142611,10.873347138932282,9.87638563947642,9.76956388675129,9.610410767703193,10.744599630265403,12.363925891650654,12.696916234668045,10.563343614590039,9.72618119370819,9.619359440983063,9.619359440983063,10.565289881338932,12.241036679635272,12.574027022652663,10.6949769816013,9.72618119370819,9.642609687739652,9.642609687739652,10.588540128095522,12.241036679635272,12.574027022652663
FOODS_3_227_TX_3_validation,9.636354740394616,8.751703394801396,8.677393690388284,9.036238463270388,9.804397034612919,11.151995385333002,11.196026614260223,9.893585008080112,8.877541979803864,8.803232275390751,8.851150136587536,9.86943940952146,11.771067098708926,12.03522055433502,10.19715919852351,9.123833109150407,9.049523404737295,9.100924388878523,10.019637034498329,11.771067098708926,12.200700131668642,10.19715919852351,9.123833109150407,9.049523404737295,9.049523404737295,9.9682360503571,11.771067098708926,11.876314803240236
FOODS_3_228_TX_3_validation,6.952403910883302,5.97887406275882,5.943356655873649,6.017348575525579,6.665772362733425,7.914544993397519,8.196037142028342,6.636730316264262,5.966600504792009,5.931083097906838,5.944530648460772,6.37284451486885,7.912257267139602,8.487434879363741,6.90397223073587,6.152823989617812,6.137478080001792,6.137478080001792,6.630721467656059,8.003636528468673,8.673113898184102,7.157324549919875,6.137936151060413,6.099711048014351,6.1725289750791585,6.665772362733425,8.174457777152748,8.747347663118985
FOODS_3_229_TX_3_validation,0.8468209629304769,0.7676175856988248,0.8062522725141779,0.7564172122822644,0.7650877713841951,0.9302836102654907,0.9773144771096934,0.8344645482960977,0.739980213145354,0.7320125752654896,0.6930357637172644,0.7772447225798235,0.8777133403103359,0.9853676191789411,0.82641140622685,0.739980213145354,0.7400657173347372,0.7620774625230614,0.8073096098373953,0.8953822452556192,0.9949833820549775,0.8440803111721333,0.7576491180906373,0.8080406343519448,0.8080406343519448,0.8001887537905961,0.8911807742805444,0.9907819110799027
FOODS_3_230_TX_3_validation,2.8405794573062493,2.668686374847047,2.530428848474083,2.5874234596743313,2.908143592691003,3.505695664461603,3.7227477131878066,3.0752524465007505,2.774647428651709,2.766679790771845,2.680492512009556,2.7724961500645584,3.2923848205194823,3.4122220357440143,2.7529037402277825,2.5893548255578254,2.581387187677961,2.513766001548164,2.6391070299619255,3.263692120335659,3.4641911119475384,2.8163234553825043,2.6048153408663652,2.509564530573089,2.509564530573089,2.7135058563664667,3.259490649360584,3.4641911119475384
FOODS_3_231_TX_3_validation,1.8360411679933497,1.5945693691697624,1.5388188864850136,1.6356037400626848,1.8172292820744564,1.9977737273873375,1.9978703863887433,1.7084515215530494,1.581578068752029,1.5736104308721648,1.5736104308721648,1.681021559002109,2.0666616519781753,2.1029778516995803,1.8506870869005223,1.5768475012080692,1.5198778545554181,1.5688798633282048,1.6340304935530032,1.9148737258694966,2.090581869387291,1.8382911045882337,1.5644515188957806,1.5074818722431296,1.5522824100408417,1.6303351749790198,1.8935457050381734,1.9441448330647424
FOODS_3_232_TX_3_validation,1.3333616243270217,0.9065546649906747,0.9378309335113846,0.9378309335113846,1.0292268787509662,1.2250753307676778,1.5644334120979984,1.3892992583048287,1.0885219658735859,1.0337989060356698,1.0805543279937215,1.1257864753080553,1.3960399335615383,1.495641070360894,1.3519183111157504,1.1995378758027357,1.2213251507741336,1.2901735680833863,1.3415316718541686,1.5963617965382317,1.7539608583810526,1.4019579069066024,1.064145546916879,1.0437819267247261,1.029686655313183,1.12434294477728,1.3326870583161234,1.4790436170735308
FOODS_3_233_TX_3_validation,4.879009293382793,4.233412246310225,4.025599452662658,3.7768772485190776,4.121983432614701,5.0824440756869835,5.575867366526838,4.850599677199742,4.304027701281208,4.173689711040943,4.173689711040943,4.14671163927045,5.091830860697283,5.5167943006296145,4.646367889584022,4.304027701281208,3.994013229097033,4.151575609531223,4.46203892300769,5.489370481588745,5.7601862535776664,4.802232684817815,4.251204143411232,4.098752051661247,3.919075569717338,4.387101263627994,5.348098570094385,5.7601862535776664
FOODS_3_234_TX_3_validation,9.99601556547899,8.702369227860911,8.446073093217885,8.478701946204334,9.581941160377378,11.977747725036169,13.713688309234984,11.87844691661643,10.626099269141406,10.564140591490299,10.582025534927615,11.653292690654485,13.593835650860823,15.39718153756962,13.175608607220628,11.287318581984174,10.786400392807257,10.218866054690805,11.24395655115187,12.898947420188147,13.077606216343648,10.75871692917859,9.824984655335191,9.714737365137248,9.555584246089149,10.68160665270581,12.379393860480572,12.574027022652663
FOODS_3_235_TX_3_validation,0.3114682395365138,0.284703780056173,0.2789913215690331,0.2874647915878658,0.32162012112927024,0.41964740587509963,0.5500947102435383,0.563172751669773,0.544437560149669,0.5560507398392308,0.5638512558742572,0.6426444598165129,0.7803529990890656,0.8577786672991133,0.7406668220486745,0.49976136471564475,0.49300490205090225,0.49300490205090225,0.5382370493652362,0.6143687453735972,0.6902688802071173,0.5951019500929654,0.5160644136602568,0.47643874288238236,0.5093079509955144,0.5545400983098483,0.6697601338950471,0.7414587977534924
FOODS_3_236_TX_3_validation,1.8067535896421965,1.5153693351056763,1.504218862936955,1.507401697225812,1.511496356127134,1.8325644566460764,2.0247541255074224,1.6927925299345863,1.5121865008168194,1.4553922255800091,1.4194479012007004,1.4589320962353334,1.7756103241546721,1.9363922202863504,1.6841816305046113,1.5531067067285167,1.5404085013046924,1.4914064925319057,1.570842549710342,1.8935457050381734,1.993146841837529,1.6918540682656862,1.4955890475294562,1.458285457031956,1.455102622743099,1.519120158043302,1.8320675389357806,1.9322709243285934
FOODS_3_237_TX_3_validation,1.218043694117219,0.9652643759385421,0.9879898117497802,0.9922849540489107,1.0214257922666263,1.109723311310387,1.4088102449651323,1.1349192536254242,0.9722907914108582,0.9423114083426709,0.9643231535309941,0.95512493477263,1.142475126665021,1.2589596177974582,0.8902295421234028,0.8037983490419068,0.8583913362782891,0.8873480585991655,0.903623483592623,0.9603484975230646,1.0599496343224204,0.9366560479964955,0.8615624478400488,0.8617373974488435,0.8493414151365549,0.8964965859144486,1.1174625976445622,1.2970214668506201
FOODS_3_238_TX_3_validation,3.093466483424432,2.6476028209172213,2.717733823542955,2.8300998149308008,2.9454663407131165,3.8028089345124196,4.067980187177971,2.8909321261316383,2.656225292270061,2.7190134208206405,2.7190134208206405,2.884045043046713,3.462335925338713,3.527545103577049,3.0147482148663687,2.6842586789143454,2.8167280976417257,2.8187810804560756,2.9275099420228416,3.555743971331484,3.7727960200576875,3.010700665559541,2.726981058700505,2.862876014900701,2.8649289977150514,3.0506064014502363,3.705278719063587,3.9223307677897905
FOODS_3_239_TX_3_validation,1.2918012596704613,1.1779239504396242,0.8985870271108103,0.9691040583801125,1.031041897279843,1.2250753307676778,1.3166516284939331,1.108219750337267,1.0037434844877087,0.9957758466078438,0.9957758466078438,1.041007993922178,1.253858448726186,1.3984945449193127,1.236818088720698,1.0885219658735859,1.0805543279937215,1.0805543279937215,1.1257864753080553,1.3456488300780087,1.4452499668773644,1.236818088720698,1.0885219658735859,0.8985233544437746,0.9437553286808054,1.0044290315355275,1.2004530384072145,1.3368621322381786
FOODS_3_240_TX_3_validation,0.5363183720132604,0.6013395047856326,0.5488760017712311,0.612375859948475,0.6415166981661902,0.7594113560109259,0.8465967127322295,0.8748369263808046,0.7884057332993085,0.8356795699610522,0.6788502202363157,0.7630591790988748,0.8387365287621107,0.9318747481233293,0.7874345946786249,0.739980213145354,0.7320125752654896,0.7258801738537886,0.7852978646490711,0.8857664823795836,0.8784482921105979,0.7275452212277558,0.6803549406780423,0.6189608467854465,0.6723873027981778,0.7071464912637829,0.8079535319937987,0.9075546687931552
FOODS_3_241_TX_3_validation,1.6640264408015524,1.4543839454574552,1.320988508749131,1.2521400914398784,1.3382273383670178,1.5781115114346334,1.804558990586707,1.5228072258558856,1.2863742453071958,1.3113107003572755,1.3620699513369214,1.3626688041280577,1.6682581797917666,1.7750979906549418,1.5735664768355313,1.3552226626164485,1.3113107003572755,1.2424622830480228,1.3521958452793288,1.6051029464998323,1.7627020083426532,1.510411243543597,1.34282668030416,1.2300663007357342,1.2300663007357342,1.3555479480812584,1.6516607265044034,1.7585005373675786
FOODS_3_242_TX_3_validation,0.4601866568478117,0.4840285450638634,0.5305073570973557,0.520133592304812,0.6023668740707042,0.7475014271444688,0.770857843347552,0.7979014427740971,0.739471939268249,0.6189608467854465,0.6189608467854465,0.6641929940997804,0.7646616118302928,0.8171897345522524,0.6891535963249686,0.61011605989226,0.583355407614412,0.6021484220123956,0.6473805693267295,0.7412895997187323,0.8171897345522524,0.713359677746807,0.6269284846653109,0.6189608467854465,0.6189608467854465,0.6537200352510516,0.8014906145556608,0.847665295342286
FOODS_3_243_TX_3_validation,1.5043131627480781,1.4911647723532147,1.4653888379286353,1.381164405734763,1.4285274291923973,1.7301668307608578,1.7750979906549418,1.632091983841491,1.4514859547237242,1.4075739924645512,1.4075739924645512,1.5077587335922793,1.743843196030848,1.8843827486405476,1.6809186211984368,1.5003125920806701,1.5080039458192689,1.4956079635069803,1.5150629006628098,1.8243951011747062,1.9239962379740618,1.6717054731750052,1.49937413041177,1.4532643703196797,1.4532643703196797,1.503820711834337,1.8326697875292377,1.8677852953531844
FOODS_3_244_TX_3_validation,0.26515358554103524,0.28193473196615493,0.34815635368022696,0.3581486554727847,0.3823116832216313,0.4931086474169433,0.56286438969302,0.6256464334035426,0.5350522038453074,0.5387251016625291,0.5387251016625291,0.6175183056047842,0.7803529990890656,0.8501087413651423,0.6790282613062965,0.6616292856159659,0.49300490205090225,0.49300490205090225,0.5592611671797363,0.630934904542117,0.6902688802071173,0.5622327419798335,0.5160644136602568,0.5093079509955144,0.544226113716121,0.5841782082931316,0.6697601338950471,0.74786287908002
FOODS_3_245_TX_3_validation,5.322451302542079,4.686086681313889,4.748994185671966,4.51931838239095,4.802280348075413,5.8028166878260174,6.264529256503659,5.257656602047647,4.664689380945639,4.660147280538593,4.660147280538593,5.079448983681618,6.043662983181501,6.3872654200770365,5.396761898779463,4.703777280469613,4.699235180062567,4.699235180062567,5.01851948599775,6.037491205721534,6.506451975117657,5.428114516662749,4.703777280469613,4.699235180062567,4.699235180062567,5.000828886842026,6.037491205721534,6.3872654200770365
FOODS_3_246_TX_3_validation,0.5915750994281394,0.6809773886945816,0.6826943960486719,0.7101889061400144,0.7218275360589449,0.8225324289568485,0.9673493857753436,0.8748369263808046,0.7884057332993085,0.7986006847470947,0.794623638900393,0.8416708047436037,0.7788471553112416,0.8784482921105979,0.7275452212277558,0.6411140281462598,0.6189608467854465,0.6723873027981778,0.7240823675506496,0.7646616118302928,0.9176892046423806,0.713359677746807,0.6803549406780423,0.6723873027981778,0.6788502202363157,0.7176194501125117,0.8056920855307356,0.9075546687931552
FOODS_3_247_TX_3_validation,0.33439821894971633,0.35992038812004457,0.3499911135723739,0.3584645835912067,0.38477904292274234,0.536648771790457,0.5952567940963267,0.6594009716217488,0.6132745715740787,0.5792375862815446,0.6068225871303785,0.6520547344447124,0.8073511624875046,0.7278591571901372,0.6326922270759855,0.5207854825301448,0.5468982279785345,0.47643874288238236,0.5216708901967164,0.5933446275590971,0.6902688802071173,0.5951019500929654,0.4831952055471249,0.5093079509955144,0.5093079509955144,0.5894582610304548,0.6697601338950471,0.74786287908002
FOODS_3_248_TX_3_validation,0.9346669876217352,0.7748671772662874,0.7910773846599295,0.7910773846599295,0.7982064776893205,0.9853533393467839,1.2791563444569054,1.0179535421184187,0.9315223490369234,0.9352962146077161,0.9591229783249171,0.8410628584763763,1.0405282520351387,1.1812868979300726,0.9704092966354785,0.8663589741581535,0.7958307111620424,0.8583913362782891,0.9325802059134994,1.1036167649475837,1.203217901746939,1.0075086064450127,0.8663589741581535,0.8873480585991655,0.8873480585991655,0.9302498345534298,1.0870193116602205,1.2696340043990728
FOODS_3_249_TX_3_validation,2.234705106077395,2.0013960051615602,1.8150238182024143,1.9112876551399216,2.0453446629751224,2.4361030554354937,2.655439387762857,2.5164499064855343,2.340021560509737,2.239841982055005,2.1405008544683293,2.1416201320231782,2.5270415017384957,2.861778214207328,2.3897615947772977,2.0874564664891353,1.8280856368071006,1.897076860168358,1.9948935378265646,2.3025626320081254,2.3928610257012,2.1069229552950968,1.901707953697804,1.7533763734117542,1.7533763734117542,1.9167125161679046,2.207196410994494,2.333141299113775
FOODS_3_250_TX_3_validation,0.9381229088272014,0.8983773817269937,0.8783667946336399,0.8475926216512856,0.9193764545825036,1.0329066388817243,1.1774674921443813,1.0075086064450127,0.9034582839676891,0.8954906460878247,0.8954906460878247,0.9407227934021586,1.18663032088708,1.3504268771695915,1.0777995795297695,0.9610862405170082,0.9531186026371438,0.9632850319120426,0.9407227934021586,1.1036167649475837,1.286231457686436,0.9704092966354785,0.8663589741581535,0.8873480585991655,0.8583913362782891,0.903623483592623,1.0692897788184281,1.186620448459576
FOODS_3_251_TX_3_validation,0.2794859147485992,0.29340816303415773,0.3004653839964996,0.29616917456585057,0.330324504107255,0.4283517888530844,0.56286438969302,0.5686318744124793,0.5628072025039732,0.5792375862815446,0.5792375862815446,0.6520547344447124,0.7972818759160031,0.6692447623926172,0.5622327419798335,0.4621710877326235,0.47643874288238236,0.4554146250678812,0.5006467723822163,0.5933446275590971,0.6902688802071173,0.5622327419798335,0.4831952055471249,0.47643874288238236,0.47643874288238236,0.5545400983098483,0.6348419711744405,0.7414587977534924
FOODS_3_252_TX_3_validation,38.39336842879433,33.608091629410474,33.39767618508836,33.85182816474057,38.230458541503566,46.21928123435365,46.41774660635224,35.37883577832379,32.68118628349843,35.92013690709826,37.499519056096844,41.52194926400951,47.73304717696011,46.420281261681254,36.34244130506008,34.68077923647024,36.05846544633003,37.442677443765824,41.52194926400951,47.73304717696011,46.420281261681254,36.34244130506008,34.68077923647024,36.05846544633003,37.442677443765824,41.52194926400951,47.73304717696011,46.420281261681254
FOODS_3_253_TX_3_validation,0.764212445249403,0.7382291294848928,0.7470795799556299,0.7004872138762567,0.7771951476503282,0.9185975259106791,1.100193435750988,1.0999483151593683,0.9958979926820466,0.8535948099601843,0.7620774625230614,0.8109979712188047,0.9383367523347383,1.0599496343224204,0.8902295421234028,0.7700451004029258,0.7620774625230614,0.7620774625230614,0.8073096098373953,0.9077782275679077,1.0073793643672662,0.8564762934844219,0.7480333552146017,0.7620774625230614,0.7400657173347372,0.7748249058003424,0.8911807742805444,0.9907819110799027
FOODS_3_254_TX_3_validation,0.6279073218113743,0.6125224515961177,0.6045548137162533,0.6583228422149382,0.6955828633694224,0.989621105814053,1.0764542650291793,0.9282633823935359,0.8642956687600032,0.8498651134420009,0.6930357637172644,0.7318049935934604,0.8322736113239728,0.9383376655614671,0.780971677240487,0.7010034015971288,0.7320125752654896,0.6723873027981778,0.7240823675506496,0.824550985281162,0.9241521220805184,0.7732490511976762,0.7257946696644053,0.7134841915415,0.7312944657547494,0.7639914651213232,0.8769952307995957,0.9687701658915766
FOODS_3_255_TX_3_validation,0.9889196952022032,0.8633917270328049,0.8907373195857116,0.9244905682246928,1.0263883001311487,1.3692320931865933,1.4688332299859488,1.244124555048593,0.9742853781478579,0.9957758466078438,0.9957758466078438,1.0790310533500036,1.298893408119957,1.2892641660423858,1.108219750337267,1.0037434844877087,0.9957758466078438,0.9957758466078438,1.0115498875823272,1.253858448726186,1.3166516284939331,1.010541314800963,0.906490992323639,0.9531186026371438,0.9508890495997541,1.0308544295194288,1.234228287082873,1.3338294238822284
FOODS_3_256_TX_3_validation,0.10096576248917655,0.319469056039671,0.27622227347901507,0.28469574349784776,0.3188510730392522,0.462236926708683,0.5493628903492528,0.5624409317754875,0.5385123582144751,0.5327998997273351,0.5327998997273351,0.5690591562596521,0.7816567399076761,0.8145532266714496,0.6609494761883853,0.5947720235946339,0.6063852032841957,0.6457579298786035,0.527697810030063,0.6295105582795638,0.6591754758211157,0.5412086241653334,0.4831952055471249,0.47643874288238236,0.47643874288238236,0.5545400983098483,0.6348419711744405,0.7414587977534924
FOODS_3_257_TX_3_validation,1.664154449546896,1.5311275327464149,1.3613852930904586,1.3620699513369214,1.4134280551077036,1.6682581797917666,1.792685081850558,1.4715458997422486,1.1704962194901114,1.1449414904146311,1.2056655093344146,1.2570236131051968,1.4748443238846043,1.57444546068396,1.4328216762727437,1.229292788653998,1.1915702379228714,1.208929168461845,1.2324553828449247,1.4483530701607725,1.5479542069601282,1.3754666531827706,1.2126953353666348,1.1142487657157247,1.178398322108324,1.2392330231196702,1.444151599185698,1.5437527359850536
FOODS_3_258_TX_3_validation,2.799832525880592,2.6214127941537297,2.349204293697502,2.403560943650414,2.4712912025546356,2.9722251496702454,3.4479825431663493,2.929295086315707,2.6177215950243014,2.6010663855269,2.609753957144437,2.7672147940281806,3.34875261926887,3.4409147359278376,2.874819055391416,2.6135029124839013,2.577185716702886,2.596847702986501,2.77056689683011,3.191869463230787,3.408020564768939,2.8450161555663276,2.5851533545827503,2.4415889928452783,2.3565255184849483,2.4773465392770877,2.973038641906666,3.325199528194292
FOODS_3_259_TX_3_validation,3.2498575464188253,2.88536320628326,2.8657049312173104,2.877395568403396,2.835570489790957,3.4043085352544638,3.73345657057836,3.153190704981136,2.8674181153077494,2.859450477427885,2.7190134208206405,2.9702323218090014,3.613997614495067,3.910655681668567,3.153190704981136,2.881146184243323,2.8766040838362748,2.8766040838362748,3.0622814875714597,3.705278719063587,3.910655681668567,3.153190704981136,2.8694710981220997,2.862876014900701,2.8649289977150514,2.821996170125463,3.5278103357327786,3.8852994410662265
FOODS_3_260_TX_3_validation,0.10372525237676843,0.319469056039671,0.27622227347901507,0.28469574349784776,0.32162012112927024,0.42761996895879884,0.5493628903492528,0.5544683686917882,0.5350522038453074,0.5293397453581674,0.5387251016625291,0.5655990018904844,0.7541828406997346,0.8145532266714496,0.6609494761883853,0.5947720235946339,0.6063852032841957,0.6544354391050407,0.527697810030063,0.6295105582795638,0.6591754758211157,0.5412086241653334,0.4621710877326235,0.47643874288238236,0.47643874288238236,0.5545400983098483,0.6348419711744405,0.7414587977534924
FOODS_3_261_TX_3_validation,1.1347893045270794,1.0655023812427726,1.0791069345502635,1.070490458808439,1.1325850721715875,1.2934373997264659,1.5261134756583008,1.1441640747165756,0.9742853781478579,0.9663177402679934,0.9663177402679934,1.0115498875823272,1.1066494733035335,1.2892641660423858,1.0075086064450127,0.9034582839676891,0.9531186026371438,0.9632850319120426,1.037975285566228,1.250825740370236,1.3504268771695915,1.1419949990129254,1.0293705616032456,1.0639568747063584,1.0639568747063584,1.122091156734072,1.3290513767906456,1.4286525135900012
FOODS_3_262_TX_3_validation,0.4288522969178279,0.45269418513387977,0.4872643841916793,0.45593002426169527,0.4953811045948949,0.6072374136729822,0.6831375485065023,0.7021959134710796,0.6158478203315957,0.6301154754813534,0.670785199629512,0.683148138830714,0.8281137497575615,0.9176022095126146,0.7402761497823509,0.6630536318785191,0.5140290198654024,0.5468982279785345,0.5921303752928684,0.7197463931903555,0.7956465280238756,0.670360581926985,0.61011605989226,0.5901233150390787,0.6021484220123956,0.6537200352510516,0.7466465926462104,0.8338319493675139
FOODS_3_263_TX_3_validation,8.18034759630735,7.378780573646693,7.306856799058256,7.101462683044484,7.375163587729941,9.51673870821063,10.08103496832387,8.60090560451089,7.560360767112862,7.660516684656073,7.402361986426623,7.726642243096926,9.785928074175718,10.224735707288845,8.458593846661454,7.413263673060626,7.083254491435718,7.083254491435718,7.70843405148816,9.785928074175718,10.224735707288845,8.45371645065046,7.413263673060626,7.083254491435718,7.083254491435718,7.70843405148816,9.785928074175718,10.224735707288845
FOODS_3_264_TX_3_validation,0.29437312978624297,0.37477574451805246,0.29963470521941954,0.28469574349784776,0.3188510730392522,0.5142241058230604,0.5493628903492528,0.6093241521977436,0.5385123582144751,0.5327998997273351,0.5327998997273351,0.6081329493004225,0.744797484395373,0.8317390990108381,0.6793191185426894,0.6044641567225009,0.6457579298786035,0.491580555788349,0.536812703102683,0.630934904542117,0.6902688802071173,0.5622327419798335,0.5160644136602568,0.47643874288238236,0.5093079509955144,0.5545400983098483,0.6697601338950471,0.74786287908002
FOODS_3_265_TX_3_validation,0.886840078662188,0.9563329140148948,0.9821185247740118,0.9483652761350304,1.033522021050097,1.277645600722833,1.3246764675670337,1.2410918466926433,1.0037434844877087,0.9957758466078438,0.8985233544437746,0.9356129142694494,1.084718469486667,1.203217901746939,1.0075086064450127,0.89531569647903,0.8583913362782891,0.8873480585991655,0.9325802059134994,0.9603484975230646,1.140129388834494,0.9993660189563537,0.9034582839676891,0.8830946637755361,0.8830946637755361,0.9336019373553593,1.0870193116602205,1.186620448459576
FOODS_3_266_TX_3_validation,0.26515358554103524,0.29605662429926655,0.27622227347901507,0.2874647915878658,0.32162012112927024,0.42761996895879884,0.5413903272655535,0.5544683686917882,0.5350522038453074,0.5387251016625291,0.5387251016625291,0.6001105124065749,0.7803529990890656,0.8577786672991133,0.6944316047567063,0.49976136471564475,0.49300490205090225,0.47643874288238236,0.5006467723822163,0.5933446275590971,0.6692447623926172,0.5622327419798335,0.4621710877326235,0.47643874288238236,0.47643874288238236,0.5545400983098483,0.6348419711744405,0.7414587977534924
FOODS_3_267_TX_3_validation,1.017384703917212,0.9476135899201258,0.9691040583801125,0.9691040583801125,1.0690649567076693,1.270110290161449,1.3697114269608046,1.236818088720698,1.0885219658735859,1.0805543279937215,1.0805543279937215,1.1257864753080553,1.3456488300780087,1.4452499668773644,1.236818088720698,1.0885219658735859,1.0805543279937215,0.9957758466078438,1.0685580945012747,1.2414624664138973,1.3410636032132532,1.0958237680249785,0.9517229665606698,0.9437553286808054,0.9437553286808054,1.0044290315355275,1.2004530384072145,1.2970214668506201
FOODS_3_268_TX_3_validation,0.18039398999116513,0.37688973731036635,0.3854770733359286,0.372926425540261,0.39759772360147966,0.5688216172582042,0.6270107485730314,0.6594009716217488,0.5910122135899976,0.5990220710953518,0.61689187370188,0.6621240210162139,0.8265602617731279,0.9190265557751678,0.7402761497823509,0.6840777496930192,0.5140290198654024,0.49300490205090225,0.5382370493652362,0.6519590223566171,0.7068350393756371,0.5622327419798335,0.5160644136602568,0.5093079509955144,0.544226113716121,0.5894582610304548,0.6761642152215747,0.7666558934780037
FOODS_3_269_TX_3_validation,0.35251816881337195,0.35853135692092175,0.39763308202684583,0.4076253838194036,0.4681005819671033,0.5754834591962775,0.6513835940297976,0.6494194158008738,0.6057785337600942,0.5990220710953518,0.6090913576668533,0.6543235049811872,0.8055361439586278,0.9400506735896679,0.7941694757099831,0.7518651205267576,0.6562971692137767,0.49300490205090225,0.5592611671797363,0.6519590223566171,0.7607283653032693,0.6676103897965918,0.5885728533638832,0.5494190198275265,0.5682120342255101,0.6029712226911152,0.7178090608998425,0.7666558934780037
FOODS_3_270_TX_3_validation,0.33439821894971633,0.34392889555837886,0.3499911135723739,0.3584645835912067,0.39759772360147966,0.5543597753091499,0.63025991014267,0.6738628135708031,0.5781935329112603,0.5899071780227317,0.6068225871303785,0.6520547344447124,0.7818785324655932,0.9040138845910816,0.7252634785982647,0.6506993740144691,0.6548728229512235,0.49300490205090225,0.5382370493652362,0.6519590223566171,0.7278591571901372,0.5951019500929654,0.5509825763808633,0.5093079509955144,0.544226113716121,0.5894582610304548,0.6761642152215747,0.7666558934780037
FOODS_3_271_TX_3_validation,0.025168559336970375,0.4875324324384791,0.37107161851895815,0.30810817523825224,0.3188510730392522,0.5142241058230604,0.5800582488896228,0.6093241521977436,0.5385123582144751,0.5327998997273351,0.5327998997273351,0.6449922048127257,0.7816567399076761,0.8145532266714496,0.6609494761883853,0.6593768832409063,0.6526204205761639,0.6457579298786035,0.536812703102683,0.6295105582795638,0.7068350393756371,0.5622327419798335,0.4831952055471249,0.5093079509955144,0.5093079509955144,0.5894582610304548,0.6697601338950471,0.74786287908002
FOODS_3_272_TX_3_validation,0.4391625390333117,0.3712094181861705,0.4459377224691375,0.45593002426169527,0.5179400705925433,0.6050039396671433,0.7620385496710745,0.7979014427740971,0.6775416622942544,0.670785199629512,0.7057033623501185,0.7903408051763491,0.7224965853207487,0.7983967201542688,0.6891535963249686,0.5913230454942764,0.5818163906991408,0.583355407614412,0.6285875549287459,0.7224965853207487,0.8171897345522524,0.6891535963249686,0.5913230454942764,0.6021484220123956,0.6021484220123956,0.6473805693267295,0.7508480636212851,0.8338319493675139
FOODS_3_273_TX_3_validation,0.6609049335709124,0.6391159820291281,0.5904645791349065,0.5972119563623782,0.6384490233635641,0.9534811161182631,1.0644359375832844,0.8766519449096813,0.6269284846653109,0.6189608467854465,0.6021484220123956,0.6641929940997804,0.7632440459335736,0.8504294026548772,0.713359677746807,0.6803549406780423,0.6723873027981778,0.6189608467854465,0.6641929940997804,0.7646616118302928,0.9176892046423806,0.7667861337595383,0.6868178581161801,0.6723873027981778,0.6599913204858893,0.7169615115038503,0.8469303435420239,0.9465314803413803
FOODS_3_274_TX_3_validation,0.5638741222204123,0.6313154659941014,0.5894114403273515,0.61132272114092,0.573987866541626,0.7059502068769887,0.7816646581560766,0.7979014427740971,0.7715933085262576,0.7636256706463932,0.7448326562484096,0.8088578179607271,0.9552961346471399,0.8646149461358261,0.7275452212277558,0.694540484158991,0.6331463902663954,0.6189608467854465,0.6641929940997804,0.7646616118302928,0.8642627486296492,0.7667861337595383,0.6868178581161801,0.6788502202363157,0.6723873027981778,0.6641929940997804,0.8056920855307356,0.9010917513550173
FOODS_3_275_TX_3_validation,1.3642913923641264,1.2601077293197427,1.3421256410230202,1.3288977915528914,1.2746107043008128,1.5486505115028681,1.6324433857274254,1.4019579069066024,1.1529091282944954,1.1449414904146311,1.1915702379228714,1.2429283416936536,1.460749052473061,1.495641070360894,1.2872091922042277,1.134828756891213,1.11446513669906,1.11446513669906,1.167746263933402,1.3836439512492498,1.4832450880486054,1.2748132098919391,1.122216403595589,1.1142487657157247,1.178398322108324,1.2392330231196702,1.3794424802741752,1.48302871706527
FOODS_3_276_TX_3_validation,0.025168559336970375,0.4875324324384791,0.37107161851895815,0.30810817523825224,0.3188510730392522,0.5142241058230604,0.5800582488896228,0.6093241521977436,0.5385123582144751,0.5327998997273351,0.5327998997273351,0.6449922048127257,0.7816567399076761,0.8145532266714496,0.6609494761883853,0.6593768832409063,0.6526204205761639,0.6457579298786035,0.536812703102683,0.6295105582795638,0.7068350393756371,0.5622327419798335,0.4831952055471249,0.5093079509955144,0.5093079509955144,0.5894582610304548,0.6697601338950471,0.74786287908002
FOODS_3_277_TX_3_validation,2.203865526723794,2.002412383172101,2.0350238057084242,2.0516495751771564,2.224675489603708,2.766565294870628,3.0639986846333973,2.521697422583286,2.3803737621134813,2.2339462319168164,2.2749466675609975,2.3187862385244276,2.890703879277369,3.0940031998105373,2.505037362496542,2.324380254936209,2.1854044330658104,2.089287721700759,2.1767248175291716,2.6276675030067627,2.804400942007062,2.2806281595107034,1.9986646194591575,2.0401826721282026,2.0401826721282026,2.1650235417666557,2.5406420189455083,2.848087328341142
FOODS_3_278_TX_3_validation,2.260321230802353,2.2004603538390866,1.910337769105303,1.9094728424806466,1.9025805334944061,2.256404670144207,2.2285154761661916,2.1235204085824613,1.9183054069851673,1.8926483822573694,1.8506180425178769,1.9851899336500856,2.3309027381903715,2.506526436233762,2.1798299943705697,1.9437382934372949,1.9377605839961902,1.9357706555574306,1.9957584644512198,2.2669161375819193,2.526914298248516,2.2176588631349867,1.901707953697804,1.8971658532907556,1.9391961930302464,1.9764322427553307,2.18627192176316,2.3928610257012
FOODS_3_279_TX_3_validation,0.129025878580382,0.29605662429926655,0.27622227347901507,0.2874647915878658,0.32162012112927024,0.42761996895879884,0.5493628903492528,0.5544683686917882,0.5350522038453074,0.5327998997273351,0.5327998997273351,0.5690591562596521,0.7816567399076761,0.8145532266714496,0.6609494761883853,0.5947720235946339,0.6063852032841957,0.6544354391050407,0.527697810030063,0.6295105582795638,0.6591754758211157,0.5412086241653334,0.4621710877326235,0.47643874288238236,0.47643874288238236,0.5545400983098483,0.6348419711744405,0.7414587977534924
FOODS_3_280_TX_3_validation,0.33439821894971633,0.34392889555837886,0.41045176270558315,0.4204440644981409,0.4953811045948949,0.5895264101542893,0.6864506628023095,0.6738628135708031,0.6446724541811225,0.670785199629512,0.6379159915163801,0.683148138830714,0.8970197468692799,0.9190265557751678,0.7388518035197977,0.6630536318785191,0.5140290198654024,0.5140290198654024,0.5921303752928684,0.6848282304697492,0.7956465280238756,0.6676103897965918,0.5573866577073909,0.5494190198275265,0.5682120342255101,0.6029712226911152,0.7178090608998425,0.8049944176211461
FOODS_3_281_TX_3_validation,5.749882785157332,5.228886867560692,5.188975360496782,5.308640228639346,5.7504698582046885,6.928070731909602,7.301426157409937,5.970753497106946,5.495464302275693,5.404312716440255,5.404312716440255,5.809391888532694,7.013577353715772,7.094437603508231,5.758686500700119,5.162701553730041,5.071549967894601,5.071549967894601,5.478581428596522,6.5107197697673405,6.898014452121925,5.707446421928591,5.178150229507689,5.1372265800745485,5.1372265800745485,5.507941804519075,6.663921147046899,7.042688823085998
FOODS_3_282_TX_3_validation,12.109681988413312,10.626099269141406,10.025390092417325,9.694583680523216,10.639746811089287,12.702859554302437,13.562541007250399,11.870382341629634,10.353792008995693,9.990296174882006,10.149709686245288,11.335788199437799,13.000865496186798,13.655078976735005,11.953045163519828,10.353792008995693,10.285697240726517,10.444346482314959,11.63042499550747,13.03353990405785,13.714631885764463,11.737472520882491,10.034017753740146,9.928213128339733,9.928213128339733,10.880502502556912,12.543857265081995,13.042499237775846
FOODS_3_283_TX_3_validation,0.5177693009800426,0.5709547539532314,0.5726717613073217,0.61132272114092,0.6482640753936619,0.7882488877572937,0.808258188589087,0.8290876384305894,0.7500501019978808,0.7448326562484096,0.7448326562484096,0.8106728364896039,0.7412895997187323,0.8171897345522524,0.713359677746807,0.6269284846653109,0.6189608467854465,0.6189608467854465,0.6641929940997804,0.7632440459335736,0.8504294026548772,0.713359677746807,0.6269284846653109,0.6189608467854465,0.6723873027981778,0.7071464912637829,0.8079535319937987,0.9010917513550173
FOODS_3_284_TX_3_validation,0.025168559336970375,0.4875324324384791,0.37107161851895815,0.30810817523825224,0.3188510730392522,0.5142241058230604,0.5800582488896228,0.6093241521977436,0.5385123582144751,0.5327998997273351,0.5327998997273351,0.6449922048127257,0.7816567399076761,0.8145532266714496,0.6609494761883853,0.6593768832409063,0.6526204205761639,0.6457579298786035,0.536812703102683,0.6295105582795638,0.7068350393756371,0.5622327419798335,0.4831952055471249,0.5093079509955144,0.5093079509955144,0.5894582610304548,0.6697601338950471,0.74786287908002
FOODS_3_285_TX_3_validation,1.149005810095139,1.0725814845812789,1.0235580789176388,0.9839335433028886,1.038369747934924,1.277645600722833,1.3772467375221884,1.1450277073688753,1.0037434844877087,0.9663177402679934,0.9957758466078438,1.041007993922178,1.253858448726186,1.3534595855255418,1.1450277073688753,1.0417665439155341,1.0337989060356698,0.9957758466078438,1.0013834583074284,1.2170504916945777,1.3534595855255418,1.108219750337267,0.9913475021754201,0.9833798642955557,0.9833798642955557,1.0338871378753787,1.2372609954388227,1.30005417520657
FOODS_3_286_TX_3_validation,0.4288522969178279,0.45269418513387977,0.4872643841916793,0.46624026637717875,0.5164052224093953,0.6183510440038162,0.6942511788373363,0.756579198726963,0.6236483363666224,0.61689187370188,0.6379159915163801,0.6849631573595908,0.6848282304697492,0.7607283653032693,0.5998230189628534,0.5536546906432769,0.5818163906991408,0.5468982279785345,0.5894582610304548,0.6821561162073356,0.7580562510408557,0.6364241941400995,0.5573866577073909,0.5682120342255101,0.5777273327267901,0.6029712226911152,0.7178090608998425,0.7666558934780037
FOODS_3_287_TX_3_validation,0.48968267006014626,0.4840285450638634,0.5305073570973557,0.5654255198179623,0.5606587493481766,0.6949577085140319,0.770857843347552,0.7979014427740971,0.7188639063413885,0.76544068917527,0.6021484220123956,0.6641929940997804,0.7646616118302928,0.8504294026548772,0.713359677746807,0.6269284846653109,0.6723873027981778,0.6723873027981778,0.7240823675506496,0.824550985281162,0.9176892046423806,0.713359677746807,0.6269284846653109,0.6723873027981778,0.6189608467854465,0.6641929940997804,0.7522656295180042,0.847665295342286
FOODS_3_288_TX_3_validation,6.752805479789283,5.786391267551446,5.943356655873649,5.8705387288088415,6.301221408097331,7.562519061926002,8.487434879363741,6.90397223073587,6.05286598241075,6.017348575525579,6.017348575525579,6.510591963179847,8.100224012217865,8.673113898184102,7.099394461412468,6.152823989617812,6.1725289750791585,6.099711048014351,6.592954435668617,8.077870293403555,8.555020419225222,7.157324549919875,6.124488600506478,6.099711048014351,6.1725289750791585,6.665772362733425,8.077870293403555,8.747347663118985
FOODS_3_289_TX_3_validation,0.5180985138313692,0.4541940123977861,0.4289674419568295,0.43895974374938723,0.49568558281593744,0.6004796667762888,0.9098016934775878,0.6848160701928027,0.6158478203315957,0.5990220710953518,0.61689187370188,0.6997142979992338,0.8431264209416477,0.9400506735896679,0.7959844942388599,0.5885728533638832,0.5818163906991408,0.583355407614412,0.6285875549287459,0.7412895997187323,0.8504294026548772,0.713359677746807,0.6269284846653109,0.6189608467854465,0.6189608467854465,0.6537200352510516,0.8014906145556608,0.9075546687931552
FOODS_3_290_TX_3_validation,2.892483685139525,2.732816087698731,2.7956042162493104,2.6203326029871237,2.985092134859422,3.4904958140167524,3.737658041553435,3.0752524465007505,2.6884601498894205,2.601049173961576,2.676291041034481,2.841322663260553,3.501494193486528,3.7981522606600278,3.0710509755256754,2.82674871833594,2.8222066179288916,2.862876014900701,3.0279076371267735,3.5278103357327786,3.744862384458982,3.010700665559541,2.8674181153077494,2.862876014900701,2.651683191863013,2.821996170125463,3.349832504330173,3.527545103577049
FOODS_3_291_TX_3_validation,1.950236126582682,1.7465690542676775,1.8296935532865426,1.8404816191193891,1.9801275613293141,2.31916008529549,2.5165673528970776,2.205348195944112,1.9502948300613443,2.0515326093178152,2.0515326093178152,2.2247030997714456,2.579874346271325,2.8607259812402135,2.5050999692959217,2.2293304957334485,2.091913127102928,2.0258016670852865,2.0740184915108113,2.411661434355398,2.5914076466824354,2.17476359677084,1.9428733668126392,1.941186121469006,1.9661405916690498,2.0709301543659557,2.4360998037268313,2.526914298248516
FOODS_3_292_TX_3_validation,4.65990267200024,4.022732491623831,4.101378057289334,4.096226808115699,4.46203892300769,5.286700116092849,5.835123912957362,4.548679504557823,4.304027701281208,3.919075569717338,3.994013229097033,4.196921091994397,5.171040869260995,5.5167943006296145,4.548679504557823,4.061347810752805,3.8619947586132897,3.8619947586132897,4.150020131604869,5.234024998172501,5.632453547461468,4.740695308225723,4.304027701281208,4.173689711040943,4.173689711040943,4.282038602088607,5.180132460713183,5.614482685655814
FOODS_3_293_TX_3_validation,0.8519751711107397,0.45313656027283467,0.45211997864633235,0.5083474977308594,0.5325105254797059,0.6937851398498177,0.9568719492591484,0.692126626899578,0.6158478203315957,0.6301154754813534,0.6361423953147,0.6904894357016539,0.8353259049066208,0.9400506735896679,0.761300267596851,0.7151319392772745,0.7451086578620152,0.583355407614412,0.6285875549287459,0.7412895997187323,0.8504294026548772,0.713359677746807,0.6269284846653109,0.6723873027981778,0.6788502202363157,0.7136094087019208,0.8469303435420239,0.954584622410628
FOODS_3_294_TX_3_validation,0.12103054063004666,0.319469056039671,0.29963470521941954,0.28469574349784776,0.3188510730392522,0.45946787861866495,0.5800582488896228,0.5624409317754875,0.5385123582144751,0.5327998997273351,0.5327998997273351,0.6449922048127257,0.7816567399076761,0.8145532266714496,0.6609494761883853,0.6410072408866021,0.6526204205761639,0.6457579298786035,0.527697810030063,0.6295105582795638,0.7068350393756371,0.5412086241653334,0.4831952055471249,0.47643874288238236,0.5093079509955144,0.5545400983098483,0.6697601338950471,0.7414587977534924
FOODS_3_295_TX_3_validation,7.131363969588668,6.003821947051738,6.192877329312138,6.169103437606342,6.665772362733425,8.174457777152748,8.952043396700503,7.157324549919875,6.210754078125221,6.1725289750791585,6.1725289750791585,6.665772362733425,8.174457777152748,8.747347663118985,7.157324549919875,6.210754078125221,6.1725289750791585,6.1725289750791585,6.665772362733425,8.174457777152748,8.747347663118985,7.157324549919875,6.210754078125221,6.1725289750791585,6.1725289750791585,6.665772362733425,8.174457777152748,8.747347663118985
FOODS_3_296_TX_3_validation,0.9732790767737131,0.7615134536060734,0.8219120262251628,0.8851304311015658,0.922162453809948,1.1962792753977949,1.4146518303899795,1.3952626289987449,1.2469665061516326,1.2478316951483344,1.2438465951565951,1.1782192227821309,1.4000250335532776,1.5603501892724168,1.3271386165752757,1.134828756891213,1.1268611190113487,1.1268611190113487,1.1782192227821309,1.3042495522097157,1.4488856484028423,1.1586108538207964,0.8983484048349799,0.8985233544437746,0.8985233544437746,1.0013834583074284,1.2046545093822891,1.3368621322381786
FOODS_3_297_TX_3_validation,0.6875649077156782,0.6313154659941014,0.5706184259293678,0.5654255198179623,0.5919931092781605,0.7071609580310557,1.0105882365537988,0.8506308449589662,0.7902207518281853,0.6189608467854465,0.6189608467854465,0.6641929940997804,0.7412895997187323,0.8504294026548772,0.713359677746807,0.6803549406780423,0.6723873027981778,0.6788502202363157,0.7630591790988748,0.8180880678430241,0.9176892046423806,0.7608530688853876,0.6744218758038916,0.6664542379240271,0.6599913204858893,0.7071464912637829,0.8079535319937987,0.9075546687931552
FOODS_3_298_TX_3_validation,0.1416023634425031,0.30939965559582344,0.28769570454701787,0.29616917456585057,0.330324504107255,0.4283517888530844,0.5500947102435383,0.563172751669773,0.544437560149669,0.5327998997273351,0.5293397453581674,0.5749843581948462,0.7619833567347615,0.8501087413651423,0.6790282613062965,0.613141665948938,0.6457579298786035,0.491580555788349,0.527697810030063,0.6295105582795638,0.6591754758211157,0.5412086241653334,0.4621710877326235,0.47643874288238236,0.47643874288238236,0.5545400983098483,0.6348419711744405,0.7414587977534924
FOODS_3_299_TX_3_validation,0.9821508442646946,1.0226996943105036,1.0456867725493364,0.9738300675982704,1.0211930910559046,1.2164828895956272,1.287868510535425,1.1450277073688753,1.0417665439155341,1.0805543279937215,1.0805543279937215,1.1257864753080553,1.349633930069748,1.5099590857888872,1.3700345904769256,1.2168968063417094,1.1791742556105829,1.1184502366907993,1.167746263933402,1.3836439512492498,1.48302871706527,1.2706117389168645,1.1182313036038498,1.1102636657239855,1.1102636657239855,1.1710983667353316,1.3794424802741752,1.387253235721708
FOODS_3_300_TX_3_validation,3.220332364344343,2.9122585781729557,2.87326085819348,2.8773800173385338,3.0671944844828,3.7078292710687695,3.802353731635103,3.1690672620774345,2.885347655218398,2.8773800173385338,2.8731785463634587,3.0588559500986436,3.705278719063587,3.910655681668567,3.153190704981136,2.881146184243323,2.8731785463634587,2.8615034602422353,3.0588559500986436,3.705278719063587,3.8852994410662265,3.153190704981136,2.8694710981220997,2.7190134208206405,2.8649289977150514,3.0506064014502363,3.693603632942364,3.8852994410662265
FOODS_3_301_TX_3_validation,0.8757336326550356,0.9261306371447748,0.9181629992649104,0.9181629992649104,0.9216931763323035,1.1304366253001805,1.1774674921443813,1.0777995795297695,0.9610862405170082,0.8954906460878247,0.9531186026371438,0.998350749951479,1.2140177833386274,1.1812868979300726,0.9993660189563537,0.8663589741581535,0.8583913362782891,0.8873480585991655,0.9407227934021586,1.1036167649475837,1.203217901746939,1.0075086064450127,0.8910623016554006,0.8830946637755361,0.8830946637755361,0.9302498345534298,1.0870193116602205,1.186620448459576
FOODS_3_302_TX_3_validation,2.63896941884585,2.4835622861940134,2.2216552597828225,2.1116945720134397,2.1707645154251587,2.606694206623922,3.0014565217158284,2.540204654801914,2.3103798908696462,2.217348778629452,2.1714040689992475,2.2526593190629014,2.6412680202137753,2.8927567003463404,2.4541554059643627,2.1684760471449325,2.1714040689992475,2.1714040689992475,2.3221383413263568,2.7499678415832634,2.948713329609409,2.4541554059643627,2.1684760471449325,2.075287357634196,2.0258016670852865,2.1305912297821914,2.6234660320316876,2.848087328341142
FOODS_3_303_TX_3_validation,0.5177693009800426,0.6013395047856326,0.5488760017712311,0.604575343913448,0.5958096578165311,0.7422215910640937,0.8604300587070015,0.8459993946344367,0.8418321893120398,0.8421424873991901,0.7178270317845409,0.7711123211681224,0.8857664823795836,0.9773144771096934,0.8344645482960977,0.7480333552146017,0.6865728462791265,0.6930357637172644,0.7382679110315983,0.8387365287621107,0.9383376655614671,0.713359677746807,0.6803549406780423,0.6189608467854465,0.6723873027981778,0.7176194501125117,0.8056920855307356,0.9075546687931552
FOODS_3_304_TX_3_validation,1.1560236184428283,1.0526726146606034,1.0025673154297563,1.0025673154297563,0.9590009901972532,1.167566601837525,1.3246764675670337,1.1900626667626464,1.0037434844877087,0.9957758466078438,0.9663177402679934,1.041007993922178,1.1066494733035335,1.2062506101028894,1.010541314800963,0.9034582839676891,0.8954906460878247,0.8954906460878247,0.998350749951479,1.2140177833386274,1.3136189201379833,1.1051870419813168,0.9034582839676891,0.8873480585991655,0.8873480585991655,0.9325802059134994,1.091220782635295,1.186620448459576
FOODS_3_305_TX_3_validation,1.4222290284276886,1.2013111601558562,1.1933435222759918,1.2659414499319246,1.2838434734577937,1.487568912825658,1.5313085329597924,1.3231535165835364,1.1388138568829522,1.1268611190113487,1.080105697053297,1.1314638008240792,1.3492845116034866,1.495641070360894,1.2872091922042277,1.0500502755053358,1.080105697053297,1.0805543279937215,1.1257864753080553,1.3456488300780087,1.436839084556815,1.2284072064001488,1.14083510247282,1.0721434456731722,1.1286659936178811,1.118665619261256,1.3290513767906456,1.4286525135900012
FOODS_3_306_TX_3_validation,3.7022652720389746,3.241445163088374,2.8958029080894487,2.8297428750226477,2.9905792560445335,3.6096857434383933,3.9119210615049216,3.181478795454586,2.8977591885955496,2.889775999650823,2.889775999650823,3.1863043087321348,3.8373475167843307,4.183619040523092,3.4075289993727926,3.0637956950779968,3.0592535946709485,3.1075562996261685,3.335188044528901,4.027899060440303,4.290285687830036,3.4765712029679197,3.0937572043098642,3.025443546245453,2.9365974259775802,3.122274829712765,3.7705566734818374,3.9876087222080407
FOODS_3_307_TX_3_validation,2.8208996622469633,2.6555419066652526,2.4423649263475373,2.3573014519872073,2.5259557276730598,3.196070934205862,3.310485951694791,2.737703889782932,2.5893720371231495,2.581404399243285,2.6010663855269,2.7672147940281806,3.4195083856993143,3.4683925829226134,2.8492176265414026,2.6090168118414403,2.601049173961576,2.676291041034481,2.7758482528664876,3.349832504330173,3.679206792733404,2.92856093610408,2.6842586789143454,2.600273240459317,2.600273240459317,2.7135058563664667,3.315661196539183,3.408020564768939
FOODS_3_308_TX_3_validation,1.0271947275396043,0.9900861626538763,0.9821185247740118,0.9971326809337372,1.0934407413962537,1.3042495522097157,1.3534595855255418,1.1450277073688753,0.9742853781478579,0.9561513109930939,0.9663177402679934,1.041007993922178,1.253858448726186,1.2062506101028894,1.010541314800963,0.9610862405170082,0.9632850319120426,0.9927431382518946,0.998350749951479,1.2140177833386274,1.286231457686436,1.0777995795297695,0.9588566874796185,0.9508890495997541,0.9761456849645311,1.0342799669922444,1.234228287082873,1.3368621322381786
FOODS_3_309_TX_3_validation,0.5781948904255239,0.624597424912827,0.4910218595541575,0.7726830114126663,0.6810791610734541,0.8380242372412275,0.9098016934775878,0.732475633747324,0.6822627311641424,0.6755062684994,0.7083754766125321,0.7903408051763491,0.7197463931903555,0.7983967201542688,0.670360581926985,0.61011605989226,0.6021484220123956,0.6189608467854465,0.6641929940997804,0.7646616118302928,0.9176892046423806,0.7608530688853876,0.709197216377042,0.6622527669489524,0.7046551159699936,0.7593638605248916,0.8079535319937987,0.9075546687931552
FOODS_3_310_TX_3_validation,0.9462906866969923,0.8863344325135043,0.8702242071449807,0.7787068597078576,0.8199439267090435,0.9204125444395559,1.0073793643672662,0.8564762934844219,0.7700451004029258,0.8246380876393081,0.8535948099601843,0.9069695447631774,0.9879579820799829,1.0073793643672662,0.8564762934844219,0.7480333552146017,0.7620774625230614,0.7620774625230614,0.8073096098373953,0.8857664823795836,1.0073793643672662,0.8344645482960977,0.7576491180906373,0.7496814802107729,0.7496814802107729,0.8001887537905961,0.8911807742805444,0.9907819110799027
FOODS_3_311_TX_3_validation,0.7735178211575395,0.7093548628149103,0.6725496931886781,0.6808276291556927,0.7489452789216333,0.8615101254356163,0.9221344506867475,0.7732490511976762,0.7257946696644053,0.6788502202363157,0.7178270317845409,0.7630591790988748,0.8715809388986349,0.9711820756979913,0.8344645482960977,0.7480333552146017,0.6930357637172644,0.7320125752654896,0.7852978646490711,0.9077782275679077,1.0073793643672662,0.8440803111721333,0.7275842308330654,0.719616592953201,0.719616592953201,0.7667717637310947,0.8263405464498221,0.9607170238223289
FOODS_3_312_TX_3_validation,0.5390974077841348,0.5372638197620981,0.46624026637717875,0.4976381489842241,0.5466757320204365,0.8970197468692799,0.9353296047197799,0.7933123799764463,0.7518651205267576,0.583355407614412,0.6021484220123956,0.6473805693267295,0.7412895997187323,0.8504294026548772,0.713359677746807,0.6269284846653109,0.6189608467854465,0.6189608467854465,0.6641929940997804,0.7646616118302928,0.8504294026548772,0.713359677746807,0.6269284846653109,0.6189608467854465,0.6065648644731579,0.7104985940657125,0.8079535319937987,0.9010917513550173
FOODS_3_313_TX_3_validation,9.292615588021857,8.50363245836103,8.377646795515048,8.821659737847312,9.840050790850405,11.670336502876111,12.200700131668642,9.988308067099801,8.877541979803864,8.79161477172591,8.641220747864855,9.420264480952094,10.786091719994397,11.779438910059378,9.892567880755397,8.727147955942808,8.289538569626488,8.15702913098155,8.724746717468141,10.574440986389469,11.135255010759241,9.316063607822956,8.354891818509248,8.217840279457263,8.373573600498487,9.196203188544915,11.101885783668878,11.7186673065584
FOODS_3_314_TX_3_validation,0.3211619204255056,0.3538688121673668,0.34815635368022696,0.2874647915878658,0.32162012112927024,0.47960714807317617,0.5413903272655535,0.6013515891140443,0.5385123582144751,0.5293397453581674,0.5293397453581674,0.6175183056047842,0.7619833567347615,0.8501087413651423,0.6790282613062965,0.6616292856159659,0.491580555788349,0.49300490205090225,0.5382370493652362,0.6143687453735972,0.7231380883202492,0.5951019500929654,0.5509825763808633,0.5093079509955144,0.5093079509955144,0.5545400983098483,0.6697601338950471,0.74786287908002
FOODS_3_315_TX_3_validation,0.10096576248917655,0.35860482108430686,0.29963470521941954,0.28469574349784776,0.3188510730392522,0.462236926708683,0.5493628903492528,0.5624409317754875,0.5385123582144751,0.5327998997273351,0.5327998997273351,0.5690591562596521,0.7816567399076761,0.8145532266714496,0.6609494761883853,0.5947720235946339,0.6063852032841957,0.6457579298786035,0.527697810030063,0.6295105582795638,0.6591754758211157,0.5412086241653334,0.4831952055471249,0.47643874288238236,0.5093079509955144,0.5545400983098483,0.6697601338950471,0.7414587977534924
FOODS_3_316_TX_3_validation,0.4685815674667019,0.47330120726296465,0.4574298515256018,0.43895974374938723,0.5077818115994082,0.575064568205235,0.6509647030387551,0.6948853567643042,0.5966636406874741,0.6068225871303785,0.6068225871303785,0.6621240210162139,0.8283752803020047,0.9418656921185447,0.6326922270759855,0.5536546906432769,0.5818163906991408,0.5818163906991408,0.6285875549287459,0.7224965853207487,0.8171897345522524,0.713359677746807,0.6145325023530224,0.6065648644731579,0.6065648644731579,0.6570721380529811,0.7466465926462104,0.8338319493675139
FOODS_3_317_TX_3_validation,1.03112432042365,0.8296272863475074,0.8458374937411492,0.9163479807360336,0.8730828940350515,0.8637413705858308,0.9881337754524637,0.9959417969300947,0.9014574617793516,0.854513012351262,0.854513012351262,0.9405369897426978,0.8857664823795836,1.0073793643672662,0.8564762934844219,0.8326057255191726,0.7620774625230614,0.8246380876393081,0.869870234953642,1.029115491175562,1.0875591188793394,0.9656127703173719,0.7700451004029258,0.8246380876393081,0.8411988276478958,0.891706101227719,0.9713605287926197,0.9907819110799027
FOODS_3_318_TX_3_validation,10.19715919852351,9.123833109150407,9.049523404737295,8.99677204239878,10.416903498455575,11.771067098708926,12.200700131668642,10.19715919852351,9.123833109150407,8.99677204239878,8.99677204239878,9.9682360503571,11.771067098708926,12.02857863169325,10.133929972911044,9.123833109150407,9.049523404737295,9.049523404737295,9.9682360503571,11.771067098708926,12.200700131668642,10.133929972911044,9.071081746811892,9.049523404737295,9.049523404737295,9.9682360503571,11.437963570396763,12.029595759017965
FOODS_3_319_TX_3_validation,0.025168559336970375,0.4875324324384791,0.37107161851895815,0.30810817523825224,0.3188510730392522,0.5142241058230604,0.5800582488896228,0.6093241521977436,0.5385123582144751,0.5327998997273351,0.5327998997273351,0.6449922048127257,0.7816567399076761,0.8145532266714496,0.6609494761883853,0.6593768832409063,0.6526204205761639,0.6457579298786035,0.536812703102683,0.6295105582795638,0.7068350393756371,0.5622327419798335,0.4831952055471249,0.5093079509955144,0.5093079509955144,0.5894582610304548,0.6697601338950471,0.74786287908002
FOODS_3_320_TX_3_validation,0.5670769486690564,0.5606352095740804,0.5638710487018959,0.5894114403273515,0.6306485073285374,0.9676350462980778,1.0764542650291793,0.8506308449589662,0.7884057332993085,0.7804380954194441,0.794623638900393,0.7885826380275672,0.9687279422194627,1.0446280770529839,0.8658776710601674,0.6262980595949776,0.6183304217151132,0.6371234361130971,0.682355583427431,0.7412895997187323,0.8504294026548772,0.713359677746807,0.6803549406780423,0.6723873027981778,0.6664542379240271,0.7559383230520755,0.8469303435420239,0.9465314803413803
FOODS_3_321_TX_3_validation,6.480042445009898,5.384674906420446,5.29009778311219,5.218474676340671,5.721958019746581,7.185482821357946,7.512988319823321,6.142581817897992,5.279618244681516,5.185041121373262,5.185041121373262,5.555756345817787,6.715161225818429,7.093928901857527,5.810880895307358,5.439999548131807,5.188975360496782,5.188466658846078,5.5586731816399,6.715161225818429,7.093928901857527,5.810880895307358,5.28012694633222,5.188975360496782,5.188466658846078,5.559181883290604,6.8830952337042834,7.094437603508231
FOODS_3_322_TX_3_validation,1.4935733512239817,1.1840460254508534,1.2223851785886162,1.2364804500001594,1.3382273383670178,1.575470371855465,1.804558990586707,1.4019579069066024,1.213633147214279,1.2056655093344146,1.2424622830480228,1.2570236131051968,1.5486505115028681,1.7750979906549418,1.5228072258558856,1.4059819135960945,1.3113107003572755,1.3113107003572755,1.293820386818805,1.5486505115028681,1.706249573345689,1.5228072258558856,1.2495774715935877,1.2056655093344146,1.2300663007357342,1.3555479480812584,1.532053058215505,1.7585005373675786
FOODS_3_323_TX_3_validation,0.1711078076663104,0.32216933504530515,0.3004653839964996,0.29616917456585057,0.32162012112927024,0.42761996895879884,0.5413903272655535,0.5544683686917882,0.5350522038453074,0.5293397453581674,0.5387251016625291,0.6001105124065749,0.7619833567347615,0.8501087413651423,0.6790282613062965,0.613141665948938,0.6457579298786035,0.6457579298786035,0.527697810030063,0.6295105582795638,0.7054106931130839,0.5412086241653334,0.4831952055471249,0.47643874288238236,0.5093079509955144,0.5545400983098483,0.6697601338950471,0.7414587977534924
FOODS_3_324_TX_3_validation,4.54861242972533,4.194940213077399,3.823195365615775,3.859517705866497,3.908189984785294,5.091830860697283,5.5167943006296145,4.416661034074082,3.781419348926126,3.740073138569092,3.825190648663304,4.028098511560665,4.970207556313384,5.483927097063204,4.674452346195392,4.194123332307188,4.0382457030843835,4.0382457030843835,4.0112676313138955,4.884488373479962,5.234913926570008,4.360971015132717,3.781419348926126,3.740073138569092,3.740073138569092,3.977889058836725,4.872519171287185,5.218272602655804
FOODS_3_325_TX_3_validation,0.3860467720694428,0.4069866113332102,0.27622227347901507,0.28469574349784776,0.3188510730392522,0.5142241058230604,0.5493628903492528,0.6058639978285759,0.5350522038453074,0.5387251016625291,0.5387251016625291,0.6348439437814859,0.7740780164305664,0.8577786672991133,0.6926165862278295,0.6612386133496423,0.6773212870282768,0.5140290198654024,0.5921303752928684,0.6848282304697492,0.7956465280238756,0.670360581926985,0.61011605989226,0.5468982279785345,0.544226113716121,0.5894582610304548,0.6761642152215747,0.74786287908002
FOODS_3_326_TX_3_validation,0.34226048349372773,0.28193473196615493,0.34815635368022696,0.3581486554727847,0.3823116832216313,0.5315244438317216,0.7884668606836088,0.6256464334035426,0.5781935329112603,0.5899071780227317,0.6068225871303785,0.6520547344447124,0.7954668573871263,0.9190265557751678,0.7631152861257278,0.5536546906432769,0.5140290198654024,0.5468982279785345,0.5921303752928684,0.6519590223566171,0.7278591571901372,0.5951019500929654,0.5509825763808633,0.544226113716121,0.5494190198275265,0.5841782082931316,0.6907557586444836,0.8049944176211461
FOODS_3_327_TX_3_validation,2.168852728107946,2.4538939207507187,2.382290373164956,2.37360280154742,2.3556121467857394,2.7967080599067375,3.193617728788893,2.8090109776984638,2.5628258304729226,2.5212272786555285,2.6134623678391895,2.701186928410541,3.193267066073301,3.356996831926507,2.6405022293829745,2.462728546539691,2.3163182279083503,2.2594778585439665,2.354790824000307,2.8501904284000075,3.0604544724926224,2.4773288056014833,2.239316780575879,2.174508773331631,2.164709880240143,2.1767248175291716,2.6454694911888503,2.9613519825084804
FOODS_3_328_TX_3_validation,0.26515358554103524,0.28193473196615493,0.2789913215690331,0.2874647915878658,0.32162012112927024,0.41964740587509963,0.5500947102435383,0.563172751669773,0.544437560149669,0.5560507398392308,0.5638512558742572,0.6426444598165129,0.7803529990890656,0.8577786672991133,0.7252634785982647,0.6616292856159659,0.491580555788349,0.49300490205090225,0.5382370493652362,0.6519590223566171,0.6902688802071173,0.5622327419798335,0.5160644136602568,0.47643874288238236,0.5093079509955144,0.5545400983098483,0.6697601338950471,0.7414587977534924
FOODS_3_329_TX_3_validation,9.315046480498241,7.699019470819392,8.010273918595262,8.010273918595262,8.635453478647728,10.664987206432679,11.1830285031662,9.601039289932526,8.570501635744861,8.224252225901601,8.091742787256662,8.716922347309113,10.607322606214044,11.125363902947566,9.30617250001128,8.228794326308648,8.010273918595262,8.010273918595262,8.635453478647728,10.525853737552655,11.04389503428618,9.224703631349893,8.147325457647261,8.010273918595262,8.010273918595262,8.635453478647728,10.525853737552655,11.04389503428618
FOODS_3_330_TX_3_validation,1.626772133784561,1.4355340290964742,1.3916220668373012,1.4127591991111903,1.537761428233733,1.8636109438395916,1.996651222420841,1.6841014554872937,1.5159715836991332,1.4923449542008058,1.4817357323431921,1.5228154766172854,1.8486649922231437,1.9482661290224994,1.632091983841491,1.3728097538120645,1.3288977915528914,1.3288977915528914,1.3802558953236737,1.4924314150802203,1.57444546068396,1.4539588085466328,1.3068823559248512,1.298914718044987,1.3454724980495583,1.4063071990609044,1.6845564994912576,1.8421555613340785
FOODS_3_331_TX_3_validation,2.039525115386265,1.8062887808551027,1.8404816191193891,1.8755863046253827,2.0189110339269103,2.5428166769462184,2.5494035890256725,2.192225976682859,1.9499296928511292,1.9669165251713085,1.817297570974254,1.8865754531750898,2.190473392738235,2.316418280857516,1.9707604838639854,1.7655454822666932,1.7262054340755246,1.7262054340755246,1.8268557265876646,2.126552195175734,2.211918022878827,2.006624168291481,1.8014091666941912,1.7968670662871427,1.7968670662871427,1.9814946150761021,2.3162952133417667,2.333141299113775
FOODS_3_332_TX_3_validation,2.9784048697583967,2.6137409956355118,2.519586078993359,2.579305805580784,2.7527353138305974,3.2712755313014727,3.679206792733404,3.0710509755256754,2.82674871833594,2.8167280976417257,2.676291041034481,2.7758482528664876,3.349832504330173,3.4641911119475384,2.8163234553825043,2.5851533545827503,2.509564530573089,2.509564530573089,2.7100803188936506,3.191869463230787,3.3403993786391424,2.7487022692527074,2.4461310932523266,2.353117192577457,2.424518267778084,2.532733367947805,3.1766696127859366,3.3928207143240887
FOODS_3_333_TX_3_validation,5.306591969448797,4.762746106323407,4.929581511793513,4.933062792195572,5.456959647245719,6.789088001100845,7.867318813196226,6.977072168228895,5.859209194616254,5.943356655873649,5.943356655873649,6.432243139298069,7.360946746048961,7.6487955497431255,6.329122683660921,5.564823663406796,5.481932739117971,5.3019145115290875,5.678846751433169,6.92507062719125,7.279663773507115,5.913973112818249,5.0770955862347185,5.071549967894601,5.071549967894601,5.3908342738297845,6.5107197697673405,7.019022995013468
FOODS_3_334_TX_3_validation,0.8567859600376561,0.759817069663798,0.8062522725141779,0.7610124974023577,0.7961171629918425,0.896585780722355,1.221385899295673,0.8564762934844219,0.7480333552146017,0.7620774625230614,0.7400657173347372,0.8073096098373953,0.9077782275679077,1.0073793643672662,0.8564762934844219,0.8326057255191726,0.8535948099601843,0.8535948099601843,0.9069695447631774,1.029115491175562,1.0875591188793394,0.9532167880050834,0.853962991845865,0.8707506053118023,0.8417938829909258,0.8339420024295771,0.8911807742805444,1.0709616655919763
FOODS_3_335_TX_3_validation,0.4484638463881495,0.42633479569369437,0.43895974374938723,0.4076253838194036,0.4809192626458405,0.5927755717239279,0.6654265449878094,0.6738628135708031,0.6446724541811225,0.670785199629512,0.670785199629512,0.7160173469438459,0.933752928118763,0.7983967201542688,0.6891535963249686,0.61011605989226,0.5818163906991408,0.5468982279785345,0.6270485380134747,0.7224965853207487,0.7983967201542688,0.6891535963249686,0.6269284846653109,0.6021484220123956,0.6021484220123956,0.6537200352510516,0.7466465926462104,0.8338319493675139
FOODS_3_336_TX_3_validation,1.0268401646445182,0.9834807612832455,0.9300136312747771,0.8318458270338656,0.9300354639000802,1.3504243425416596,1.3983261412144292,1.0535218092862761,0.8663589741581535,0.8583913362782891,0.8873480585991655,0.9325802059134994,1.1036167649475837,1.203217901746939,1.0075086064450127,0.9610862405170082,0.9632850319120426,0.9632850319120426,1.0085171792263778,1.2140177833386274,1.3136189201379833,1.1419949990129254,1.0293705616032456,0.9833798642955557,0.9539217579557046,1.0338871378753787,1.2372609954388227,1.30005417520657
FOODS_3_337_TX_3_validation,0.3768651178034515,0.3922335360006709,0.4459377224691375,0.45593002426169527,0.5164052224093953,0.5927755717239279,0.6831375485065023,0.6738628135708031,0.6368719381460958,0.6090913576668533,0.61689187370188,0.683148138830714,0.8594294698862598,1.0096530629522826,0.670360581926985,0.5913230454942764,0.5818163906991408,0.5818163906991408,0.5921303752928684,0.7197463931903555,0.7956465280238756,0.6676103897965918,0.5913230454942764,0.583355407614412,0.6021484220123956,0.6537200352510516,0.7466465926462104,0.8338319493675139
FOODS_3_338_TX_3_validation,0.12103054063004666,0.29605662429926655,0.27622227347901507,0.2874647915878658,0.32162012112927024,0.42761996895879884,0.5413903272655535,0.5544683686917882,0.5385123582144751,0.5327998997273351,0.5293397453581674,0.5655990018904844,0.7619833567347615,0.8501087413651423,0.6790282613062965,0.6062791752513776,0.491580555788349,0.4453453384963797,0.4905774858107147,0.5832753409875956,0.6692447623926172,0.5412086241653334,0.4621710877326235,0.47643874288238236,0.47643874288238236,0.5545400983098483,0.6348419711744405,0.7414587977534924
FOODS_3_339_TX_3_validation,1.6217418308083664,1.5968849697181378,1.4678631465640823,1.4520390357749582,1.5344414498948598,1.7408667898560868,1.7750979906549418,1.5911535680311475,1.3728097538120645,1.3288977915528914,1.3796570425325374,1.4589320962353334,1.7267836867977262,1.8434443328302037,1.5911535680311475,1.4514859547237242,1.456400629821497,1.4075739924645512,1.4589320962353334,1.7632143418423836,1.9239962379740618,1.6799801595295367,1.5531067067285167,1.4948320300047215,1.4566899077924955,1.5218405409375553,1.8170107959107746,1.8268468795428405
FOODS_3_340_TX_3_validation,0.7295216395835308,0.6972513747484412,0.7023022324051335,0.7023022324051335,0.7790101661792049,0.9204125444395559,1.0073793643672662,0.8564762934844219,0.7480333552146017,0.6930357637172644,0.7320125752654896,0.7772447225798235,0.8387365287621107,0.9773144771096934,0.82641140622685,0.694540484158991,0.6865728462791265,0.6331463902663954,0.6641929940997804,0.7646616118302928,0.8642627486296492,0.7667861337595383,0.6803549406780423,0.6788502202363157,0.6723873027981778,0.7136094087019208,0.8469303435420239,0.954584622410628
FOODS_3_341_TX_3_validation,0.3867428365940706,0.29340816303415773,0.36092603312970856,0.3709183349222665,0.3823116832216313,0.5315244438317216,0.7884668606836088,0.6072767910492385,0.5628072025039732,0.5985846872491687,0.581259049072467,0.6175183056047842,0.7803529990890656,0.9040138845910816,0.7388518035197977,0.6630536318785191,0.6548728229512235,0.49300490205090225,0.5382370493652362,0.6519590223566171,0.7607283653032693,0.6326922270759855,0.5509825763808633,0.544226113716121,0.5494190198275265,0.6029712226911152,0.6907557586444836,0.8049944176211461
FOODS_3_342_TX_3_validation,3.1319189044427245,2.6739677308834247,2.6818271009000245,2.680492512009556,3.0328206340381136,3.559945442306559,3.7227477131878066,2.932762407079155,2.6090168118414403,2.601049173961576,2.610816630640415,2.841322663260553,3.415306914724239,3.5930195139711154,2.92856093610408,2.6842586789143454,2.7624783197967697,2.676291041034481,2.77056689683011,3.315661196539183,3.4641911119475384,2.869537699355038,2.6135029124839013,2.679716578507297,2.614242168113231,2.844748200733369,3.344551148293795,3.5222637475406713
FOODS_3_343_TX_3_validation,0.1330922794263161,0.29605662429926655,0.2789913215690331,0.2874647915878658,0.32162012112927024,0.41964740587509963,0.5500947102435383,0.563172751669773,0.5350522038453074,0.5327998997273351,0.5293397453581674,0.5655990018904844,0.7619833567347615,0.8317390990108381,0.6609494761883853,0.5947720235946339,0.6063852032841957,0.6544354391050407,0.527697810030063,0.6295105582795638,0.7054106931130839,0.5412086241653334,0.4831952055471249,0.47643874288238236,0.47643874288238236,0.5545400983098483,0.6697601338950471,0.7414587977534924
FOODS_3_344_TX_3_validation,1.4784350216625648,1.345111535205977,1.397473490367333,1.397473490367333,1.5016483763997566,1.7687995147978404,1.9656225086915369,1.6965776128169,1.503495426369527,1.44351831684386,1.3288977915528914,1.3802558953236737,1.6858452709873828,1.792685081850558,1.4715458997422486,1.268017012123503,1.2424622830480228,1.2424622830480228,1.293820386818805,1.4748443238846043,1.57444546068396,1.3372487879950796,1.1871418934904472,1.1749727846355082,1.1749727846355082,1.2358074856468544,1.444151599185698,1.6105170627409715
FOODS_3_345_TX_3_validation,0.34226048349372773,0.28193473196615493,0.34815635368022696,0.3581486554727847,0.3823116832216313,0.5315244438317216,0.7884668606836088,0.6256464334035426,0.5781935329112603,0.581259049072467,0.5985846872491687,0.6426444598165129,0.7818785324655932,0.9176022095126146,0.7420911683112277,0.6630536318785191,0.49300490205090225,0.5140290198654024,0.5592611671797363,0.6848282304697492,0.7607283653032693,0.5951019500929654,0.5509825763808633,0.544226113716121,0.5494190198275265,0.5841782082931316,0.6907557586444836,0.8049944176211461
FOODS_3_346_TX_3_validation,2.641183950186397,2.5953910975541956,2.4583131395743676,2.4334876577371882,2.5106911610679616,3.037898889425323,3.366656498873391,2.834017776096552,2.5893720371231495,2.513783213113489,2.513783213113489,2.551691708231389,3.0854059359630255,3.18053943341491,2.6129063966258346,2.4503497757927266,2.424518267778084,2.424518267778084,2.457906755274362,2.973038641906666,3.325199528194292,2.6087049256507595,2.4461483048176516,2.299720774620986,2.299720774620986,2.385333652374316,2.8331059903458224,3.1431981467919337
FOODS_3_347_TX_3_validation,2.6999445461280183,2.640336816945896,2.6561675360600248,2.6818271009000245,2.9511592412348184,3.602610330376179,3.4639574675356304,2.765299722540072,2.462728546539691,2.3696974342994968,2.3696974342994968,2.5524429330516987,3.2084669165181516,3.3417969814816564,2.8177210582250183,2.601768019435439,2.5938003815555746,2.609753957144437,2.7672147940281806,3.263692120335659,3.4122220357440143,2.7529037402277825,2.5851533545827503,2.600273240459317,2.608960812076853,2.773992434302926,3.349832504330173,3.4367132649527625
FOODS_3_348_TX_3_validation,6.5121974186164024,5.437056189095018,5.300830687449585,4.9845646055183375,5.5877193842404935,6.951844623615398,7.643437764334401,6.192450716116162,5.310303622457837,5.216235200800286,5.3454224248235525,5.809391888532694,7.013577353715772,7.596333478938224,6.10221296477127,5.28012694633222,5.188975360496782,5.188466658846078,5.5586731816399,6.715669927469133,7.272294480295416,5.810372193656654,5.229390308279219,5.188466658846078,5.071549967894601,5.478581428596522,6.62430346042684,7.094437603508231
FOODS_3_349_TX_3_validation,9.323300795102403,8.440429004231545,8.293089139740857,8.314625428063316,8.5496663352286,10.229216797439712,10.732084272892298,9.174886946475164,8.147325457647261,8.010273918595262,8.010273918595262,8.635453478647728,10.525853737552655,11.04389503428618,8.903038676857815,8.119666922297888,8.010273918595262,8.010273918595262,8.635453478647728,10.525853737552655,11.04389503428618,9.601039289932526,8.720895659605915,8.737945931665864,8.737945931665864,9.308066845680736,10.642805511722443,11.170737916267644
FOODS_3_350_TX_3_validation,0.1711078076663104,0.30939965559582344,0.2789913215690331,0.29616917456585057,0.330324504107255,0.4283517888530844,0.5413903272655535,0.5544683686917882,0.5385123582144751,0.5327998997273351,0.5327998997273351,0.5690591562596521,0.7816567399076761,0.8145532266714496,0.6609494761883853,0.5947720235946339,0.6063852032841957,0.6457579298786035,0.527697810030063,0.6295105582795638,0.6591754758211157,0.5412086241653334,0.4831952055471249,0.47643874288238236,0.5093079509955144,0.5545400983098483,0.6697601338950471,0.7414587977534924
FOODS_3_351_TX_3_validation,2.1083232198549515,2.0650330201695195,1.9799361823686437,2.1055496125501763,2.2307059843959696,2.45172434632088,2.464767304482937,2.1235204085824613,1.960335746724658,1.9543580372835534,2.0144429010811957,2.1097558665375358,2.3926123932165564,2.5786421451334767,2.300198316129133,2.0224105389610596,1.9523681088447937,1.9523681088447937,2.044909660237513,2.283513590869284,2.5165673528970776,2.2878023338168436,2.0552987762226045,1.9978454477938286,2.04733113834274,2.1721720079811933,2.4360998037268313,2.535616394035919
FOODS_3_352_TX_3_validation,0.5321587859484501,0.5518159158976029,0.5550517550254184,0.5784189419643946,0.600812402954638,0.732358053755567,1.0644359375832844,0.8766519449096813,0.6269284846653109,0.6189608467854465,0.6189608467854465,0.6641929940997804,0.7646616118302928,0.8642627486296492,0.7667861337595383,0.6269284846653109,0.6189608467854465,0.6021484220123956,0.6473805693267295,0.7412895997187323,0.8504294026548772,0.713359677746807,0.6269284846653109,0.6189608467854465,0.6065648644731579,0.6537200352510516,0.8014906145556608,0.9075546687931552
FOODS_3_353_TX_3_validation,0.7380291914213429,0.6855917174326956,0.5680976340803758,0.6379908109016834,0.7216113386844103,1.0215240649683974,1.1162172141999005,0.8428303289239394,0.8025912767802574,0.794623638900393,0.8480500949131241,0.9015601781944727,1.0462801462523805,1.0924548270390049,0.780971677240487,0.7010034015971288,0.6930357637172644,0.7320125752654896,0.7852978646490711,0.9077782275679077,0.9853676191789411,0.8564762934844219,0.7700451004029258,0.7620774625230614,0.7496814802107729,0.8627493789068428,0.9713605287926197,1.0709616655919763
FOODS_3_354_TX_3_validation,0.5590282505287651,0.5471589944171408,0.5488760017712311,0.612375859948475,0.6415166981661902,0.7608289219076451,1.1298807210419106,0.9365413183605505,0.8501101252790545,0.8356795699610522,0.7964386574292698,0.6783785375807293,0.7774295894145224,0.8646149461358261,0.72412861042567,0.6235478674645845,0.583355407614412,0.583355407614412,0.6473805693267295,0.7412895997187323,0.8171897345522524,0.6891535963249686,0.6269284846653109,0.6189608467854465,0.6189608467854465,0.7071464912637829,0.8079535319937987,0.9075546687931552
FOODS_3_355_TX_3_validation,1.1043795415357014,1.1175218880104538,1.1083365603035162,1.1083365603035162,1.1374773985212314,1.3168657121195007,1.4690371188740112,1.236818088720698,1.0037434844877087,1.0337989060356698,1.0805543279937215,1.1257864753080553,1.298893408119957,1.4452499668773644,1.236818088720698,1.0885219658735859,1.0845394279854608,1.0805543279937215,1.1257864753080553,1.253858448726186,1.3166516284939331,1.1450277073688753,1.0293705616032456,0.9833798642955557,0.9833798642955557,1.030535035073449,1.2046545093822891,1.3368621322381786
FOODS_3_356_TX_3_validation,1.0399981190289835,1.0315257167975032,0.929860151979538,0.9004020456396871,0.9982448965978277,1.0778663553450254,1.1143789792319363,0.9993660189563537,0.9034582839676891,0.8954906460878247,0.8954906460878247,0.998350749951479,1.18663032088708,1.1812868979300726,0.9993660189563537,0.89531569647903,0.8873480585991655,0.8954906460878247,0.9407227934021586,1.1036167649475837,1.286231457686436,1.0075086064450127,0.9034582839676891,0.8583913362782891,0.8583913362782891,0.9221072470647707,1.0870193116602205,1.186620448459576
FOODS_3_357_TX_3_validation,0.3558409999889512,0.3712094181861705,0.42491360465463746,0.4076253838194036,0.4809192626458405,0.575064568205235,0.6509647030387551,0.6421088590940984,0.6135790497951209,0.6068225871303785,0.6068225871303785,0.6520547344447124,0.7954668573871263,0.9208415743040446,0.5998230189628534,0.5536546906432769,0.5468982279785345,0.5468982279785345,0.5592611671797363,0.6848282304697492,0.7580562510408557,0.5951019500929654,0.5509825763808633,0.544226113716121,0.5494190198275265,0.6029712226911152,0.6907557586444836,0.7666558934780037
FOODS_3_358_TX_3_validation,0.31062523655238505,0.3245474848379436,0.39763308202684583,0.38824397309896835,0.41240700084781495,0.5370676627814995,0.6129677976150196,0.6594009716217488,0.6054740555390519,0.5990220710953518,0.61689187370188,0.6621240210162139,0.7954668573871263,0.9190265557751678,0.7631152861257278,0.5536546906432769,0.5468982279785345,0.5140290198654024,0.5592611671797363,0.6848282304697492,0.7607283653032693,0.5951019500929654,0.5509825763808633,0.544226113716121,0.5494190198275265,0.5841782082931316,0.6761642152215747,0.7666558934780037
FOODS_3_359_TX_3_validation,0.4382515088060997,0.34516442918938206,0.39286733854788863,0.39286733854788863,0.4810458987945067,0.7718938442184275,0.8600192288488083,0.6712277452712696,0.5966636406874741,0.6068225871303785,0.61689187370188,0.6997142979992338,0.8659655572850246,0.7607283653032693,0.6676103897965918,0.5885728533638832,0.5818163906991408,0.5818163906991408,0.6285875549287459,0.7412895997187323,0.8171897345522524,0.6891535963249686,0.61011605989226,0.6021484220123956,0.6065648644731579,0.6570721380529811,0.7480641585429295,0.847665295342286
FOODS_3_360_TX_3_validation,0.9752498411504694,0.9356321421163504,0.9396459520402614,0.989804830278657,1.0353370395789738,1.1066494733035335,1.203217901746939,1.0075086064450127,0.9610862405170082,0.9632850319120426,0.9927431382518946,0.9407227934021586,1.0816857611307167,1.0599496343224204,0.9704092966354785,0.8037983490419068,0.7958307111620424,0.8583913362782891,0.9325802059134994,1.0816857611307167,1.1812868979300726,0.9993660189563537,0.89531569647903,0.8873480585991655,0.8830946637755361,0.9336019373553593,1.0870193116602205,1.186620448459576
FOODS_3_361_TX_3_validation,1.1962537391603159,1.1372677666633644,1.1123216602952555,1.044704976780739,0.9849527316894207,1.2043745588691335,1.3772467375221884,1.1450277073688753,1.0037434844877087,0.9957758466078438,0.9561513109930939,1.0013834583074284,1.2170504916945777,1.3534595855255418,1.1900626667626464,0.9742853781478579,0.9663177402679934,0.8985233544437746,0.9437555017581085,1.1066494733035335,1.286231457686436,1.0777995795297695,0.9610862405170082,0.9632850319120426,0.8954906460878247,0.9407227934021586,1.091220782635295,1.2696340043990728
FOODS_3_362_TX_3_validation,8.671658198918866,7.282332645778361,6.696852834330051,6.774762337952094,7.120876647812782,8.683164464295487,9.503190746048254,8.090779324964657,7.035669646887262,6.820106015350301,6.425915932300507,6.913167697970158,8.416377402040291,9.341480822606462,7.684174319097666,6.756785006313884,6.416086244813482,6.557161331411602,7.219987487658655,8.938861627963357,9.620605887004924,8.046376622470717,7.228919783402255,6.730939721250087,6.730939721250087,7.173036998793165,8.713016809657814,9.391994785648489
FOODS_3_363_TX_3_validation,6.456373582280386,6.235857963295271,5.941297237653865,6.037595364141535,6.508632167687863,8.101315298659143,7.736814119227451,6.528244481670671,6.079398800296523,5.537832321542436,5.285304369805737,5.419526013357943,6.564235606499613,6.966947205584212,5.849792386251037,5.400014615940198,4.995968484985134,5.01261872208301,5.301750149668729,6.6777553468166975,7.027094172882732,5.75964081653583,5.3222956097211815,5.297607883524839,5.297607883524839,5.809391888532694,7.013577353715772,7.272294480295416
FOODS_3_364_TX_3_validation,0.3583514599587704,0.28193473196615493,0.27622227347901507,0.2874647915878658,0.32162012112927024,0.4883115310511608,0.5500947102435383,0.6072767910492385,0.544437560149669,0.5560507398392308,0.5560507398392308,0.6429398413720924,0.7818785324655932,0.8713669922206464,0.7420911683112277,0.5207854825301448,0.5140290198654024,0.5468982279785345,0.5921303752928684,0.7197463931903555,0.7983967201542688,0.6364241941400995,0.5160644136602568,0.5093079509955144,0.5093079509955144,0.5894582610304548,0.6697601338950471,0.74786287908002
FOODS_3_365_TX_3_validation,0.7469815991330224,0.6855917174326956,0.6788352547679533,0.6803742716832244,0.7378378349113452,1.1076931048133145,1.2023862540448194,0.8890224698617534,0.8025912767802574,0.794623638900393,0.794623638900393,0.8398557862147269,1.0462801462523805,0.9383376655614671,0.82641140622685,0.7480333552146017,0.7620774625230614,0.7620774625230614,0.8073096098373953,0.9077782275679077,1.0073793643672662,0.8564762934844219,0.8326057255191726,0.8122421053270196,0.8122421053270196,0.891706101227719,1.0344490417050654,1.1340501785044212
FOODS_3_366_TX_3_validation,0.4288522969178279,0.3712094181861705,0.4459377224691375,0.45593002426169527,0.5492744305225272,0.6128044557021701,0.7620385496710745,0.7914973614475695,0.7124598250148609,0.670785199629512,0.7451086578620152,0.7903408051763491,0.8988347653981567,0.7956465280238756,0.670360581926985,0.5913230454942764,0.5468982279785345,0.5468982279785345,0.5921303752928684,0.7197463931903555,0.7644603323673833,0.6364241941400995,0.5573866577073909,0.5682120342255101,0.5682120342255101,0.6248825035046838,0.6949572296195583,0.8049944176211461
FOODS_3_367_TX_3_validation,0.5897448280259923,0.6050780938109546,0.542048048764583,0.6023024577839626,0.5880091417815041,0.6783378988025276,0.7816646581560766,0.7836968454125427,0.752800294128274,0.7636256706463932,0.7448326562484096,0.7900648035627434,0.9552961346471399,0.8646149461358261,0.7275452212277558,0.694540484158991,0.6865728462791265,0.6788502202363157,0.7630591790988748,0.824550985281162,0.8504294026548772,0.713359677746807,0.6269284846653109,0.6189608467854465,0.6189608467854465,0.6641929940997804,0.8056920855307356,0.9010917513550173
FOODS_3_368_TX_3_validation,4.002510039373482,3.4103235249811847,3.3871126111275554,3.5301859324929183,3.736529177351876,4.4868607817226716,4.997907818137446,4.25461100931499,3.6394644865212555,3.5847129333902608,3.5847129333902608,3.8727383063818404,4.5320621589228915,4.858146402054808,4.0141006989299575,3.426024418068888,3.402813504215258,3.384625117181372,3.5037416981060883,4.261766738253004,4.454412573035428,3.579064823478306,3.214919638266832,3.191708724413202,3.191708724413202,3.434494196229772,4.094133547824502,4.407933035254261
FOODS_3_369_TX_3_validation,1.2672736305987728,1.0695487762253288,1.0615811383454645,1.0278278897064834,1.031041897279843,1.250825740370236,1.3534595855255418,1.108219750337267,0.906490992323639,0.8985233544437746,0.8903807669551155,0.9325802059134994,1.1036167649475837,1.203217901746939,1.0777995795297695,0.971252669791907,0.9531186026371438,0.9632850319120426,0.998350749951479,1.2016218010263389,1.3338294238822284,1.1253975457255623,0.9576879248604943,0.9497202869806298,0.9395538577057306,0.9942626022606289,1.2004530384072145,1.30005417520657
FOODS_3_370_TX_3_validation,10.223271484672159,9.175234093291635,9.309152976815916,9.279349538599432,10.489636825921961,12.09936460749232,12.850923547294832,11.075414474192625,10.042288560458896,9.827588028920456,9.827588028920456,10.588540128095522,12.241036679635272,12.574027022652663,10.563343614590039,9.72618119370819,9.619359440983063,9.567958456841835,10.48667110246164,12.092993005551723,12.522626038511438,10.511942630448813,9.674780209566961,9.567958456841835,9.567958456841835,10.48667110246164,12.092993005551723,12.522626038511438
FOODS_3_371_TX_3_validation,1.0170012473698895,0.8663845247034105,0.8907373195857116,0.9263055867535696,0.9705753621107054,1.0703808207436853,1.3379239328508108,0.8902295421234028,0.8663589741581535,0.8583913362782891,0.8873480585991655,0.9407227934021586,1.0816857611307167,1.203217901746939,1.0075086064450127,0.9034582839676891,0.8954906460878247,0.8873480585991655,0.9325802059134994,0.9603484975230646,1.140129388834494,0.9993660189563537,0.89531569647903,0.8873480585991655,0.8830946637755361,0.9336019373553593,1.0870193116602205,1.2696340043990728
FOODS_3_372_TX_3_validation,6.027655708058028,5.3925573957138235,5.301405809878384,5.379754633760163,5.870090661030197,7.062530618151618,7.296603884469386,5.781300700607175,5.279618244681516,5.188466658846078,5.071549967894601,5.3908342738297845,6.5107197697673405,7.070263073784997,5.759132114885126,5.178150229507689,5.1372265800745485,5.1372265800745485,5.507941804519075,6.663921147046899,7.042688823085998,5.759132114885126,5.228378165909988,5.1372265800745485,5.137735281725252,5.507941804519075,6.663921147046899,7.042688823085998
FOODS_3_373_TX_3_validation,0.6436558184337877,0.5331377191772627,0.518174689891195,0.5550517550254184,0.5841925932431336,0.6871571924790051,0.8004576725540602,0.8166944571720808,0.7595682015529407,0.7804380954194441,0.8356795699610522,0.8809117172753861,0.8322736113239728,0.9383376655614671,0.82641140622685,0.739980213145354,0.7320125752654896,0.7320125752654896,0.7852978646490711,0.8857664823795836,1.0073793643672662,0.8344645482960977,0.6411140281462598,0.6331463902663954,0.6865728462791265,0.7136094087019208,0.8056920855307356,0.9075546687931552
FOODS_3_374_TX_3_validation,0.26515358554103524,0.28193473196615493,0.3394519707022422,0.3494442724947999,0.3736073002436465,0.4883115310511608,0.5500947102435383,0.6072767910492385,0.544437560149669,0.5560507398392308,0.5560507398392308,0.6429398413720924,0.7954668573871263,0.8577786672991133,0.7388518035197977,0.6506993740144691,0.6548728229512235,0.491580555788349,0.5382370493652362,0.630934904542117,0.7278591571901372,0.5951019500929654,0.5160644136602568,0.544226113716121,0.544226113716121,0.5841782082931316,0.6697601338950471,0.74786287908002
FOODS_3_375_TX_3_validation,0.26515358554103524,0.28193473196615493,0.34815635368022696,0.3581486554727847,0.3823116832216313,0.530111650611059,0.5500947102435383,0.6072767910492385,0.5350522038453074,0.5387251016625291,0.581259049072467,0.6348439437814859,0.7818785324655932,0.8577786672991133,0.7388518035197977,0.6630536318785191,0.5140290198654024,0.5140290198654024,0.5921303752928684,0.630934904542117,0.7278591571901372,0.5951019500929654,0.5160644136602568,0.544226113716121,0.544226113716121,0.5841782082931316,0.6719627442464999,0.74786287908002
FOODS_3_376_TX_3_validation,11.974131572480038,11.008351395813527,11.256578208605175,11.449374641369984,16.056270256603305,13.698551750731024,13.030340870081996,10.582472297509396,9.418543059522653,9.46979585159743,9.495049384205352,10.65576623437496,12.04970112264634,12.935299236835277,10.620298367678634,9.741649162538108,9.631401872340165,9.654652119096754,10.813701723980557,12.671211294022893,13.562541007250399,12.506455446358771,10.97818756897589,10.846720823348337,10.912652040709586,11.815367469715746,13.593835650860823,13.893550651908544
FOODS_3_377_TX_3_validation,40.571140442605724,39.31524643773024,40.856228152214534,43.71680478247662,48.10417939249763,57.14064614533003,55.08541177429414,43.289795650257645,40.511677721158264,43.439551183003374,43.07425638261198,48.14742722627064,56.99135715302554,55.200371331052075,43.40475520701558,40.511677721158264,43.439551183003374,43.07425638261198,48.14742722627064,56.99135715302554,55.200371331052075,43.40475520701558,40.511677721158264,43.439551183003374,43.07425638261198,48.14742722627064,56.99135715302554,55.200371331052075
FOODS_3_378_TX_3_validation,0.6344970866923342,0.6270908750558112,0.6191232371759468,0.6479607689223146,0.7444393104651086,0.8160703964492532,0.9241521220805184,0.713359677746807,0.6269284846653109,0.6021484220123956,0.6189608467854465,0.6641929940997804,0.7632440459335736,0.8504294026548772,0.713359677746807,0.6269284846653109,0.6189608467854465,0.6189608467854465,0.6641929940997804,0.7646616118302928,0.8642627486296492,0.713359677746807,0.6269284846653109,0.6599913204858893,0.6622527669489524,0.7104985940657125,0.8014906145556608,0.9075546687931552
FOODS_3_379_TX_3_validation,0.307856188462367,0.3245474848379436,0.39763308202684583,0.4076253838194036,0.43676622203711873,0.5543597753091499,0.63025991014267,0.6738628135708031,0.626498173353552,0.6379159915163801,0.61689187370188,0.683148138830714,0.8265602617731279,0.9190265557751678,0.7631152861257278,0.6630536318785191,0.49300490205090225,0.5140290198654024,0.5592611671797363,0.6848282304697492,0.7956465280238756,0.630020112813572,0.5509825763808633,0.5494190198275265,0.5494190198275265,0.6029712226911152,0.6761642152215747,0.7666558934780037
FOODS_3_380_TX_3_validation,0.2618436300934278,0.3053471637065594,0.3394519707022422,0.3494442724947999,0.32162012112927024,0.47960714807317617,0.5493628903492528,0.6093241521977436,0.5385123582144751,0.5327998997273351,0.5327998997273351,0.6081329493004225,0.744797484395373,0.8317390990108381,0.6793191185426894,0.6044641567225009,0.6457579298786035,0.491580555788349,0.536812703102683,0.630934904542117,0.6902688802071173,0.5622327419798335,0.5160644136602568,0.5093079509955144,0.544226113716121,0.5545400983098483,0.6697601338950471,0.74786287908002
FOODS_3_381_TX_3_validation,2.8067826099559685,2.504745581199647,2.4423649263475373,2.3573014519872073,2.4705688990023424,3.1049433843351313,3.361639122824771,2.737703889782932,2.5217508509933535,2.57720292826821,2.57720292826821,2.694066072363741,3.259490649360584,3.3403993786391424,2.7487022692527074,2.5851533545827503,2.509564530573089,2.509564530573089,2.571058057563228,3.191869463230787,3.3928207143240887,2.8450161555663276,2.6048153408663652,2.580611254175702,2.512990068045905,2.7135058563664667,3.2881833495444073,3.4367132649527625
FOODS_3_382_TX_3_validation,2.1686388984488905,1.8683186800301235,1.905922722089357,1.9912676456739915,2.041187180563251,2.477036151895879,2.4451049734147707,2.1235204085824613,1.960335746724658,1.979312507483597,2.0144429010811957,2.1097558665375358,2.510074529214462,2.686807968214761,2.357575588329399,2.0647477632954314,2.056780125415567,2.007294434866658,2.0674770067254022,2.482060211850519,2.6080050999698,2.2930498499145955,1.980131679148924,2.0020469187689027,2.04733113834274,2.1026350104907356,2.5228400307634207,2.69957346976372
FOODS_3_383_TX_3_validation,1.403744141053283,1.268157008319878,1.320988508749131,1.2732772237137675,1.2697482020462505,1.4371778093421284,1.4996261703526332,1.3519183111157504,1.1995378758027357,1.1268611190113487,1.1268611190113487,1.18220432277387,1.3960399335615383,1.495641070360894,1.2872091922042277,1.1388138568829522,1.130846219003088,1.1268611190113487,1.1782192227821309,1.3042495522097157,1.4488856484028423,1.240453770246176,1.134828756891213,1.11446513669906,1.1102636657239855,1.1710983667353316,1.3794424802741752,1.4790436170735308
FOODS_3_384_TX_3_validation,0.6759487492611416,0.6788029652429993,0.6743647117175549,0.6743647117175549,0.7323430816816379,0.7440366095929705,0.8622450772358783,0.7667861337595383,0.6868178581161801,0.6788502202363157,0.7178270317845409,0.7630591790988748,0.824550985281162,0.9176892046423806,0.7667861337595383,0.6868178581161801,0.7178270317845409,0.7178270317845409,0.7630591790988748,0.824550985281162,0.9241521220805184,0.7732490511976762,0.6868178581161801,0.6788502202363157,0.6788502202363157,0.752586220250146,0.8056920855307356,0.9075546687931552
FOODS_3_385_TX_3_validation,0.6138150456021485,0.5433424458787702,0.5450594532328605,0.5706184259293678,0.6075597801821098,0.7475014271444688,1.0455632506545,0.8318378305609826,0.752800294128274,0.7448326562484096,0.7448326562484096,0.7900648035627434,0.9696631158209791,1.0078948958035008,0.8291444898106843,0.7501069533779757,0.7800836719627164,0.6183304217151132,0.6635625690294471,0.7762646138194337,0.8504294026548772,0.713359677746807,0.6269284846653109,0.6723873027981778,0.6788502202363157,0.7136094087019208,0.8469303435420239,0.954584622410628
FOODS_3_386_TX_3_validation,0.5015293349797765,0.5721819824827047,0.5628522710604453,0.5628522710604453,0.5919931092781605,0.6861384148375544,0.7271203869504682,0.756579198726963,0.7124598250148609,0.7466476747772863,0.583355407614412,0.6270485380134747,0.7197463931903555,0.7607283653032693,0.6676103897965918,0.5913230454942764,0.583355407614412,0.6021484220123956,0.6641929940997804,0.7632440459335736,0.8504294026548772,0.713359677746807,0.6269284846653109,0.6189608467854465,0.6189608467854465,0.6537200352510516,0.7508480636212851,0.847665295342286
FOODS_3_387_TX_3_validation,0.5363183720132604,0.6091400208206595,0.612375859948475,0.6658023159612065,0.6967581727077985,0.7440366095929705,0.8622450772358783,0.8766519449096813,0.7902207518281853,0.76544068917527,0.6189608467854465,0.6641929940997804,0.7224965853207487,0.7983967201542688,0.670360581926985,0.61011605989226,0.6021484220123956,0.6021484220123956,0.6270485380134747,0.7224965853207487,0.8171897345522524,0.713359677746807,0.6269284846653109,0.6189608467854465,0.6189608467854465,0.6537200352510516,0.7522656295180042,0.9010917513550173
FOODS_3_388_TX_3_validation,1.4014170308799607,1.233832467640524,1.3123003382655283,1.2947132470699123,1.3555479480812584,1.6184885667203734,1.7373634050936895,1.5062097725685224,1.3386252093290854,1.2947132470699123,1.1890680560470515,1.2533282945312134,1.532053058215505,1.6158459324400622,1.4373613552592697,1.1970356939269158,1.1924935935198673,1.178398322108324,1.2392330231196702,1.444151599185698,1.5437527359850536,1.371265182207696,1.1829404225153726,1.178398322108324,1.178398322108324,1.2392330231196702,1.444151599185698,1.5437527359850536
FOODS_3_389_TX_3_validation,14.406739537074875,11.621193779657974,11.312962863336109,11.922520114945332,13.245900861034109,14.723795091054972,15.59474923710676,12.840217425235922,11.29624904105748,11.082119473539732,11.164782295429927,12.48580525294658,13.56081728340466,14.498656883286378,12.401540778415042,10.838303868121365,10.872488752170268,10.789825930280074,12.207655156549778,14.39170650585398,15.602373135351915,13.241781149815505,11.399748883770105,11.345249781888368,11.492508474030808,13.10575293243027,15.354215000283762,16.459295149697397
FOODS_3_390_TX_3_validation,1.3081459184516337,1.2620351790756397,1.2659414499319246,1.2540675411957753,1.313304473389559,1.4268448939058744,1.536778946141484,1.3231535165835364,1.1995378758027357,1.1915702379228714,1.1915702379228714,1.2429283416936536,1.460749052473061,1.5603501892724168,1.3878626354950592,1.1995378758027357,1.208929168461845,1.1791742556105829,1.2324553828449247,1.4483530701607725,1.5479542069601282,1.3754666531827706,1.1871418934904472,1.1791742556105829,1.1791742556105829,1.2655623984981166,1.3834275802659144,1.4790436170735308
FOODS_3_391_TX_3_validation,0.33439821894971633,0.35992038812004457,0.3499911135723739,0.3584645835912067,0.39759772360147966,0.5511106137395113,0.6125489066239771,0.6594009716217488,0.5910122135899976,0.6068225871303785,0.61689187370188,0.6621240210162139,0.8283752803020047,0.9418656921185447,0.6326922270759855,0.5885728533638832,0.5818163906991408,0.583355407614412,0.5921303752928684,0.6848282304697492,0.7607283653032693,0.5951019500929654,0.5160644136602568,0.5093079509955144,0.544226113716121,0.5894582610304548,0.6761642152215747,0.7666558934780037
FOODS_3_392_TX_3_validation,1.4046419372320726,1.2303528164684805,1.2908643149093835,1.3597127322186362,1.2995031148975127,1.6350860200077366,1.8434443328302037,1.6064622498223855,1.4746828580615645,1.4075739924645512,1.4075739924645512,1.3802558953236737,1.6350860200077366,1.6500304769230414,1.5403943170515013,1.3552226626164485,1.3819442584454456,1.3113107003572755,1.2570236131051968,1.4748443238846043,1.6358556659899353,1.510411243543597,1.2739782629949072,1.2947132470699123,1.2947132470699123,1.2866995307720057,1.6009014755247577,1.7585005373675786
FOODS_3_393_TX_3_validation,2.987750901826777,2.686683852403559,2.786507898151823,2.786507898151823,2.8757849851709913,3.582497814776339,3.811224949623765,3.1697881582685006,2.886068551409464,2.8760479307152496,2.8217981528702936,2.825691488699447,3.4789333786260777,3.808307667029308,3.1134853976091943,2.6781041015938034,2.809402170558004,2.809402170558004,2.966880219007072,3.6181990854701422,3.6783080890036137,2.9494277261405504,2.6320772053439847,2.596847702986501,2.596847702986501,2.7436091010771944,3.349832504330173,3.5222637475406713
FOODS_3_394_TX_3_validation,0.1330922794263161,0.29605662429926655,0.27622227347901507,0.2874647915878658,0.32162012112927024,0.42761996895879884,0.5493628903492528,0.5624409317754875,0.5385123582144751,0.5327998997273351,0.5327998997273351,0.5690591562596521,0.744797484395373,0.8317390990108381,0.6793191185426894,0.613141665948938,0.6457579298786035,0.491580555788349,0.536812703102683,0.6295105582795638,0.6591754758211157,0.5412086241653334,0.4621710877326235,0.47643874288238236,0.47643874288238236,0.5545400983098483,0.6348419711744405,0.7414587977534924
FOODS_3_395_TX_3_validation,0.7599935178886634,0.7990450225397939,0.8266456518277873,0.7708806580004821,0.8341294701899922,0.9125863427321804,0.9980019360505882,0.8564762934844219,0.7700451004029258,0.7620774625230614,0.7620774625230614,0.8073096098373953,0.9077782275679077,1.0073793643672662,0.9366560479964955,0.7700451004029258,0.7320125752654896,0.7400657173347372,0.8073096098373953,0.9077782275679077,1.0073793643672662,0.8564762934844219,0.7576491180906373,0.7454800092356981,0.7454800092356981,0.8001887537905961,0.8911807742805444,0.9687701658915766
FOODS_3_396_TX_3_validation,0.12103054063004666,0.29605662429926655,0.27622227347901507,0.2874647915878658,0.32162012112927024,0.42761996895879884,0.5413903272655535,0.5544683686917882,0.5350522038453074,0.5293397453581674,0.5293397453581674,0.5655990018904844,0.7619833567347615,0.8501087413651423,0.6790282613062965,0.613141665948938,0.6457579298786035,0.491580555788349,0.536812703102683,0.630934904542117,0.6692447623926172,0.5412086241653334,0.4621710877326235,0.47643874288238236,0.47643874288238236,0.5545400983098483,0.6348419711744405,0.7414587977534924
FOODS_3_397_TX_3_validation,0.5080074825796008,0.5500176590048107,0.5286477811257141,0.6243201504276138,0.44958490271585605,0.6072374136729822,0.6831375485065023,0.7232200312855797,0.6697411462592276,0.6301154754813534,0.6629846835944853,0.7509355096644524,0.9319379095898862,1.0105882365537988,0.852445863487843,0.6411140281462598,0.6189608467854465,0.6189608467854465,0.6641929940997804,0.8180880678430241,0.9241521220805184,0.7667861337595383,0.6868178581161801,0.7178270317845409,0.7258801738537886,0.6641929940997804,0.7522656295180042,0.9010917513550173
FOODS_3_398_TX_3_validation,0.89665602316239,0.8178017197254058,0.8028188881105865,0.8266456518277873,0.9823433804509262,0.9603484975230646,1.0073793643672662,0.8564762934844219,0.7010034015971288,0.7320125752654896,0.7400657173347372,0.7852978646490711,0.9077782275679077,1.0073793643672662,0.8564762934844219,0.7700451004029258,0.8246380876393081,0.8246380876393081,0.8883539984257894,1.0167195088632734,1.1340501785044212,0.9490153170300086,0.8449649945526855,0.8080406343519448,0.8080406343519448,0.895131638700535,1.0125180378881988,1.0709616655919763
FOODS_3_399_TX_3_validation,7.2628766002491245,6.24534222547923,6.378311357637613,6.188176147228734,6.630721467656059,8.174457777152748,8.487434879363741,7.1475813380636355,6.210754078125221,6.1725289750791585,6.1725289750791585,6.665772362733425,8.174457777152748,8.747347663118985,7.157324549919875,6.210754078125221,6.1725289750791585,6.1725289750791585,6.665772362733425,8.174457777152748,8.747347663118985,7.157324549919875,6.210754078125221,6.1725289750791585,6.1725289750791585,6.665772362733425,8.174457777152748,8.747347663118985
FOODS_3_400_TX_3_validation,0.5719666158972667,0.5721819824827047,0.5550517550254184,0.5716715647369228,0.600812402954638,0.7135650393575833,1.0105882365537988,0.8318378305609826,0.752800294128274,0.7448326562484096,0.76544068917527,0.6641929940997804,0.7632440459335736,0.8784482921105979,0.713359677746807,0.6803549406780423,0.6723873027981778,0.6723873027981778,0.7240823675506496,0.7646616118302928,0.9176892046423806,0.713359677746807,0.6803549406780423,0.6723873027981778,0.6189608467854465,0.7071464912637829,0.8079535319937987,0.9075546687931552
FOODS_3_401_TX_3_validation,0.7210497595301645,0.6447472735664258,0.6379908109016834,0.6788352547679533,0.7216113386844103,1.0215240649683974,1.0643562650524838,0.8506308449589662,0.8025912767802574,0.794623638900393,0.8498651134420009,0.7382679110315983,0.8777133403103359,0.9773144771096934,0.82641140622685,0.7480333552146017,0.7400657173347372,0.7320125752654896,0.7318049935934604,0.8387365287621107,0.9773144771096934,0.8344645482960977,0.7700451004029258,0.7496814802107729,0.7454800092356981,0.8001887537905961,0.9713605287926197,0.9907819110799027
FOODS_3_402_TX_3_validation,0.10096576248917655,0.319469056039671,0.27622227347901507,0.28469574349784776,0.32162012112927024,0.42761996895879884,0.5493628903492528,0.5624409317754875,0.5385123582144751,0.5327998997273351,0.5327998997273351,0.5690591562596521,0.7816567399076761,0.8145532266714496,0.6609494761883853,0.5947720235946339,0.6063852032841957,0.6544354391050407,0.527697810030063,0.6295105582795638,0.6591754758211157,0.5412086241653334,0.4621710877326235,0.47643874288238236,0.47643874288238236,0.5545400983098483,0.6348419711744405,0.7414587977534924
FOODS_3_403_TX_3_validation,3.364026253050435,3.062988344783927,2.889070654524619,3.022018008772637,3.2213429127503352,3.8331460458092557,4.0855085060476615,3.4075289993727926,3.0937572043098642,3.08578956643,3.08578956643,3.3134213113327324,3.9764862004002706,4.238872827790012,3.4765712029679197,3.0937572043098642,3.1075562996261685,3.089215103902816,3.3168468488055485,3.9764862004002706,4.238872827790012,3.388484835643824,3.0299856466525013,2.9365974259775802,2.9365974259775802,3.2530752911481855,3.7705566734818374,3.9876087222080407
FOODS_3_404_TX_3_validation,0.025168559336970375,0.4875324324384791,0.37107161851895815,0.30810817523825224,0.3188510730392522,0.5142241058230604,0.5800582488896228,0.6093241521977436,0.5385123582144751,0.5327998997273351,0.5327998997273351,0.6449922048127257,0.7816567399076761,0.8145532266714496,0.6609494761883853,0.6593768832409063,0.6526204205761639,0.6457579298786035,0.536812703102683,0.6295105582795638,0.7068350393756371,0.5622327419798335,0.4831952055471249,0.5093079509955144,0.5093079509955144,0.5894582610304548,0.6697601338950471,0.74786287908002
FOODS_3_405_TX_3_validation,1.125736795728208,0.9683143618186703,0.9263055867535696,0.8783667946336399,0.907507632851355,1.0778663553450254,1.286231457686436,1.1051870419813168,0.9610862405170082,0.9531186026371438,0.8954906460878247,0.998350749951479,1.18663032088708,1.3136189201379833,1.1051870419813168,0.971252669791907,0.9927431382518946,0.9531186026371438,1.0115498875823272,1.2170504916945777,1.2892641660423858,1.010541314800963,0.9034582839676891,0.9407226203248552,0.8830946637755361,0.9302498345534298,1.0870193116602205,1.2696340043990728
FOODS_3_406_TX_3_validation,5.115032265190699,4.449261824532244,4.258194413653282,4.399023311800926,4.709486625277392,5.785126088670293,6.452768813758255,5.099137104744281,4.523860482797996,4.51931838239095,4.619335779598793,5.1650549511769395,6.043662983181501,6.383715811544281,5.357673999255488,4.8037946776774545,4.699235180062567,4.799252577270408,5.118536883205592,6.137508602929375,6.506451975117657,5.253023764038956,4.686086681313889,4.681544580906843,4.699235180062567,5.01851948599775,6.01980060656581,6.3872654200770365
FOODS_3_407_TX_3_validation,0.6471396044565466,0.6572820935332466,0.6369873556990128,0.7224989590645808,0.7771951476503282,0.8897599941643113,1.1833735920975215,1.0179535421184187,0.9315223490369234,0.8934898238994872,0.8934898238994872,0.9823433804509262,0.9603484975230646,1.0379378891340965,0.8601646548658313,0.7817866038535829,0.7620774625230614,0.6930357637172644,0.7382679110315983,0.8777133403103359,0.9318747481233293,0.780971677240487,0.7010034015971288,0.6788502202363157,0.7178270317845409,0.7606393623193937,0.8769952307995957,0.9765963675989522
FOODS_3_408_TX_3_validation,0.10096576248917655,0.319469056039671,0.27622227347901507,0.28469574349784776,0.32162012112927024,0.42761996895879884,0.5493628903492528,0.5544683686917882,0.5385123582144751,0.5327998997273351,0.5293397453581674,0.5655990018904844,0.7619833567347615,0.8501087413651423,0.6790282613062965,0.6062791752513776,0.491580555788349,0.4453453384963797,0.4905774858107147,0.5832753409875956,0.6591754758211157,0.5412086241653334,0.4621710877326235,0.47643874288238236,0.47643874288238236,0.5545400983098483,0.6348419711744405,0.7414587977534924
FOODS_3_409_TX_3_validation,0.7380291914213429,0.6506735547120893,0.5491793222534451,0.590023766119715,0.5783201604711603,0.7008252479502046,1.044597640356479,0.7863689596749562,0.7422495859628541,0.7432936393331384,0.7448326562484096,0.8088578179607271,0.9914361243429294,0.8784482921105979,0.7275452212277558,0.6411140281462598,0.6331463902663954,0.6723873027981778,0.7176194501125117,0.824550985281162,0.9631289336287436,0.820279004815149,0.7558595569219771,0.7258801738537886,0.7354959367298242,0.7748249058003424,0.8911807742805444,0.9907819110799027
FOODS_3_410_TX_3_validation,0.6172255996978397,0.5545114386556343,0.547754975990892,0.5491793222534451,0.5540170288913764,0.8703009190073223,0.9672251716553423,0.7941694757099831,0.7151319392772745,0.7432936393331384,0.7466476747772863,0.6473805693267295,0.7412895997187323,0.8504294026548772,0.713359677746807,0.6269284846653109,0.6189608467854465,0.6723873027981778,0.7240823675506496,0.8180880678430241,0.9241521220805184,0.7732490511976762,0.7133986873521168,0.7012295784971776,0.7012295784971776,0.7559383230520755,0.8549834856112716,0.9465314803413803
FOODS_3_411_TX_3_validation,1.0062448703900013,0.945798571391249,0.9879898117497802,1.021743060388762,1.0629801273899482,1.277645600722833,1.3697114269608046,1.236818088720698,1.0885219658735859,1.0337989060356698,0.9957758466078438,1.0790310533500036,1.253858448726186,1.3534595855255418,1.1900626667626464,1.0037434844877087,0.9663177402679934,0.9957758466078438,0.9356129142694494,1.1066494733035335,1.2062506101028894,1.0777995795297695,0.9034582839676891,0.9407226203248552,0.9466875786246793,1.0013963231795784,1.1974203300512642,1.2696340043990728
FOODS_3_412_TX_3_validation,4.144325684867927,5.030327902133501,4.844254194453826,4.824825247334969,5.1946408488731,6.035159173829547,6.570784864122223,5.838027083355034,5.221162452073199,5.300830687449585,5.183913996498109,5.4873735143718925,6.6777553468166975,7.030684140447487,5.789371878476439,5.193386931506361,4.913186443494942,4.961963761931255,5.173677096881592,6.30454170406897,6.742817095688772,5.521823057225427,5.0258555074631905,4.831260986947093,4.831260986947093,5.082543553290058,6.120685198558477,6.470459412913979
FOODS_3_413_TX_3_validation,1.5151305008427918,1.2960520536990514,1.2223851785886162,1.176078387570989,1.1444952068689207,1.4268448939058744,1.5313085329597924,1.3231535165835364,1.1388138568829522,1.1915702379228714,1.1915702379228714,1.2429283416936536,1.460749052473061,1.495641070360894,1.2872091922042277,1.1995378758027357,1.1915702379228714,1.1915702379228714,1.2429283416936536,1.460749052473061,1.6835669510252989,1.3754666531827706,1.1224327745789244,1.11446513669906,1.11446513669906,1.167746263933402,1.3834275802659144,1.5437527359850536
FOODS_3_414_TX_3_validation,0.5715265452573748,0.5794282239720641,0.5826640630998795,0.5894114403273515,0.5717444240985416,0.9241373935548594,0.9651193656677735,0.8212871223955626,0.6744622151291156,0.64525728838732,0.6544821506848999,0.7207384158137339,0.8641505387561478,0.9400506735896679,0.7959844942388599,0.5885728533638832,0.5818163906991408,0.583355407614412,0.6473805693267295,0.7412895997187323,0.8504294026548772,0.713359677746807,0.6269284846653109,0.6189608467854465,0.6599913204858893,0.7169615115038503,0.8079535319937987,0.9075546687931552
FOODS_3_415_TX_3_validation,1.2168825271152433,1.0825509495443995,1.044704976780739,1.044704976780739,1.115820378665721,1.3734210820663948,1.4492350668691036,1.236818088720698,1.092507065865325,1.1452634469052443,1.0845394279854608,1.190495594219578,1.4000250335532776,1.495641070360894,1.291194292195967,1.134828756891213,1.1268611190113487,1.130846219003088,1.18220432277387,1.3960399335615383,1.4038506890090712,1.2748132098919391,1.0376542931930473,1.029686655313183,0.9833798642955557,1.0338871378753787,1.2372609954388227,1.3818970916319495
FOODS_3_416_TX_3_validation,0.9220503140178874,0.8327982711787749,0.8098340818455414,0.8318458270338656,0.8202182228776447,0.9853533393467839,1.2571445992685815,0.9878886548608464,0.9352107104183328,0.888894538779394,0.8939422928449666,0.9391744401593005,0.9302836102654907,0.9947689488424704,0.8250488566434527,0.739980213145354,0.7400657173347372,0.7400657173347372,0.8073096098373953,0.9077782275679077,1.0073793643672662,0.9366560479964955,0.8615624478400488,0.8493414151365549,0.8411988276478958,0.8593972761049132,1.0125180378881988,1.1340501785044212
FOODS_3_417_TX_3_validation,0.5412717616793903,0.5549595104521677,0.556676517806258,0.612375859948475,0.6415166981661902,0.7626439404365218,0.8622450772358783,0.7667861337595383,0.6269284846653109,0.6723873027981778,0.6189608467854465,0.6641929940997804,0.7632440459335736,0.8504294026548772,0.6891535963249686,0.6269284846653109,0.6189608467854465,0.6189608467854465,0.6641929940997804,0.7412895997187323,0.7983967201542688,0.670360581926985,0.61011605989226,0.6189608467854465,0.6189608467854465,0.6537200352510516,0.7480641585429295,0.847665295342286
FOODS_3_418_TX_3_validation,0.3611121253029158,0.5499921871724389,0.5375554053835008,0.5460288754023335,0.6537287572103448,0.8303329449918754,0.9299340817912317,0.9058887680853059,0.8482951067501777,0.8403274688703133,0.854513012351262,0.8997451596655959,1.0917198752387431,0.9853676191789411,0.780971677240487,0.6411140281462598,0.6331463902663954,0.6865728462791265,0.7382679110315983,0.8322736113239728,0.8642627486296492,0.6891535963249686,0.6269284846653109,0.6189608467854465,0.6189608467854465,0.7176194501125117,0.8056920855307356,0.9075546687931552
FOODS_3_419_TX_3_validation,1.6349069178000353,1.312665242263291,1.1757564310803759,1.2540675411957753,1.286484613036962,1.682868864812621,1.8404679266554425,1.6064622498223855,1.4746828580615645,1.4339537300912484,1.4698618236070429,1.5255358595115387,1.8492672408166009,1.9488683776159565,1.6841014554872937,1.503495426369527,1.4955277884896627,1.459583464110354,1.5255358595115387,1.8492672408166009,1.9902049716204147,1.6835793819111546,1.4997905185045308,1.379134968956398,1.390976539177188,1.5040634150182959,1.8170107959107746,1.9197947669989872
FOODS_3_420_TX_3_validation,0.5926594384109538,0.5973790782072159,0.5894114403273515,0.6191232371759468,0.6415166981661902,0.7422215910640937,0.9156715332486096,0.8766519449096813,0.6803549406780423,0.6189608467854465,0.6723873027981778,0.7240823675506496,0.7646616118302928,0.8504294026548772,0.713359677746807,0.6269284846653109,0.6189608467854465,0.6723873027981778,0.7240823675506496,0.824550985281162,0.9241521220805184,0.7667861337595383,0.6803549406780423,0.6599913204858893,0.6599913204858893,0.7071464912637829,0.7522656295180042,0.9010917513550173
FOODS_3_421_TX_3_validation,0.44529179798900365,0.450499100749328,0.5083474977308594,0.5083474977308594,0.4986669185267881,0.5754834591962775,0.6509647030387551,0.6948853567643042,0.6236483363666224,0.6379159915163801,0.670785199629512,0.7178323654727227,0.7197463931903555,0.7983967201542688,0.670360581926985,0.5913230454942764,0.6021484220123956,0.583355407614412,0.6473805693267295,0.7632440459335736,0.8504294026548772,0.713359677746807,0.6269284846653109,0.6599913204858893,0.6557898495108145,0.6570721380529811,0.7480641585429295,0.8338319493675139
FOODS_3_422_TX_3_validation,2.0674759601952473,1.838588156377572,1.7885901787582148,1.8408539227674348,1.9714307335864958,2.2028693750505246,2.4094584789885647,2.063800681995035,1.8585856803977412,1.8926483822573694,1.8506180425178769,1.943159593910593,2.2237938642818587,2.3497387524011395,2.063800681995035,1.7779414645789817,1.8382220602055883,1.7575778443868288,1.8268557265876646,1.9742351724981708,2.078566876841486,1.8326881170753484,1.6520820879575815,1.6441144500777172,1.7127973129955676,1.7513215626056657,2.0859731347595463,2.211918022878827
FOODS_3_423_TX_3_validation,2.2846390770158265,2.023691153197816,2.0453004845683167,2.122699751587305,2.214017636730498,2.536894389567059,2.8741741965196175,2.3504271221148616,2.0647477632954314,2.0734058948842993,2.0734058948842993,2.224675489603708,2.625834754395013,2.917427973734925,2.3504271221148616,2.0647477632954314,2.056780125415567,2.056780125415567,2.102607400322998,2.539437484050785,2.852288799316217,2.338031139802572,2.068977550451874,1.9948984525543696,2.0401826721282026,2.1449722348251075,2.4654627585631546,2.6487849188827015
FOODS_3_424_TX_3_validation,0.9240645962109544,0.8008600410686707,0.8266456518277873,0.889206276944034,0.8410628584763763,0.9879579820799829,1.1287166279749175,0.9656127703173719,0.8326057255191726,0.8535948099601843,0.8617373974488435,0.9069695447631774,1.1036167649475837,1.203217901746939,1.0075086064450127,0.89531569647903,0.8954906460878247,0.8830946637755361,0.9302498345534298,1.091220782635295,1.1908219194346505,0.9951126241327249,0.8829197141667414,0.8788931928004614,0.8788931928004614,0.9370274748281754,1.0870193116602205,1.186620448459576
FOODS_3_425_TX_3_validation,0.57439973364818,0.5559357849181875,0.5142043081527436,0.5352284259672437,0.5388752159854098,0.6644422792754223,0.6654265449878094,0.7237099906138311,0.6775416622942544,0.61689187370188,0.6379159915163801,0.7554226424557428,0.6848282304697492,0.7956465280238756,0.670360581926985,0.61011605989226,0.6021484220123956,0.6189608467854465,0.6641929940997804,0.7646616118302928,0.905293222330092,0.7566515979103129,0.6702204048288168,0.6557898495108145,0.6557898495108145,0.7104985940657125,0.7480641585429295,0.847665295342286
FOODS_3_426_TX_3_validation,0.5306239377653021,0.5272715179695403,0.5305073570973557,0.6030157968009822,0.6442528638021681,0.6993604419960289,1.0000375283883791,0.8240373145259557,0.752800294128274,0.7636256706463932,0.7804380954194441,0.8274852612626548,0.7788471553112416,0.8784482921105979,0.780971677240487,0.7010034015971288,0.7320125752654896,0.7178270317845409,0.7630591790988748,0.824550985281162,0.9631289336287436,0.7667861337595383,0.6803549406780423,0.6788502202363157,0.7054310494722523,0.7559383230520755,0.8079535319937987,0.9465314803413803
FOODS_3_427_TX_3_validation,0.5036114480205804,0.46418631419034423,0.4574298515256018,0.4621122804388907,0.4986669185267881,0.7917890199492593,0.8635664761856195,0.6848160701928027,0.6158478203315957,0.61689187370188,0.6755062684994,0.6997142979992338,0.8431264209416477,0.9418656921185447,0.6326922270759855,0.5885728533638832,0.5818163906991408,0.583355407614412,0.6473805693267295,0.7224965853207487,0.8171897345522524,0.713359677746807,0.6269284846653109,0.6065648644731579,0.6557898495108145,0.6570721380529811,0.8014906145556608,0.9010917513550173
FOODS_3_428_TX_3_validation,0.7326916021412522,0.6092980572282266,0.61132272114092,0.6401602528872878,0.669301091105003,0.799576941137679,1.1005502959937943,0.920462866358509,0.7806052172642818,0.786823122865366,0.8480500949131241,0.893282242227458,1.0509280451616418,1.1505291819609973,0.9977568154589714,0.8037983490419068,0.7958307111620424,0.7958307111620424,0.6783785375807293,0.8322736113239728,0.9318747481233293,0.7874345946786249,0.739980213145354,0.7400657173347372,0.7496814802107729,0.7606393623193937,0.8911807742805444,0.9907819110799027
FOODS_3_429_TX_3_validation,1.187648842196235,1.0526726146606034,1.0745833116645351,1.048690076772478,1.1805294975772438,1.4771222757454494,1.576723412544805,1.4328216762727437,1.229292788653998,1.1915702379228714,1.2213251507741336,1.3415316718541686,1.5963617965382317,1.825857241634588,1.5228072258558856,1.2495774715935877,1.2056655093344146,1.1409563904228919,1.192314494193674,1.4101352049730815,1.5097363417724372,1.2763980946254847,1.0880733349331613,1.11446513669906,1.0677097147410084,1.1710983667353316,1.3794424802741752,1.4790436170735308
FOODS_3_430_TX_3_validation,0.5670769486690564,0.5606352095740804,0.5638710487018959,0.5894114403273515,0.593011886919611,0.6644422792754223,0.9651193656677735,0.8212871223955626,0.7500501019978808,0.7448326562484096,0.7432936393331384,0.7900648035627434,0.9365031202491562,0.8521647486529538,0.72412861042567,0.6411140281462598,0.6189608467854465,0.583355407614412,0.6473805693267295,0.7224965853207487,0.8171897345522524,0.713359677746807,0.6269284846653109,0.6189608467854465,0.6599913204858893,0.7071464912637829,0.8014906145556608,0.9075546687931552
FOODS_3_431_TX_3_validation,1.7352713819056462,1.6435713779425491,1.6403343076066448,1.756809219393618,1.7990214790686516,2.0033767149002206,2.2285154761661916,1.9425774057600862,1.7059899938514909,1.5557867906241534,1.5557867906241534,1.6699394296217385,1.985377745075049,2.084978881874405,1.8742000406569692,1.5691820864397406,1.5074818722431296,1.5074818722431296,1.5698249583875277,1.8935457050381734,1.997877409381489,1.6918540682656862,1.560250047920706,1.5522824100408417,1.6074295805067231,1.6303351749790198,1.8445436962653867,1.9441448330647424
FOODS_3_432_TX_3_validation,3.0581806902987356,2.9363296466064686,3.069817493909747,3.1207238000627107,3.463683733677599,4.320883540834166,4.17359487337176,3.4765712029679197,3.2114045517340877,3.2034369138542234,3.0508192359289876,3.2364966396641726,3.888204020906061,3.9876087222080407,3.245598631883572,2.9411395263846285,2.921496802383541,2.8711411146139705,3.0588715011635057,3.7036278000936944,3.9206798488198977,3.176556428288445,2.8928368214294085,2.88829472102236,2.977140841290233,3.2685441438503284,3.8331460458092557,3.932354934941121
FOODS_3_433_TX_3_validation,1.4934730952290363,1.237936566083351,1.1717713310886366,1.1933435222759918,1.2222906925268933,1.4101352049730815,1.5097363417724372,1.3271386165752757,1.1388138568829522,1.130846219003088,1.1915702379228714,1.18220432277387,1.460749052473061,1.6271145160283347,1.3878626354950592,1.1995378758027357,1.2213251507741336,1.1915702379228714,1.2429283416936536,1.527513379228979,1.741564876068764,1.510411243543597,1.34282668030416,1.193269527022126,1.1890680560470515,1.2901250682448215,1.4582468705972411,1.5578480073965968
FOODS_3_434_TX_3_validation,0.7741790613696122,0.7628477338705211,0.7910773846599295,0.7179894221750414,0.756998420990881,0.8984007992512317,0.9980019360505882,0.9897036733897232,0.7480333552146017,0.7320125752654896,0.7400657173347372,0.8073096098373953,0.9077782275679077,0.9853676191789411,0.8564762934844219,0.739980213145354,0.7320125752654896,0.7400657173347372,0.8073096098373953,0.9077782275679077,1.0073793643672662,0.8564762934844219,0.7480333552146017,0.7496814802107729,0.7276697350224487,0.7667717637310947,0.8691690290922203,0.9687701658915766
FOODS_3_435_TX_3_validation,2.1295659829791718,2.0121765029225394,1.979312507483597,1.9141441140775823,1.9871798620888452,2.256404670144207,2.4182584943322243,2.2276255405583525,2.0224105389610596,1.709818153944513,1.7983211429752384,1.7990214790686516,2.1431496484630985,2.0909628591537754,1.8339415268107584,1.6174870048207644,1.6095193669409,1.685626373659338,1.6594664707730096,1.9383866796259435,2.086380398412216,1.8340896336131591,1.6848560148066967,1.6803139143996482,1.6848504401570792,1.7930543064462234,1.9811762740999743,2.122289334480949
FOODS_3_436_TX_3_validation,0.4997288714770651,0.39797285154683254,0.4621122804388907,0.4195783330289521,0.4865706897433173,0.6046023453734487,0.9139243720747476,0.692126626899578,0.6057785337600942,0.6090913576668533,0.6379159915163801,0.7207384158137339,0.8970197468692799,1.0096530629522826,0.8309026569594662,0.5913230454942764,0.583355407614412,0.5818163906991408,0.6285875549287459,0.7224965853207487,0.8171897345522524,0.713359677746807,0.6269284846653109,0.6189608467854465,0.6189608467854465,0.6537200352510516,0.8014906145556608,0.9075546687931552
FOODS_3_437_TX_3_validation,2.130632687876147,1.7783509053265534,1.8360836772978748,1.8009721587230922,1.781026282458198,2.0510814489418463,2.179465848184502,1.9831564661762746,1.737362404162795,1.6980223559716265,1.6980223559716265,1.7967496250202069,2.1025705880469108,2.2967637096726614,2.0108256392665553,1.8056106376692658,1.7976429997894015,1.8382220602055883,1.9099348758931591,2.211397881969569,2.33734277008885,2.0912234968859233,1.841988227110378,1.879476466442822,1.8374461267033295,1.83363336686241,2.126552195175734,2.252497083295015
FOODS_3_438_TX_3_validation,2.0536642585965477,1.7779414645789817,1.81003898210169,1.8506180425178769,1.866671597425671,2.256404670144207,2.458837554748412,2.1327754203733313,1.9626908123736329,1.9918128827303865,1.9419620549712648,2.0364266298275435,2.4051708811043104,2.6194219640463783,2.2836008628417686,1.9457282218760545,1.9377605839961902,1.962715054196234,2.0397787326294727,2.4360998037268313,2.3928610257012,2.148953295034589,1.901707953697804,1.8971658532907556,1.8971658532907556,1.9764322427553307,2.2669161375819193,2.333141299113775
FOODS_3_439_TX_3_validation,1.4656585521755041,1.1233220065310698,1.1717713310886366,1.1465881003179401,1.2222906925268933,1.3690635162733582,1.4179459604206144,1.2872091922042277,1.134828756891213,1.080105697053297,1.1268611190113487,1.1782192227821309,1.3492845116034866,1.4038506890090712,1.195418810852405,1.0885219658735859,1.0805543279937215,1.0805543279937215,1.1257864753080553,1.3456488300780087,1.3534595855255418,1.1900626667626464,1.0885219658735859,1.068158345681433,1.0639568747063584,1.1260762567258111,1.3330364767823848,1.4286525135900012
FOODS_3_440_TX_3_validation,0.29437312978624297,0.37477574451805246,0.36286440244264667,0.3494442724947999,0.3736073002436465,0.5681887627301109,0.5493628903492528,0.6093241521977436,0.5385123582144751,0.5327998997273351,0.571873692768105,0.6081329493004225,0.7541828406997346,0.8317390990108381,0.6793191185426894,0.6506993740144691,0.6548728229512235,0.491580555788349,0.5382370493652362,0.630934904542117,0.6902688802071173,0.5951019500929654,0.5160644136602568,0.544226113716121,0.544226113716121,0.5841782082931316,0.6719627442464999,0.74786287908002
FOODS_3_441_TX_3_validation,0.025168559336970375,0.4875324324384791,0.37107161851895815,0.30810817523825224,0.3188510730392522,0.5142241058230604,0.5800582488896228,0.6093241521977436,0.5385123582144751,0.5327998997273351,0.5327998997273351,0.6449922048127257,0.7816567399076761,0.8145532266714496,0.6609494761883853,0.6593768832409063,0.6526204205761639,0.6457579298786035,0.536812703102683,0.6295105582795638,0.7068350393756371,0.5622327419798335,0.4831952055471249,0.5093079509955144,0.5093079509955144,0.5894582610304548,0.6697601338950471,0.74786287908002
FOODS_3_442_TX_3_validation,0.7210497595301645,0.6447472735664258,0.6030157968009822,0.6379908109016834,0.6807668948181405,0.9618625997859528,1.0643562650524838,0.8506308449589662,0.7884057332993085,0.794623638900393,0.7798076703491108,0.8456478505903053,0.7762646138194337,0.8646149461358261,0.7275452212277558,0.6411140281462598,0.6189608467854465,0.6723873027981778,0.7240823675506496,0.8180880678430241,0.9241521220805184,0.8122258627459014,0.7214518294213644,0.7134841915415,0.7092827205664253,0.7639914651213232,0.8769952307995957,0.9907819110799027
FOODS_3_443_TX_3_validation,0.4078281791033278,0.43167006731937974,0.4872643841916793,0.45593002426169527,0.4953811045948949,0.5193566592628066,0.6336725905111047,0.6421088590940984,0.6135790497951209,0.6068225871303785,0.6068225871303785,0.6621240210162139,0.8283752803020047,0.7278591571901372,0.6326922270759855,0.5885728533638832,0.5818163906991408,0.5818163906991408,0.6285875549287459,0.7224965853207487,0.7644603323673833,0.670360581926985,0.5913230454942764,0.6021484220123956,0.583355407614412,0.6369076104780007,0.7288936174064438,0.8005922812648891
FOODS_3_444_TX_3_validation,22.588251364349922,19.611783041945944,19.814807246349364,20.189947693379573,22.433051333405043,28.43467166435682,30.05935751903861,22.501645068647864,21.31278034015108,21.45079636609128,22.10441329240251,24.720932217061122,29.143246716731486,30.179058470080204,22.86301955248481,21.58486909197774,21.436262275588472,21.689282849959348,24.424507362137042,29.143246716731486,30.179058470080204,22.468161557409903,21.111468175223532,21.146767833048354,21.39978840741923,23.71075005730021,28.492706494730985,29.07609021301444
FOODS_3_445_TX_3_validation,0.3528344667002666,0.29340816303415773,0.36092603312970856,0.3494442724947999,0.3736073002436465,0.5221390875273597,0.779081504379247,0.5978914347448766,0.544437560149669,0.571873692768105,0.581259049072467,0.6081329493004225,0.7541828406997346,0.8501087413651423,0.7252634785982647,0.6506993740144691,0.6548728229512235,0.49300490205090225,0.5382370493652362,0.6519590223566171,0.7278591571901372,0.5951019500929654,0.5509825763808633,0.544226113716121,0.5494190198275265,0.5841782082931316,0.6907557586444836,0.7666558934780037
FOODS_3_446_TX_3_validation,0.8726953852205956,0.9479803526496555,0.969262430577719,1.0155692215953467,1.1001326840748944,1.2008632572506266,1.1767593087366548,1.2533219537491753,1.1652207331217053,1.157253095241841,1.1952761546696666,1.289078742470929,1.3456488300780087,1.4996261703526332,1.3519183111157504,1.229292788653998,1.2901735680833863,1.2901735680833863,1.2429283416936536,1.3492845116034866,1.4038506890090712,1.195418810852405,1.0880733349331613,1.1268611190113487,1.11446513669906,1.1710983667353316,1.3290513767906456,1.3368621322381786
FOODS_3_447_TX_3_validation,0.6898635638736722,0.5685937620166744,0.5654255198179623,0.5680976340803758,0.5540170288913764,0.8703009190073223,0.9672251716553423,0.7534997515618241,0.7151319392772745,0.7083754766125321,0.7432936393331384,0.7918798220916202,0.7574715994214499,0.8171897345522524,0.6891535963249686,0.61011605989226,0.6021484220123956,0.6189608467854465,0.6641929940997804,0.7632440459335736,0.8642627486296492,0.7667861337595383,0.6803549406780423,0.6723873027981778,0.6664542379240271,0.7559383230520755,0.8469303435420239,0.9465314803413803
FOODS_3_448_TX_3_validation,2.077175684393085,1.868518774653528,1.9064012452911274,1.9799361823686437,2.134806239546537,2.31916008529549,2.4451049734147707,2.042876192763701,1.8062887808551027,1.709818153944513,1.5963658510403405,1.7057879224939656,1.9913617223544222,1.996651222420841,1.793362466394571,1.6174870048207644,1.5736104308721648,1.6497174375906027,1.7120605237350008,2.054265669665886,2.1802105577851667,1.9301814234477976,1.7249664218505065,1.7934415288143268,1.7934415288143268,1.8988852149204227,2.0859731347595463,2.211918022878827
FOODS_3_449_TX_3_validation,3.2323162126801743,2.9446350581705873,2.9243030518702,2.9830738445025347,3.253427969191427,3.798704824973481,4.112504312403242,3.425870195096145,3.0637956950779968,3.08578956643,3.08578956643,3.3168468488055485,3.9764862004002706,3.9759336360868174,3.245598631883572,2.929464440263405,2.782432300434762,2.734129595479542,2.985348496467903,3.537834502884109,3.8852994410662265,3.09688794432183,2.726981058700505,2.808626237055745,2.8649289977150514,3.0506064014502363,3.693603632942364,3.910655681668567
FOODS_3_450_TX_3_validation,1.4287777672591992,1.2013111601558562,1.2017475294218558,1.2017475294218558,1.2892964431091554,1.4401114033063007,1.57444546068396,1.3878626354950592,1.229292788653998,1.2213251507741336,1.2213251507741336,1.3415316718541686,1.5963617965382317,1.706249573345689,1.4539588085466328,1.3192783382371398,1.3113107003572755,1.3113107003572755,1.3626688041280577,1.655862197479478,1.6938535910334005,1.3895619245943138,1.3026808849497766,1.2947132470699123,1.2947132470699123,1.3589734855540743,1.6009014755247577,1.6158459324400622
FOODS_3_451_TX_3_validation,8.210268690685599,7.503093106919245,8.190199613567238,7.761097704137212,8.054318167616284,9.48794687509172,9.746932120821203,8.80244773742051,7.6921690214618925,7.422710340659602,7.435317133581559,8.060496693634017,10.058989202269522,11.087568717408763,9.356630469338372,8.212713176583671,8.373573600498487,8.523967624359543,9.376992000880406,11.101885783668878,11.135255010759241,9.455197076702976,8.228794326308648,8.455042469159874,8.091742787256662,8.716922347309113,10.574440986389469,10.803698948455487
FOODS_3_452_TX_3_validation,0.26515358554103524,0.3053471637065594,0.3394519707022422,0.3494442724947999,0.3736073002436465,0.5335718049802267,0.5493628903492528,0.6013515891140443,0.5385123582144751,0.5293397453581674,0.5293397453581674,0.6175183056047842,0.7803529990890656,0.8501087413651423,0.6790282613062965,0.6616292856159659,0.49300490205090225,0.49300490205090225,0.5382370493652362,0.5933446275590971,0.6902688802071173,0.5622327419798335,0.5160644136602568,0.5093079509955144,0.544226113716121,0.5789853021817261,0.6719627442464999,0.74786287908002
FOODS_3_453_TX_3_validation,0.3211619204255056,0.3538688121673668,0.4022526948522504,0.39286733854788863,0.42912659508020606,0.5315244438317216,0.56286438969302,0.6183358766967673,0.5628072025039732,0.5560507398392308,0.5985846872491687,0.6426444598165129,0.7818785324655932,0.8713669922206464,0.7420911683112277,0.49976136471564475,0.5140290198654024,0.5140290198654024,0.5592611671797363,0.6143687453735972,0.7231380883202492,0.630020112813572,0.5509825763808633,0.5494190198275265,0.5558160519132216,0.6063233254930448,0.6907557586444836,0.74786287908002
FOODS_3_454_TX_3_validation,3.1010228620088207,3.270701962626336,3.264459817898366,2.7768009648259495,3.0063837178466146,3.404439943334211,3.7348175097855143,3.303377920555583,2.7199559396273427,2.5612754032309697,2.5612754032309697,2.6560070346083373,3.2084669165181516,3.4246180180563037,2.8861351526424026,2.601750807870115,2.6134451562738654,2.6928884943218456,2.9784076170658684,3.5853016829089,3.802353731635103,2.8374850968600005,2.618784268520279,2.596847702986501,2.608960812076853,2.7470346385500104,3.349832504330173,3.4641911119475384
FOODS_3_455_TX_3_validation,19.300035110000007,16.90826965672773,16.855104936915627,17.108125511286502,19.877574138047247,23.36287093768642,24.184186200723012,18.855442930910783,17.37031661904413,17.23931310287033,17.492333677241206,19.58012920293195,23.56306354713702,24.169246561469148,18.855442930910783,17.230834679444403,17.23931310287033,17.440701811157073,19.58012920293195,23.56306354713702,24.169246561469148,18.855442930910783,17.230834679444403,17.23931310287033,17.492333677241206,19.58012920293195,23.56306354713702,24.169246561469148
FOODS_3_456_TX_3_validation,0.5390974077841348,0.5372638197620981,0.5305073570973557,0.5654255198179623,0.6066625868191482,0.6993604419960289,0.970247767440387,0.7979014427740971,0.7715933085262576,0.7636256706463932,0.7822531139483209,0.6641929940997804,0.7646616118302928,0.8646149461358261,0.6891535963249686,0.6269284846653109,0.6189608467854465,0.6021484220123956,0.6473805693267295,0.7632440459335736,0.8504294026548772,0.713359677746807,0.6269284846653109,0.6599913204858893,0.6599913204858893,0.7104985940657125,0.8014906145556608,0.9075546687931552
FOODS_3_457_TX_3_validation,0.12103054063004666,0.29605662429926655,0.27622227347901507,0.2874647915878658,0.32162012112927024,0.42761996895879884,0.5413903272655535,0.5544683686917882,0.5350522038453074,0.5293397453581674,0.5387251016625291,0.582784874229873,0.7803529990890656,0.8501087413651423,0.6790282613062965,0.6062791752513776,0.491580555788349,0.48246566271572927,0.4814625927380949,0.5696870160660625,0.6591754758211157,0.5412086241653334,0.4621710877326235,0.47643874288238236,0.47643874288238236,0.5545400983098483,0.6348419711744405,0.7414587977534924
FOODS_3_458_TX_3_validation,9.71262277124771,9.018587773093689,9.071120950662038,9.035638045153638,9.9682360503571,11.771067098708926,12.02857863169325,10.133929972911044,9.071081746811892,8.99677204239878,8.844508213945767,9.710533658426678,11.437963570396763,11.767821406394537,9.880950377090556,8.865924476139023,8.79161477172591,8.803232275390751,9.717175581068448,11.311728520874631,11.779438910059378,9.892567880755397,8.877541979803864,8.803232275390751,8.803232275390751,9.717175581068448,11.444605493038532,11.88397385320672
FOODS_3_459_TX_3_validation,3.217010399074241,2.8977436375306875,2.9879427155328053,2.889775999650823,3.2084679047669495,3.8397193319452896,4.243074298765087,3.323644103023772,3.0496559703297192,3.089991037405075,3.089991037405075,3.3134213113327324,3.9764862004002706,4.238872827790012,3.245598631883572,2.9411395263846285,3.022018008772637,2.933171888504764,3.1071742061187257,3.7153028862149178,3.932354934941121,3.1648813421672215,2.8928368214294085,2.88829472102236,2.88829472102236,3.073972124757545,3.7153028862149178,3.932354934941121
FOODS_3_460_TX_3_validation,1.5668615369868237,1.398645919344453,1.2232526005300306,1.2424622830480228,1.3626688041280577,1.5963617965382317,1.8047201093606988,1.6064622498223855,1.4059819135960945,1.3113107003572755,1.3620699513369214,1.3626688041280577,1.6682581797917666,1.8843827486405476,1.632091983841491,1.3039613365028118,1.3288977915528914,1.3288977915528914,1.3697829364749448,1.710186233510363,1.8677852953531844,1.6643211679110737,1.434888501436361,1.315725875738344,1.315725875738344,1.3765605767496902,1.5496401494111207,1.7760876285631948
FOODS_3_461_TX_3_validation,6.166188838674514,5.120702717835504,5.013203840702785,5.047569729426577,5.3593004615847555,6.75080584726578,7.334014979355965,5.928063529173645,5.4637734398376026,5.424661070673234,5.649760100091544,6.316935175385351,7.771919761648119,8.34709737387226,6.711103347984549,5.717727583667902,5.626745422638845,5.56028156299975,5.930488085793572,7.275440124242791,7.589607761827965,6.323963436528499,5.559664416274373,5.39524971406774,5.308640228639346,5.678846751433169,7.137471431631719,7.510826857132054
FOODS_3_462_TX_3_validation,9.90473005789295,9.788019972343063,9.545185493325768,8.19034334137626,9.815678049758102,10.62986344853036,10.92385567222149,8.684124801704773,7.632368314288632,7.414556442030088,7.011029521607216,7.451500209099464,9.147178154633698,10.205913657822627,8.469280209917775,7.285460524394732,6.97659358313273,6.97659358313273,7.928610821637883,9.915288463304547,10.998719599064442,9.349857637627961,8.20594034487326,8.232570561174313,8.523967624359543,9.376992000880406,11.101885783668878,11.135255010759241
FOODS_3_463_TX_3_validation,0.49663966775156604,0.4770899232281788,0.5450594532328605,0.518174689891195,0.565108345936495,0.6949577085140319,0.770857843347552,0.8166944571720808,0.7376569207393722,0.7636256706463932,0.7448326562484096,0.8106728364896039,0.9552961346471399,1.0661712835813606,0.7275452212277558,0.6411140281462598,0.6183304217151132,0.6167914047998421,0.6285875549287459,0.7224965853207487,0.8171897345522524,0.713359677746807,0.6269284846653109,0.6189608467854465,0.6189608467854465,0.6641929940997804,0.7522656295180042,0.9010917513550173
FOODS_3_464_TX_3_validation,0.4878453056666578,0.4986859280705377,0.556676517806258,0.556676517806258,0.5958096578165311,0.7408040251673745,0.7896508577455357,0.8166944571720808,0.7715933085262576,0.7822531139483209,0.6189608467854465,0.6641929940997804,0.7632440459335736,0.8642627486296492,0.7667861337595383,0.6269284846653109,0.6723873027981778,0.6189608467854465,0.6473805693267295,0.7412895997187323,0.8171897345522524,0.670360581926985,0.61011605989226,0.6189608467854465,0.6021484220123956,0.6641929940997804,0.7522656295180042,0.847665295342286
FOODS_3_465_TX_3_validation,0.33439821894971633,0.35992038812004457,0.3499911135723739,0.3584645835912067,0.39759772360147966,0.5543597753091499,0.6125489066239771,0.6738628135708031,0.5910122135899976,0.6068225871303785,0.61689187370188,0.6621240210162139,0.8283752803020047,0.7607283653032693,0.6676103897965918,0.5885728533638832,0.5468982279785345,0.5468982279785345,0.5921303752928684,0.7197463931903555,0.7231380883202492,0.5951019500929654,0.5160644136602568,0.5093079509955144,0.544226113716121,0.5894582610304548,0.6761642152215747,0.7666558934780037
FOODS_3_466_TX_3_validation,0.025168559336970375,0.4875324324384791,0.37107161851895815,0.30810817523825224,0.3188510730392522,0.5142241058230604,0.5800582488896228,0.6093241521977436,0.5385123582144751,0.5327998997273351,0.5327998997273351,0.6449922048127257,0.7816567399076761,0.8145532266714496,0.6609494761883853,0.6593768832409063,0.6526204205761639,0.6457579298786035,0.536812703102683,0.6295105582795638,0.7068350393756371,0.5622327419798335,0.4831952055471249,0.5093079509955144,0.5093079509955144,0.5894582610304548,0.6697601338950471,0.74786287908002
FOODS_3_467_TX_3_validation,0.5010892643398844,0.5331377191772627,0.4779081901659172,0.556676517806258,0.5958096578165311,0.7440366095929705,0.8436377463923268,0.6845221460004391,0.5980909529189431,0.6189608467854465,0.6189608467854465,0.6641929940997804,0.7646616118302928,0.9176892046423806,0.7667861337595383,0.6269284846653109,0.6189608467854465,0.6189608467854465,0.6473805693267295,0.7224965853207487,0.7983967201542688,0.6891535963249686,0.61011605989226,0.583355407614412,0.6021484220123956,0.6473805693267295,0.7508480636212851,0.847665295342286
FOODS_3_468_TX_3_validation,2.411742136940629,2.16353648334447,2.0380836674408,2.0380836674408,2.209611122971796,2.5270415017384957,2.861778214207328,2.4106135385343728,2.1249341797149426,2.12960519473415,2.12960519473415,2.1582459014919104,2.600800119183652,2.9050319914226357,2.4633567306407924,2.0874564664891353,2.0443841431032777,2.0443841431032777,2.092134441474269,2.4696642295382296,2.6487849188827015,2.4064120675592977,2.133371361638939,2.0401826721282026,2.0401826721282026,2.1650235417666557,2.4654627585631546,2.6487849188827015
FOODS_3_469_TX_3_validation,3.313730085583524,2.7420967087797172,2.734129070899853,2.635800204650206,2.8094439380191867,3.5591208431866717,3.743586043421864,2.823310940001842,2.5217336394280285,2.581387187677961,2.581387187677961,2.7067282160917214,3.2923848205194823,3.5264652185157463,2.8374850968600005,2.5893548255578254,2.581387187677961,2.601049173961576,2.7067282160917214,3.344551148293795,3.5930195139711154,3.0710509755256754,2.770445957676634,2.7659038572695858,2.614242168113231,2.844748200733369,3.501494193486528,3.632358963450443
FOODS_3_470_TX_3_validation,0.26515358554103524,0.29605662429926655,0.2789913215690331,0.2874647915878658,0.32162012112927024,0.41964740587509963,0.5500947102435383,0.563172751669773,0.544437560149669,0.5560507398392308,0.5638512558742572,0.6426444598165129,0.7803529990890656,0.8577786672991133,0.7252634785982647,0.6616292856159659,0.491580555788349,0.49300490205090225,0.5382370493652362,0.6519590223566171,0.6902688802071173,0.5622327419798335,0.4831952055471249,0.47643874288238236,0.5093079509955144,0.5545400983098483,0.6697601338950471,0.7414587977534924
FOODS_3_471_TX_3_validation,0.46254635309559844,0.42633479569369437,0.4574298515256018,0.4022526948522504,0.4983715369712084,0.5315244438317216,0.8600192288488083,0.678538301978045,0.5869715075596069,0.5985846872491687,0.5899071780227317,0.6429398413720924,0.7954668573871263,0.9190265557751678,0.7420911683112277,0.5207854825301448,0.5468982279785345,0.5468982279785345,0.6270485380134747,0.7197463931903555,0.7983967201542688,0.6891535963249686,0.5980909529189431,0.6065648644731579,0.6065648644731579,0.6570721380529811,0.7466465926462104,0.847665295342286
FOODS_3_472_TX_3_validation,0.26515358554103524,0.28193473196615493,0.34815635368022696,0.29616917456585057,0.330324504107255,0.4931086474169433,0.56286438969302,0.6256464334035426,0.5628072025039732,0.5714370702465179,0.5792375862815446,0.6520547344447124,0.8055361439586278,0.8713669922206464,0.7388518035197977,0.6630536318785191,0.5140290198654024,0.5140290198654024,0.5921303752928684,0.630934904542117,0.7278591571901372,0.5951019500929654,0.5160644136602568,0.544226113716121,0.5093079509955144,0.5894582610304548,0.6697601338950471,0.74786287908002
FOODS_3_473_TX_3_validation,3.3709170443308687,3.052254974295169,3.08578956643,3.1041307621533525,3.4159149318431186,4.094133547824502,4.238872827790012,3.4765712029679197,3.0937572043098642,3.2034369138542234,3.2034369138542234,3.367297101099593,4.006047180500404,4.2684338078901405,3.3632459793077953,3.1476329940767247,3.2034369138542234,3.1396653561968604,3.118849292239949,3.7705566734818374,4.150786460465914,3.245598631883572,2.9411395263846285,3.025443546245453,2.88829472102236,3.2047725861929655,3.8331460458092557,3.932354934941121
FOODS_3_474_TX_3_validation,2.5392397867760086,1.7329858995607577,1.6894506075621794,1.8683427949893774,2.257173050209773,3.21508821586634,2.295904032212107,1.8294058615879465,1.6966837236661994,1.6005470690010377,1.5902436538403204,1.6067641141779607,1.8755687433547008,1.8759109205875975,1.6467120756412716,1.5557199555290155,1.4274752756479954,1.4194479012007004,1.5077587335922793,1.8367910834869947,1.9488683776159565,1.7503101891336466,1.6582071490466064,1.6934858302141955,1.681089847901907,1.8367989822101667,2.237817288418083,2.122289334480949
FOODS_3_475_TX_3_validation,1.500340457133529,1.4350475703012013,1.371855654560751,1.3603206673762835,1.4748285160471597,1.7383641744758391,1.9107624862672445,1.6841014554872937,1.5035756013868447,1.4799489718885173,1.4429860108229908,1.5184150034647395,1.8326697875292377,1.8677852953531844,1.6154945305541277,1.434888501436361,1.390976539177188,1.390976539177188,1.4238942902565204,1.6692478177000196,1.8268468795428405,1.4549484464548854,1.2514195588361399,1.2258648297606596,1.2981387845427281,1.3589734855540743,1.6009014755247577,1.7585005373675786
FOODS_3_476_TX_3_validation,3.5682170191063345,3.118784159577758,3.2417201007103658,3.307006789674052,3.622472584483855,4.4041694927569,4.751770775469916,3.996635739380202,3.45617418446965,3.5172116907167075,3.5366886285556993,3.7982598321792724,4.40320456373442,4.599902146441816,3.8187794009330474,3.3265859888101854,3.3357926879544,3.2761099532033557,3.4854005023827357,4.078979820910663,4.341366448300397,3.579064823478306,3.2300733651806692,3.2068624513270394,3.2068624513270394,3.434494196229772,4.094133547824502,4.356520175214235
FOODS_3_477_TX_3_validation,5.502782339740904,5.160885127968473,5.227718486412927,5.134309744252436,5.555247644167084,6.92507062719125,7.043197524736701,5.810372193656654,5.279618244681516,5.185041121373262,5.0681244304217845,5.387408736356968,6.5107197697673405,6.812408484626602,5.6218404544332685,4.925838110255348,4.931278384154934,4.931278384154934,5.150545292882276,6.273856326292649,6.6236305406481515,5.553838714841051,5.0434597353662936,5.020309889123073,5.020309889123073,5.339594195058256,6.4594796909958125,6.828423063184094
FOODS_3_478_TX_3_validation,1.3478814966268462,1.2097151673017201,1.2017475294218558,1.1933435222759918,1.2407065457336262,1.3694359820746556,1.495641070360894,1.2872091922042277,1.134828756891213,1.080105697053297,1.080105697053297,1.1782192227821309,1.3960399335615383,1.495641070360894,1.291194292195967,1.1995378758027357,1.1915702379228714,1.2213251507741336,1.2429283416936536,1.3960399335615383,1.4872301880403447,1.339522328803462,1.1829404225153726,1.1749727846355082,1.1142487657157247,1.2358074856468544,1.3794424802741752,1.4790436170735308
FOODS_3_479_TX_3_validation,1.2988211034533006,1.2097151673017201,1.2364804500001594,1.2540675411957753,1.2995031148975127,1.4341451009861783,1.4720698272299613,1.2872091922042277,1.1388138568829522,1.130846219003088,1.1915702379228714,1.2429283416936536,1.527513379228979,1.6851124410718,1.5016700935819964,1.3340855303425594,1.3113107003572755,1.3113107003572755,1.293820386818805,1.5486505115028681,1.7750979906549418,1.4019579069066024,1.3068823559248512,1.193269527022126,1.1890680560470515,1.2499027570583976,1.3935377516857184,1.493138888485074
FOODS_3_480_TX_3_validation,0.7500012160961056,0.7528554320779632,0.7910773846599295,0.7690656394716053,0.806032679396696,0.8915750126931881,1.100193435750988,0.9656127703173719,0.7700451004029258,0.8246380876393081,0.8246380876393081,0.8073096098373953,0.9077782275679077,1.0073793643672662,0.8564762934844219,0.7700451004029258,0.8246380876393081,0.7620774625230614,0.869870234953642,0.9879579820799829,1.0875591188793394,0.8564762934844219,0.7700451004029258,0.7620774625230614,0.8122421053270196,0.7968366509886665,0.873370500067295,0.9907819110799027
FOODS_3_481_TX_3_validation,0.4686585522456456,0.46300442724936347,0.4562479645846212,0.46624026637717875,0.505754869387439,0.6105489533477904,0.6864506628023095,0.6948853567643042,0.6057785337600942,0.61689187370188,0.6379159915163801,0.683148138830714,0.8988347653981567,0.7956465280238756,0.670360581926985,0.5913230454942764,0.583355407614412,0.5818163906991408,0.6285875549287459,0.7412895997187323,0.8171897345522524,0.713359677746807,0.6269284846653109,0.6189608467854465,0.6189608467854465,0.6537200352510516,0.7480641585429295,0.8338319493675139
FOODS_3_482_TX_3_validation,1.1679512267132226,1.0020676104576527,0.989804830278657,0.989804830278657,1.0189456684963722,1.2408376436912243,1.3534595855255418,1.1450277073688753,1.0037434844877087,1.0337989060356698,1.0337989060356698,1.0790310533500036,1.3456488300780087,1.4452499668773644,1.1450277073688753,0.9742853781478579,0.9663177402679934,0.9561513109930939,1.0115498875823272,1.2414624664138973,1.3410636032132532,1.0958237680249785,0.9913475021754201,0.9539217579557046,0.9539217579557046,0.9909104994586996,1.2004530384072145,1.3368621322381786
FOODS_3_483_TX_3_validation,0.926009896356725,0.8745271121920697,0.9483652761350304,0.9244905682246928,0.9687603435818286,1.1608799112845223,1.5002379926148428,1.198602610498536,0.906490992323639,0.8985233544437746,0.8985233544437746,0.9437555017581085,1.1896630292430304,1.2892641660423858,1.0777995795297695,0.9610862405170082,0.9531186026371438,0.9632850319120426,1.037975285566228,1.0816857611307167,1.140129388834494,0.9993660189563537,0.9034582839676891,0.8954906460878247,0.9407226203248552,1.0013963231795784,1.0870193116602205,1.2696340043990728
FOODS_3_484_TX_3_validation,0.4685815674667019,0.4457162064141295,0.45177842442812444,0.4204440644981409,0.4953811045948949,0.5577724556775846,0.6509647030387551,0.6421088590940984,0.6135790497951209,0.61689187370188,0.61689187370188,0.6849631573595908,0.6472379534867291,0.7231380883202492,0.6676103897965918,0.5913230454942764,0.583355407614412,0.583355407614412,0.5946511671418604,0.7073532119318469,0.8215918709085094,0.713359677746807,0.61011605989226,0.6021484220123956,0.6021484220123956,0.6369076104780007,0.7466465926462104,0.8005922812648891
FOODS_3_485_TX_3_validation,1.5790880861402476,1.4752158016745858,1.3078322190485232,1.376680636357776,1.4782774511699333,1.6350860200077366,1.8843827486405476,1.5403943170515013,1.3728097538120645,1.3288977915528914,1.2232526005300306,1.2570236131051968,1.4141203049648208,1.57444546068396,1.4019579069066024,1.3192783382371398,1.298914718044987,1.2777775857710978,1.4261815061694285,1.6516607265044034,1.8421555613340785,1.5569690235481681,1.4092587674172554,1.3687723426308982,1.3944020766500038,1.45523677766135,1.6184885667203734,1.7760876285631948
FOODS_3_486_TX_3_validation,0.4476360090521443,0.43167006731937974,0.41045176270558315,0.3584645835912067,0.46404674466491036,0.5511106137395113,0.6942511788373363,0.7026874474203301,0.6236483363666224,0.6379159915163801,0.6397310100452569,0.5545400983098483,0.6821561162073356,0.7607283653032693,0.6676103897965918,0.5913230454942764,0.583355407614412,0.5494190198275265,0.5946511671418604,0.6885601975338632,0.783253346765367,0.6364241941400995,0.5573866577073909,0.5494190198275265,0.544226113716121,0.5946511671418604,0.6761642152215747,0.7666558934780037
FOODS_3_487_TX_3_validation,2.0941477099762276,1.8355505164918187,1.797206683779755,1.8275828786119543,1.8439119318203492,2.054265669665886,2.216119493853902,1.9147791010731556,1.6935940115392023,1.5971233846286115,1.6814249026842634,1.709809639024045,1.9811762740999743,2.03378634545022,1.776765013107208,1.564980615464666,1.5570129775848016,1.5522824100408417,1.5731770611894573,1.8445436962653867,1.9441448330647424,1.6918540682656862,1.5112480391479193,1.4876214096495919,1.45485991955914,1.5156946205704862,1.8326697875292377,1.98127293310138
FOODS_3_488_TX_3_validation,1.7957721241131346,1.6952930109356148,1.5925514628017603,1.6565104323900057,1.7225334825837297,2.0666616519781753,2.2732507559162154,2.023221621578844,1.8180066199815543,1.7293947662829308,1.7293947662829308,1.7967496250202069,2.1025705880469108,2.2285154761661916,1.9425774057600862,1.737362404162795,1.6980223559716265,1.7169987839706422,1.7064575362221153,1.9336561120819835,2.08077741089933,1.7814955806511679,1.6478806169825069,1.588191346109577,1.6074295805067231,1.6303351749790198,1.8982762725821334,1.993146841837529
FOODS_3_489_TX_3_validation,2.1590809344383235,1.9570888795827635,2.0262504416239104,2.0262332300585855,2.0960402338479227,2.250168861934231,2.4094584789885647,2.1235204085824613,1.9499296928511292,1.9399721265325052,1.9399721265325052,1.8865754531750898,2.130753666150809,2.25669855427009,1.9707604838639854,1.7655454822666932,1.8382220602055883,1.7575778443868288,1.8268557265876646,2.207196410994494,2.440250173022288,2.0912234968859233,1.8860084952886302,1.9064208650816254,1.9415512586792212,2.0112104277785297,2.207196410994494,2.333141299113775
FOODS_3_490_TX_3_validation,0.6787569619502867,0.7031578781143708,0.6543457963682365,0.6401602528872878,0.7426242919362318,0.8142553779203764,0.9203194321578707,0.9347262998316738,0.7884057332993085,0.7822531139483209,0.6865728462791265,0.7318049935934604,0.8387365287621107,0.9773144771096934,0.8344645482960977,0.7700451004029258,0.7320125752654896,0.7400657173347372,0.7852978646490711,0.9077782275679077,0.9949833820549775,0.8440803111721333,0.7534476471155626,0.7454800092356981,0.723468264047374,0.7781770086022719,0.8691690290922203,0.9607170238223289
FOODS_3_491_TX_3_validation,6.4630540748292304,5.228886867560692,5.188975360496782,5.188975360496782,5.838719353232756,7.230464626037472,7.093928901857527,5.758686500700119,5.162701553730041,5.138238722443779,5.071549967894601,5.478581428596522,6.62430346042684,6.898014452121925,5.707446421928591,5.111461474958511,5.086998643672251,5.1372265800745485,5.427341349824993,6.573572083306016,7.221054401523887,5.85304955869632,5.111461474958511,5.086998643672251,5.086998643672251,5.507433102868371,6.663921147046899,7.047648873877941
FOODS_3_492_TX_3_validation,0.7519403758194158,0.7646627523993978,0.7708806580004821,0.7708806580004821,0.812117725001668,0.9345980879205046,1.0200136812389125,0.8564762934844219,0.8326057255191726,0.8246380876393081,0.8246380876393081,0.8073096098373953,0.9077782275679077,1.0875591188793394,0.9366560479964955,0.8615624478400488,0.8246380876393081,0.7620774625230614,0.7852978646490711,0.8857664823795836,1.0073793643672662,0.8564762934844219,0.7700451004029258,0.7496814802107729,0.7454800092356981,0.8001887537905961,0.8911807742805444,0.9907819110799027
FOODS_3_493_TX_3_validation,0.1330922794263161,0.29605662429926655,0.2789913215690331,0.2874647915878658,0.32162012112927024,0.41964740587509963,0.5413903272655535,0.5544683686917882,0.5350522038453074,0.5293397453581674,0.5387251016625291,0.5655990018904844,0.7619833567347615,0.8317390990108381,0.6793191185426894,0.613141665948938,0.6526204205761639,0.6457579298786035,0.527697810030063,0.6295105582795638,0.7054106931130839,0.5412086241653334,0.4831952055471249,0.47643874288238236,0.5093079509955144,0.5545400983098483,0.6697601338950471,0.7414587977534924
FOODS_3_494_TX_3_validation,0.5845787073274046,0.5195364245549329,0.5127799618901905,0.5142043081527436,0.5554413751539296,0.8913250368218226,0.9672251716553423,0.7941694757099831,0.7151319392772745,0.7083754766125321,0.7083754766125321,0.7207384158137339,0.9319947609699811,1.0446280770529839,0.7053355960276863,0.6262980595949776,0.6021484220123956,0.6021484220123956,0.6641929940997804,0.7632440459335736,0.8642627486296492,0.7667861337595383,0.6868178581161801,0.6664542379240271,0.6664542379240271,0.7559383230520755,0.8549834856112716,0.9465314803413803
FOODS_3_495_TX_3_validation,2.6220840185592778,2.5300258132282303,2.4623384487609408,2.420883903001179,2.5415152786073074,3.3046628170694077,3.577819663526265,2.818083775440075,2.5851533545827503,2.577185716702886,2.509564530573089,2.6424591327638547,3.191869463230787,3.244934230841156,2.6773011940520806,2.39275188686118,2.2302417523575304,2.174285123094462,2.279074685791367,2.678461459346131,2.9351571978357707,2.4541554059643627,2.225316416509316,2.1714040689992475,2.1714040689992475,2.325563878799173,2.8493089691699383,3.1007976493025033
FOODS_3_496_TX_3_validation,2.0536642585965477,1.917440480360511,1.910337769105303,1.9094728424806466,2.0028793204980198,2.31916008529549,2.458837554748412,2.1924951469607565,1.9623256751634177,1.910337769105303,1.9399721265325052,1.9924063616492902,2.2711176085569944,2.499969899609713,2.0262787394763366,1.901707953697804,1.8937403158179398,1.8971658532907556,1.9394642753366096,2.207196410994494,2.333141299113775,2.0892335684471637,1.8840185668498706,1.8374461267033295,1.8374461267033295,1.9167125161679046,2.207196410994494,2.333141299113775
FOODS_3_497_TX_3_validation,1.1320449064289486,1.0655023812427726,1.043439471951365,1.026590787273589,1.055731625491304,1.2402319552776533,1.4222816969159595,1.1450277073688753,0.9742853781478579,0.9957758466078438,0.9957758466078438,1.041007993922178,1.2170504916945777,1.2892641660423858,1.1450277073688753,1.0037434844877087,0.9663177402679934,0.9663177402679934,1.041007993922178,1.253858448726186,1.3534595855255418,1.1450277073688753,1.0761259835612973,1.0214029237233813,0.9833798642955557,1.030535035073449,1.1772670469307418,1.30005417520657
FOODS_3_498_TX_3_validation,3.0303073794938076,3.4513003529006037,3.7445270639408146,4.366392143541189,4.876862422856693,5.669163025847187,6.020706673977517,5.417957667186584,4.860839788464617,4.202953244921782,4.079338374776259,4.141401648255382,5.327517821357332,5.810836182136289,5.003835244624583,4.111395538764791,4.021453558452285,4.258835136343333,3.985073312475325,4.907536463442704,5.477409810091318,4.1740417066286915,3.517409446956663,3.5126461540579133,3.5266330701167243,3.803742834525248,4.668883648995384,5.048084469998256
FOODS_3_499_TX_3_validation,11.94293588538806,10.533381244914212,10.567566128963115,9.962475506406616,10.729599075303488,13.633354808676062,15.195881996104537,12.854878921779282,11.04411878633714,11.131910545292708,11.155851836356618,12.50496329777364,14.621043391661086,15.508192565956366,12.92074964618284,11.017972597212186,10.88650585158463,10.88650585158463,12.213223987245659,13.483849639658843,14.29868634866168,12.177131324089224,10.605828616331207,10.653838375798845,10.629897084734935,11.895718944593341,13.349576514804546,13.990982247258735
FOODS_3_500_TX_3_validation,0.14437141153252112,0.30939965559582344,0.28769570454701787,0.29616917456585057,0.330324504107255,0.41964740587509963,0.5500947102435383,0.5544683686917882,0.5350522038453074,0.5293397453581674,0.5387251016625291,0.582784874229873,0.7803529990890656,0.8577786672991133,0.6790282613062965,0.6525143925433459,0.491580555788349,0.491580555788349,0.536812703102683,0.5832753409875956,0.6591754758211157,0.5412086241653334,0.4621710877326235,0.47643874288238236,0.47643874288238236,0.5545400983098483,0.6348419711744405,0.7414587977534924
FOODS_3_501_TX_3_validation,6.156856415967948,5.591035724071813,5.714834299471015,5.275584845925174,5.838719353232756,7.222978053437889,7.596333478938224,6.379428190672384,5.615129170418259,5.859459991135318,5.943356655873649,6.436600043527916,7.670975373669079,8.487434879363741,6.90397223073587,5.980048055345942,6.017348575525579,6.017348575525579,6.630721467656059,8.100224012217865,8.576526414434907,6.646473528120501,6.080006062553005,6.137478080001792,5.802339681258943,6.207418853351384,7.566797262138468,7.936124358273108
FOODS_3_502_TX_3_validation,1.6707503646196638,1.4941748041256182,1.371747759728777,1.438388933130296,1.4601222225688246,1.572790553407299,1.8587530146214417,1.632091983841491,1.4514859547237242,1.4075739924645512,1.4075739924645512,1.4589320962353334,1.7267836867977262,1.9332093859974935,1.632091983841491,1.5003125920806701,1.44351831684386,1.4075739924645512,1.5004686090324073,1.8243951011747062,1.920813403685205,1.6685226388861483,1.4390899724114357,1.316501809240603,1.390976539177188,1.4238942902565204,1.6184885667203734,1.8268468795428405
FOODS_3_503_TX_3_validation,5.793782210920035,5.210687988559313,5.064870786479529,5.150476753974851,5.500347887389275,6.863340959996798,6.949254530893454,5.758686500700119,5.111461474958511,5.133801042601732,5.134309744252436,5.504516267046259,6.663921147046899,7.042688823085998,5.75964081653583,5.228886867560692,5.227718486412927,5.278958565184455,5.555247644167084,6.650851549271157,7.070263073784997,5.781300700607175,5.229390308279219,5.0681244304217845,5.0681244304217845,5.507433102868371,6.663921147046899,7.019022995013468
FOODS_3_504_TX_3_validation,1.286449560249544,1.268157008319878,1.320988508749131,1.3421256410230202,1.3894886644806546,1.6619058803603335,1.5947768711849495,1.4539588085466328,1.3192783382371398,1.3620699513369214,1.3113107003572755,1.3626688041280577,1.6174989288121209,1.7750979906549418,1.5735664768355313,1.4258562207046186,1.3620699513369214,1.3819442584454456,1.4134280551077036,1.7267836867977262,1.6500304769230414,1.4195449981022183,1.213633147214279,1.193269527022126,1.2258648297606596,1.3555479480812584,1.6009014755247577,1.6158459324400622
FOODS_3_505_TX_3_validation,1.068628792796911,0.9670793944674189,0.989804830278657,0.989804830278657,1.0526989171353542,1.2806783090787828,1.2604810480838777,1.1450277073688753,0.9641189488729583,0.9663177402679934,0.9957758466078438,1.041007993922178,1.2170504916945777,1.3166516284939331,1.108219750337267,0.9742853781478579,0.9957758466078438,0.9663177402679934,1.0013834583074284,1.2170504916945777,1.3534595855255418,1.108219750337267,0.906490992323639,0.9561513109930939,0.9561513109930939,0.998044220377648,1.234228287082873,1.2726667127550226
FOODS_3_506_TX_3_validation,0.3442427733124572,0.35816502159801583,0.3922603930596927,0.29616917456585057,0.330324504107255,0.4931086474169433,0.56286438969302,0.6256464334035426,0.5628072025039732,0.5714370702465179,0.592056266960282,0.6520547344447124,0.8055361439586278,0.8814362787921479,0.7420911683112277,0.6630536318785191,0.5140290198654024,0.49300490205090225,0.5592611671797363,0.6519590223566171,0.7607283653032693,0.630020112813572,0.5509825763808633,0.5494190198275265,0.544226113716121,0.5894582610304548,0.6761642152215747,0.74786287908002
FOODS_3_507_TX_3_validation,0.26515358554103524,0.284703780056173,0.34815635368022696,0.3494442724947999,0.3736073002436465,0.5335718049802267,0.5413903272655535,0.6013515891140443,0.5385123582144751,0.5293397453581674,0.5327998997273351,0.6081329493004225,0.7541828406997346,0.8317390990108381,0.6793191185426894,0.6044641567225009,0.6457579298786035,0.491580555788349,0.5382370493652362,0.630934904542117,0.6902688802071173,0.5622327419798335,0.5160644136602568,0.5093079509955144,0.544226113716121,0.5841782082931316,0.6719627442464999,0.74786287908002
FOODS_3_508_TX_3_validation,1.0448678459504879,0.9977724681585214,0.9979495548226865,1.0745833116645351,1.064795145918825,1.277645600722833,1.3246764675670337,1.1450277073688753,1.0037434844877087,0.9957758466078438,1.0337989060356698,1.0790310533500036,1.298893408119957,1.3534595855255418,1.1450277073688753,0.9742853781478579,0.9957758466078438,0.9957758466078438,1.041007993922178,1.2170504916945777,1.2892641660423858,1.0808322878857197,0.9641189488729583,0.8985233544437746,0.9407226203248552,1.0013963231795784,1.1974203300512642,1.2696340043990728
FOODS_3_509_TX_3_validation,0.18074171494175015,0.3405389773996093,0.3371724328936366,0.32626449219203413,0.36041982173343856,0.5193566592628066,0.5952567940963267,0.6421088590940984,0.585994048946287,0.592056266960282,0.6068225871303785,0.6520547344447124,0.8073511624875046,0.8832512973210247,0.5787989011483533,0.49976136471564475,0.5140290198654024,0.5140290198654024,0.5216708901967164,0.5933446275590971,0.6902688802071173,0.5412086241653334,0.4831952055471249,0.47643874288238236,0.5093079509955144,0.5545400983098483,0.6697601338950471,0.74786287908002
FOODS_3_510_TX_3_validation,0.5929891590907678,0.4944023098564084,0.4976381489842241,0.5680976340803758,0.5764654929684296,0.6644422792754223,0.927529088684753,0.7914973614475695,0.752800294128274,0.7636256706463932,0.7822531139483209,0.8106728364896039,0.7632440459335736,0.8784482921105979,0.7275452212277558,0.6803549406780423,0.6189608467854465,0.6723873027981778,0.7240823675506496,0.7632440459335736,0.8642627486296492,0.7667861337595383,0.6803549406780423,0.6723873027981778,0.6664542379240271,0.7559383230520755,0.8014906145556608,0.9075546687931552
FOODS_3_511_TX_3_validation,8.832973411347377,7.42364963132235,7.083254491435718,7.083254491435718,7.70843405148816,9.642227335210743,10.224735707288845,8.458593846661454,7.413263673060626,7.083254491435718,7.083254491435718,7.70843405148816,9.785928074175718,10.224735707288845,8.458593846661454,7.406904086833669,7.083254491435718,7.083254491435718,7.70843405148816,9.785928074175718,10.224735707288845,8.458593846661454,7.413263673060626,7.083254491435718,7.083254491435718,7.70843405148816,9.785928074175718,10.224735707288845
FOODS_3_512_TX_3_validation,0.10096576248917655,0.35860482108430686,0.29963470521941954,0.28469574349784776,0.3188510730392522,0.462236926708683,0.5493628903492528,0.5624409317754875,0.5385123582144751,0.5327998997273351,0.5327998997273351,0.5655990018904844,0.744797484395373,0.8317390990108381,0.6793191185426894,0.613141665948938,0.6457579298786035,0.491580555788349,0.536812703102683,0.630934904542117,0.6692447623926172,0.5412086241653334,0.4621710877326235,0.47643874288238236,0.47643874288238236,0.5545400983098483,0.6348419711744405,0.7414587977534924
FOODS_3_513_TX_3_validation,0.6217673539621072,0.6894508587134143,0.6926866978412297,0.6926866978412297,0.6337161821311632,0.7330035091323477,0.8604300587070015,0.9282633823935359,0.8482951067501777,0.8811192989474153,0.8498651134420009,0.8416708047436037,0.9914361243429294,0.8784482921105979,0.780971677240487,0.7010034015971288,0.7320125752654896,0.6865728462791265,0.6783785375807293,0.7632440459335736,0.8504294026548772,0.713359677746807,0.6803549406780423,0.6788502202363157,0.6723873027981778,0.7176194501125117,0.8121550029688734,0.9465314803413803
FOODS_3_514_TX_3_validation,1.4650161867180924,1.5104653511892732,1.6043507748768577,1.5801705364766598,1.5491062383354828,1.8159139474364865,1.8855728749740386,1.5911535680311475,1.4633598634598735,1.3288977915528914,1.3288977915528914,1.4310151463033196,1.6858452709873828,1.8434443328302037,1.4715458997422486,1.231220238409895,1.2056655093344146,1.1449414904146311,1.192314494193674,1.4101352049730815,1.4996261703526332,1.2872091922042277,1.1388138568829522,1.130846219003088,1.130846219003088,1.1782192227821309,1.387629051240989,1.5437527359850536
FOODS_3_515_TX_3_validation,1.3519338690098432,1.1163041981833806,1.0745833116645351,1.139292430576058,1.1414624985129707,1.3724686904306056,1.495641070360894,1.2872091922042277,1.134828756891213,1.1268611190113487,1.080105697053297,1.0934407413962537,1.3042495522097157,1.4038506890090712,1.1900626667626464,1.0885219658735859,0.9957758466078438,0.9957758466078438,1.041007993922178,1.298893408119957,1.4452499668773644,1.1450277073688753,1.0037434844877087,0.9957758466078438,0.9663177402679934,1.030535035073449,1.2372609954388227,1.4286525135900012
FOODS_3_516_TX_3_validation,9.892567880755397,8.812255636078978,8.656477063004479,8.208171076176624,9.265128343744582,11.3236118741771,11.88397385320672,9.892567880755397,8.877541979803864,8.803232275390751,8.803232275390751,9.583796039264396,11.444605493038532,11.779438910059378,9.892567880755397,8.877541979803864,8.803232275390751,8.803232275390751,9.583796039264396,11.311728520874631,11.779438910059378,9.892567880755397,8.877541979803864,8.803232275390751,8.803232275390751,9.583796039264396,11.311728520874631,11.779438910059378
FOODS_3_517_TX_3_validation,0.12103054063004666,0.29605662429926655,0.27622227347901507,0.2874647915878658,0.32162012112927024,0.42761996895879884,0.5493628903492528,0.5544683686917882,0.5385123582144751,0.5327998997273351,0.5293397453581674,0.5655990018904844,0.7619833567347615,0.8317390990108381,0.6793191185426894,0.613141665948938,0.6457579298786035,0.491580555788349,0.536812703102683,0.630934904542117,0.6591754758211157,0.5412086241653334,0.4621710877326235,0.47643874288238236,0.47643874288238236,0.5545400983098483,0.6348419711744405,0.7414587977534924
FOODS_3_518_TX_3_validation,0.27671686665858114,0.29340816303415773,0.36092603312970856,0.3709183349222665,0.3950813626711131,0.5221390875273597,0.5500947102435383,0.6072767910492385,0.5350522038453074,0.5387251016625291,0.581259049072467,0.6426444598165129,0.7818785324655932,0.8577786672991133,0.7252634785982647,0.6616292856159659,0.49300490205090225,0.491580555788349,0.5382370493652362,0.630934904542117,0.6902688802071173,0.5951019500929654,0.5160644136602568,0.544226113716121,0.544226113716121,0.5841782082931316,0.6719627442464999,0.74786287908002
FOODS_3_519_TX_3_validation,2.097230061055577,1.9162535282318707,1.5577850187619238,1.5988346583218667,1.6445880831421462,2.1167332346421865,2.2005262182707406,1.9425774057600862,1.6127564372768044,1.5557867906241534,1.5557867906241534,1.599414763841672,1.8970500856214854,1.9607422863521056,1.757453530325836,1.3846836625482137,1.3407717002890407,1.4075739924645512,1.4589320962353334,1.778793158443529,1.9332093859974935,1.6965776128169,1.5159715836991332,1.3648421159322002,1.3288977915528914,1.4205421874545907,1.710186233510363,1.9166119327101303
FOODS_3_520_TX_3_validation,1.097485700624361,0.9476135899201258,0.9294795227653627,0.9603467239388058,1.0353370395789738,1.2408376436912243,1.2062506101028894,1.0777995795297695,0.89531569647903,0.8954906460878247,0.8954906460878247,0.998350749951479,1.18663032088708,1.286231457686436,1.1419949990129254,0.971252669791907,0.8954906460878247,0.8954906460878247,0.9407227934021586,1.0816857611307167,1.203217901746939,1.0075086064450127,0.9034582839676891,0.8954906460878247,0.8830946637755361,0.9336019373553593,1.0870193116602205,1.2696340043990728
FOODS_3_521_TX_3_validation,0.44651150554411273,0.4043895446915881,0.41045176270558315,0.4076253838194036,0.4809192626458405,0.5577724556775846,0.8635664761856195,0.702685872799331,0.6236483363666224,0.61689187370188,0.61689187370188,0.6621240210162139,0.8659655572850246,0.7607283653032693,0.5998230189628534,0.5207854825301448,0.5468982279785345,0.5468982279785345,0.6270485380134747,0.6821561162073356,0.7644603323673833,0.6364241941400995,0.5573866577073909,0.5494190198275265,0.5494190198275265,0.6029712226911152,0.7178090608998425,0.8049944176211461
FOODS_3_522_TX_3_validation,0.329560315611962,0.3038741892999194,0.29769633590648154,0.3089388540153323,0.3430941835567367,0.5194508528549471,0.5812340320473244,0.6494194158008738,0.5781935329112603,0.5842557509252552,0.5985846872491687,0.6351393253370656,0.7954668573871263,0.8814362787921479,0.7402761497823509,0.6840777496930192,0.5468982279785345,0.5468982279785345,0.6270485380134747,0.7224965853207487,0.7983967201542688,0.6676103897965918,0.5536546906432769,0.5093079509955144,0.544226113716121,0.5894582610304548,0.6761642152215747,0.7666558934780037
FOODS_3_523_TX_3_validation,3.005659330263138,2.765867913122442,2.83389891561544,2.833881704050115,3.0035448612553908,3.5927752980550482,3.809827346781251,3.395838362186707,2.969992304511196,2.9654502041041475,2.88829472102236,3.073972124757545,3.7153028862149178,3.932354934941121,3.176556428288445,2.881161735308185,2.8203168742418305,2.808626237055745,2.887470580519529,3.462335925338713,3.705522934979655,3.010700665559541,2.726981058700505,2.679716578507297,2.679716578507297,2.844748200733369,3.415306914724239,3.679206792733404
FOODS_3_524_TX_3_validation,0.025168559336970375,0.4875324324384791,0.37107161851895815,0.30810817523825224,0.3188510730392522,0.5142241058230604,0.5800582488896228,0.6093241521977436,0.5385123582144751,0.5327998997273351,0.5327998997273351,0.6449922048127257,0.7816567399076761,0.8145532266714496,0.6609494761883853,0.6593768832409063,0.6526204205761639,0.6457579298786035,0.536812703102683,0.6295105582795638,0.7068350393756371,0.5622327419798335,0.4831952055471249,0.5093079509955144,0.5093079509955144,0.5894582610304548,0.6697601338950471,0.74786287908002
FOODS_3_525_TX_3_validation,3.3721777813240448,2.942180588162652,2.8822864789250504,2.86786146632017,3.230216455949698,3.9154097169570954,4.243074298765087,3.18075789926352,2.8970382924044835,2.889070654524619,2.889070654524619,3.0555193983615765,3.7078292710687695,3.899525079192632,3.1690828131422966,2.88331022346891,2.86365194840296,2.7232148917957155,2.8806929402447836,3.4612560402774104,3.5808960039311533,2.9196248263154616,2.6177043834589764,2.601049173961576,2.609736745579112,2.841322663260553,3.555743971331484,3.7981522606600278
FOODS_3_526_TX_3_validation,2.556785940741522,2.571950465991403,2.583784801967231,2.7016704895180843,2.841194056408358,3.495961581171966,3.7746893682769995,3.086927532621974,2.931471395700111,2.9235037578202467,2.9662261376064065,3.253427969191427,3.9112082459820203,4.183619040523092,3.4075289993727926,2.9411395263846285,2.933171888504764,2.933171888504764,3.084475441795263,3.410710937704277,3.65007269173692,2.819109469026767,2.6278757343689096,2.600273240459317,2.600273240459317,2.773992434302926,3.415306914724239,3.5930195139711154
FOODS_3_527_TX_3_validation,0.3558409999889512,0.3727390687987819,0.3371724328936366,0.3456459029124694,0.38477904292274234,0.5543597753091499,0.6125489066239771,0.6738628135708031,0.634298689388579,0.61689187370188,0.6379159915163801,0.7160173469438459,0.8612444884151366,0.7956465280238756,0.670360581926985,0.5913230454942764,0.583355407614412,0.6021484220123956,0.6473805693267295,0.7224965853207487,0.7956465280238756,0.6676103897965918,0.5536546906432769,0.5818163906991408,0.5818163906991408,0.6285875549287459,0.7288936174064438,0.8005922812648891
FOODS_3_528_TX_3_validation,0.4448156819582555,0.4601841001554747,0.518174689891195,0.46190110750956503,0.581788382576653,0.6688522516512528,0.7896508577455357,0.8166944571720808,0.7595682015529407,0.7822531139483209,0.7451086578620152,0.6285875549287459,0.7412895997187323,0.7983967201542688,0.670360581926985,0.61011605989226,0.6021484220123956,0.6021484220123956,0.6285875549287459,0.7224965853207487,0.7983967201542688,0.670360581926985,0.61011605989226,0.6021484220123956,0.6021484220123956,0.6473805693267295,0.7508480636212851,0.847665295342286
FOODS_3_529_TX_3_validation,0.6379437449716717,0.6092980572282266,0.61132272114092,0.6935867089000192,0.7554722368202916,0.8207182953585143,0.9592962437060959,0.9817562534491466,0.9191518240848515,0.895304842428364,0.7400657173347372,0.8073096098373953,0.9077782275679077,0.9853676191789411,0.8344645482960977,0.739980213145354,0.7400657173347372,0.7620774625230614,0.8073096098373953,0.8777133403103359,0.9853676191789411,0.8344645482960977,0.739980213145354,0.7400657173347372,0.7276697350224487,0.8001887537905961,0.8691690290922203,0.9687701658915766
FOODS_3_530_TX_3_validation,7.737772456721534,6.893988156594033,6.483002299942,6.077328307689712,6.478950110555065,8.04179720921434,8.819549476731288,7.2838333151995736,6.210754078125221,6.1725289750791585,6.1725289750791585,6.665772362733425,8.174457777152748,8.747347663118985,7.157324549919875,6.337623243678267,6.299398140632205,6.554374663272048,7.1035185868402015,8.369769551651931,9.162220996957485,7.5794073454894155,6.713533094630328,6.36766929062523,6.207117122433168,6.769446483095904,8.25456801081173,8.91613696048048
FOODS_3_531_TX_3_validation,0.671602540189717,0.6805173310685425,0.612375859948475,0.6191232371759468,0.7016905314063933,0.8160703964492532,1.078269283558056,0.8766519449096813,0.6803549406780423,0.6788502202363157,0.6788502202363157,0.7772447225798235,0.8387365287621107,0.9383376655614671,0.7732490511976762,0.6269284846653109,0.6723873027981778,0.6723873027981778,0.7176194501125117,0.8180880678430241,0.8642627486296492,0.7667861337595383,0.6868178581161801,0.6723873027981778,0.6664542379240271,0.7136094087019208,0.8079535319937987,0.9465314803413803
FOODS_3_532_TX_3_validation,1.1613633334494222,1.0315257167975032,1.0615811383454645,0.989804830278657,1.064795145918825,1.270110290161449,1.4690371188740112,1.236818088720698,1.0885219658735859,1.0805543279937215,1.0845394279854608,1.190495594219578,1.4103579489895315,1.4996261703526332,1.339522328803462,1.1264178745706637,1.11446513669906,1.11446513669906,1.167746263933402,1.3836439512492498,1.4832450880486054,1.2280577879338874,1.0756773526208727,1.0677097147410084,1.029686655313183,1.0719101973032044,1.2372609954388227,1.3368621322381786
FOODS_3_533_TX_3_validation,1.263637949073295,1.1163041981833806,1.1113692686594663,1.0646138467014146,1.1495736273047021,1.3694359820746556,1.4452499668773644,1.2872091922042277,1.0880733349331613,1.1268611190113487,1.080105697053297,1.1782192227821309,1.3960399335615383,1.4996261703526332,1.3519183111157504,1.1995378758027357,1.1915702379228714,1.1268611190113487,1.1782192227821309,1.3960399335615383,1.4832450880486054,1.2748132098919391,1.0756773526208727,1.1102636657239855,1.1102636657239855,1.12434294477728,1.3326870583161234,1.4790436170735308
FOODS_3_534_TX_3_validation,1.4582387671909645,1.2790030832147794,1.3078322190485232,1.2351265092661798,1.311407478014421,1.6174989288121209,1.6324433857274254,1.4019579069066024,1.250429920927887,1.298914718044987,1.193269527022126,1.246550654256468,1.4624483415723157,1.5479542069601282,1.314742634262987,1.1829404225153726,1.1749727846355082,1.1749727846355082,1.2358074856468544,1.444151599185698,1.6105170627409715,1.4162242229853805,1.2815437526758875,1.277001652268839,1.2081532349595863,1.2689879359709324,1.4582468705972411,1.5578480073965968
FOODS_3_535_TX_3_validation,0.5279740276815508,0.5685937620166744,0.5706184259293678,0.5894114403273515,0.6263527945800934,0.6949577085140319,0.808258188589087,0.7979014427740971,0.7715933085262576,0.7822531139483209,0.6189608467854465,0.6641929940997804,0.7632440459335736,0.8504294026548772,0.713359677746807,0.6269284846653109,0.6189608467854465,0.6723873027981778,0.6641929940997804,0.8180880678430241,0.8504294026548772,0.713359677746807,0.6269284846653109,0.6723873027981778,0.6723873027981778,0.7071464912637829,0.7522656295180042,0.9010917513550173
FOODS_3_536_TX_3_validation,0.1744873943781258,0.35992038812004457,0.3499911135723739,0.3584645835912067,0.38477904292274234,0.5543597753091499,0.6125489066239771,0.6738628135708031,0.6132745715740787,0.6068225871303785,0.61689187370188,0.6520547344447124,0.7954668573871263,0.9190265557751678,0.7402761497823509,0.6598142670870891,0.6562971692137767,0.5140290198654024,0.5592611671797363,0.6848282304697492,0.7607283653032693,0.5998230189628534,0.5160644136602568,0.5093079509955144,0.544226113716121,0.5894582610304548,0.6761642152215747,0.7666558934780037
FOODS_3_537_TX_3_validation,1.2067160795012877,1.0297106982686264,1.0646138467014146,1.1083365603035162,1.0678278542747748,1.3042495522097157,1.4038506890090712,1.1450277073688753,1.0037434844877087,0.9957758466078438,0.9957758466078438,1.041007993922178,1.1066494733035335,1.2892641660423858,1.010541314800963,0.9034582839676891,0.8954906460878247,0.9531186026371438,1.0085171792263778,1.18663032088708,1.3136189201379833,1.0777995795297695,0.971252669791907,0.9803471559396061,0.9508890495997541,1.0308544295194288,1.2372609954388227,1.3368621322381786
FOODS_3_538_TX_3_validation,0.9876248144704862,0.8998117925867266,0.8907373195857116,0.9821185247740118,1.033522021050097,1.4678649836545927,1.3504268771695915,1.236818088720698,1.0037434844877087,0.9957758466078438,1.0337989060356698,1.1257864753080553,1.3456488300780087,1.3984945449193127,1.236818088720698,1.0885219658735859,1.0337989060356698,0.9561513109930939,1.0013834583074284,1.1066494733035335,1.2062506101028894,1.0684363055734312,0.9486902582047196,0.9407226203248552,0.9466875786246793,1.0013963231795784,1.234228287082873,1.3338294238822284
FOODS_3_539_TX_3_validation,0.17531523171413102,0.37452284948258746,0.3371724328936366,0.3456459029124694,0.38477904292274234,0.5543597753091499,0.6129677976150196,0.6667115283285242,0.5781935329112603,0.5842557509252552,0.6090913576668533,0.6621240210162139,0.8265602617731279,0.9729198817027988,0.8309026569594662,0.5913230454942764,0.583355407614412,0.6021484220123956,0.6285875549287459,0.6519590223566171,0.7278591571901372,0.5998230189628534,0.5160644136602568,0.5093079509955144,0.544226113716121,0.5894582610304548,0.6761642152215747,0.7666558934780037
FOODS_3_540_TX_3_validation,5.431999160605676,4.638074812306369,4.748994185671966,4.816995925264186,5.187520309970896,6.178379907142298,6.657180020263955,5.453821317633208,4.771226885234737,4.7666847848276905,4.7666847848276905,5.085969090762874,6.120685198558477,6.470459412913979,5.396761898779463,4.8037946776774545,4.799252577270408,4.799252577270408,5.118536883205592,6.22070259576632,6.675251935449922,5.553838714841051,4.957853767870971,4.866702182035533,4.866702182035533,5.271592455466037,6.22070259576632,6.675251935449922
FOODS_3_541_TX_3_validation,0.025168559336970375,0.4875324324384791,0.37107161851895815,0.30810817523825224,0.3188510730392522,0.5142241058230604,0.5800582488896228,0.6093241521977436,0.5385123582144751,0.5327998997273351,0.5327998997273351,0.6449922048127257,0.7816567399076761,0.8145532266714496,0.6609494761883853,0.6593768832409063,0.6526204205761639,0.6457579298786035,0.536812703102683,0.6295105582795638,0.7068350393756371,0.5622327419798335,0.4831952055471249,0.5093079509955144,0.5093079509955144,0.5894582610304548,0.6697601338950471,0.74786287908002
FOODS_3_542_TX_3_validation,0.025168559336970375,0.4875324324384791,0.37107161851895815,0.30810817523825224,0.3188510730392522,0.5142241058230604,0.5800582488896228,0.6093241521977436,0.5385123582144751,0.5327998997273351,0.5327998997273351,0.6449922048127257,0.7816567399076761,0.8145532266714496,0.6609494761883853,0.6593768832409063,0.6526204205761639,0.6457579298786035,0.536812703102683,0.6295105582795638,0.7068350393756371,0.5622327419798335,0.4831952055471249,0.5093079509955144,0.5093079509955144,0.5894582610304548,0.6697601338950471,0.74786287908002
FOODS_3_543_TX_3_validation,0.26515358554103524,0.28193473196615493,0.3394519707022422,0.3494442724947999,0.3736073002436465,0.47960714807317617,0.5413903272655535,0.5978914347448766,0.5350522038453074,0.5387251016625291,0.5387251016625291,0.6426444598165129,0.7803529990890656,0.8577786672991133,0.6944316047567063,0.6616292856159659,0.491580555788349,0.49300490205090225,0.536812703102683,0.630934904542117,0.6902688802071173,0.5622327419798335,0.5160644136602568,0.5093079509955144,0.544226113716121,0.5789853021817261,0.6697601338950471,0.74786287908002
FOODS_3_544_TX_3_validation,0.7775679801592427,0.7031578781143708,0.6621463124032635,0.7029907562695331,0.7619933364129251,0.8038519971349617,1.090639808510128,0.9507268618414992,0.8578327513218653,0.6930357637172644,0.7320125752654896,0.7772447225798235,0.8857664823795836,0.9383376655614671,0.82641140622685,0.7480333552146017,0.7620774625230614,0.7620774625230614,0.7852978646490711,0.8857664823795836,1.0073793643672662,0.8564762934844219,0.7700451004029258,0.7620774625230614,0.8122421053270196,0.8627493789068428,0.8911807742805444,0.9907819110799027
FOODS_3_545_TX_3_validation,1.4062177247858607,1.1202892981751198,1.173045679215039,1.1153543686512055,1.1526063356606522,1.3960399335615383,1.495641070360894,1.2872091922042277,1.134828756891213,1.130846219003088,1.080105697053297,1.1782192227821309,1.3960399335615383,1.4488856484028423,1.2872091922042277,1.134828756891213,1.1268611190113487,1.1268611190113487,1.1782192227821309,1.3960399335615383,1.4832450880486054,1.2280577879338874,1.0756773526208727,1.0677097147410084,1.1102636657239855,1.1710983667353316,1.3794424802741752,1.4790436170735308
FOODS_3_546_TX_3_validation,4.239526714604775,3.6399760395181913,3.632008401638327,3.720607192134597,4.004639731727186,4.466901819324646,4.965400766672112,4.558334942637739,3.823801883006224,3.667924253783418,3.667924253783418,3.9559496267749976,4.6976589169082095,4.9949678921273,4.2343972650000214,3.4624518232109147,3.435815371884469,3.399387966742442,3.576413711613444,4.442037193481501,4.710571354596403,3.983456656736874,3.35900360180803,3.332367150481584,3.2726844157305397,3.5862992859914526,4.31317959829303,4.5058254330754535
FOODS_3_547_TX_3_validation,8.34625235550639,7.305458369142017,7.221555964131947,7.779507021117912,7.2775528406489505,10.081826607564988,9.204114894584713,7.880317304097963,6.909047166330781,6.57068315099138,6.568322079292941,6.938594322427352,8.442937248702702,9.28659131023091,7.684174319097666,6.87613501654509,6.135204368188139,6.156986119693009,6.615326476732519,7.985973408710165,9.13133486377968,7.545883333662027,6.6335177952573625,6.381498097459473,6.319746494865184,7.115937468233031,8.902955191743334,8.968809676616946
FOODS_3_548_TX_3_validation,0.5015293349797765,0.5518159158976029,0.520133592304812,0.5550517550254184,0.5919931092781605,0.7071609580310557,0.7620385496710745,0.7914973614475695,0.7188639063413885,0.76544068917527,0.7466476747772863,0.6473805693267295,0.7632440459335736,0.8171897345522524,0.670360581926985,0.61011605989226,0.6189608467854465,0.6189608467854465,0.6641929940997804,0.8180880678430241,0.8504294026548772,0.713359677746807,0.6269284846653109,0.6189608467854465,0.6189608467854465,0.6537200352510516,0.8014906145556608,0.847665295342286
FOODS_3_549_TX_3_validation,0.37373942982380426,0.3538688121673668,0.39286733854788863,0.3581486554727847,0.3823116832216313,0.5315244438317216,0.56286438969302,0.6072767910492385,0.5628072025039732,0.5560507398392308,0.5977076940577585,0.6429398413720924,0.7954668573871263,0.8832512973210247,0.5998230189628534,0.5207854825301448,0.5468982279785345,0.5468982279785345,0.5921303752928684,0.6472379534867291,0.7580562510408557,0.6364241941400995,0.5509825763808633,0.5494190198275265,0.5494190198275265,0.5841782082931316,0.6907557586444836,0.74786287908002
FOODS_3_550_TX_3_validation,0.10096576248917655,0.319469056039671,0.27622227347901507,0.28469574349784776,0.32162012112927024,0.42761996895879884,0.5493628903492528,0.5544683686917882,0.5385123582144751,0.5327998997273351,0.5293397453581674,0.5655990018904844,0.7619833567347615,0.8501087413651423,0.6793191185426894,0.613141665948938,0.6457579298786035,0.491580555788349,0.527697810030063,0.6295105582795638,0.6591754758211157,0.5412086241653334,0.4621710877326235,0.47643874288238236,0.47643874288238236,0.5545400983098483,0.6348419711744405,0.7414587977534924
FOODS_3_551_TX_3_validation,1.4429319182136988,1.3457902231524121,1.3233302379810576,1.3378225852725478,1.0889874768801227,1.5521085312081442,1.7208901083747146,1.5005410551579532,1.184868352682065,1.1449414904146311,1.2056655093344146,1.2726832545449158,1.6174989288121209,1.825857241634588,1.5735664768355313,1.4258562207046186,1.3113107003572755,1.3113107003572755,1.3626688041280577,1.6682581797917666,1.706249573345689,1.4539588085466328,1.213633147214279,1.1449414904146311,1.193269527022126,1.2499027570583976,1.532053058215505,1.601750661028519
FOODS_3_552_TX_3_validation,0.9366684957713608,0.9213228209452922,0.9244905682246928,0.9275232765806427,1.078821047605224,1.2408376436912243,1.287868510535425,1.1708008736078865,0.9641189488729583,0.9663177402679934,0.9957758466078438,1.041007993922178,1.253858448726186,1.3534595855255418,1.1450277073688753,0.9641189488729583,0.9663177402679934,0.9957758466078438,1.041007993922178,1.1896630292430304,1.3166516284939331,1.1450277073688753,0.9742853781478579,0.9663177402679934,0.9833798642955557,1.0338871378753787,1.2004530384072145,1.2726667127550226
FOODS_3_553_TX_3_validation,0.6712562330301208,0.5621896806901469,0.5654255198179623,0.5654255198179623,0.5945663580356775,0.7020325562584424,1.042813058524107,0.8318378305609826,0.752800294128274,0.7432936393331384,0.7448326562484096,0.8106728364896039,0.9714781343498559,1.0473782691833768,0.72412861042567,0.6450910739929615,0.6331463902663954,0.6331463902663954,0.6641929940997804,0.7646616118302928,0.9176892046423806,0.7667861337595383,0.6803549406780423,0.6788502202363157,0.6788502202363157,0.7136094087019208,0.8469303435420239,0.954584622410628
FOODS_3_554_TX_3_validation,0.26515358554103524,0.284703780056173,0.34815635368022696,0.29616917456585057,0.330324504107255,0.4931086474169433,0.56286438969302,0.6183358766967673,0.544437560149669,0.5560507398392308,0.5638512558742572,0.6429398413720924,0.7954668573871263,0.8731820107495232,0.7406668220486745,0.6616292856159659,0.6548728229512235,0.491580555788349,0.5382370493652362,0.630934904542117,0.7278591571901372,0.5951019500929654,0.5160644136602568,0.544226113716121,0.5093079509955144,0.5894582610304548,0.6697601338950471,0.74786287908002
FOODS_3_555_TX_3_validation,27.231880222081983,23.198314337751885,22.48079649997015,21.86416562978717,23.975425998787024,28.069622584128886,28.940320822919354,22.738516176408638,21.295374649437623,20.772541285092775,20.81980676514135,22.85154969392584,27.391549791378445,28.60014348706592,22.56077082918885,21.378143556202698,21.22953673981343,21.414322497922036,23.630151611770305,29.157780807234293,30.19359256058301,22.86301955248481,21.58486909197774,21.146767833048354,21.39978840741923,24.424507362137042,28.492706494730985,29.07609021301444
FOODS_3_556_TX_3_validation,0.26515358554103524,0.28193473196615493,0.3394519707022422,0.3494442724947999,0.32162012112927024,0.47960714807317617,0.5413903272655535,0.5978914347448766,0.5350522038453074,0.5387251016625291,0.5387251016625291,0.6426444598165129,0.7803529990890656,0.8577786672991133,0.6944316047567063,0.49976136471564475,0.49300490205090225,0.5140290198654024,0.5006467723822163,0.6143687453735972,0.6692447623926172,0.5622327419798335,0.5160644136602568,0.5093079509955144,0.544226113716121,0.5545400983098483,0.6697601338950471,0.7414587977534924
FOODS_3_557_TX_3_validation,4.215906215612189,3.6618705740566826,3.498761594156336,3.362445433285531,3.8373366393098114,4.893361966176464,5.143264065067167,4.237790611582685,3.565405345343135,3.4586856563061255,3.5023414888746625,3.6834502935322875,4.5221269907890544,4.862347873029883,4.036490556938918,3.379619889012232,3.258544690982262,3.2768858867056148,3.527581282386472,4.3404447200462295,4.599902146441816,3.6869162548818397,3.2332608339901845,3.2066243826637386,3.188283186940386,3.434256127566471,4.202229259358193,4.468667634672899
FOODS_3_558_TX_3_validation,0.26515358554103524,0.28193473196615493,0.34815635368022696,0.3581486554727847,0.3823116832216313,0.5315244438317216,0.56286438969302,0.5978914347448766,0.5385123582144751,0.5293397453581674,0.6087329482804081,0.6081329493004225,0.7541828406997346,0.8317390990108381,0.6793191185426894,0.6506993740144691,0.6548728229512235,0.491580555788349,0.5382370493652362,0.630934904542117,0.6902688802071173,0.5951019500929654,0.5160644136602568,0.544226113716121,0.544226113716121,0.5841782082931316,0.6719627442464999,0.74786287908002
FOODS_3_559_TX_3_validation,0.8672955918271933,0.8616056476560406,0.7910773846599295,1.0198685849122857,1.0651007322266193,1.2956922960591235,1.203217901746939,1.0075086064450127,0.9610862405170082,0.9531186026371438,0.8614240446342393,0.903623483592623,1.0405282520351387,1.0599496343224204,0.868217796935079,0.7386176635619567,0.6930357637172644,0.7320125752654896,0.7852978646490711,0.9077782275679077,1.0073793643672662,0.9242600656842069,0.8449649945526855,0.8080406343519448,0.8404228941456371,0.895131638700535,1.0125180378881988,1.1121191746875543
FOODS_3_560_TX_3_validation,1.7348236205119214,1.7203945000236553,1.5297211106673108,1.5712330342489316,1.609435831376703,1.8159139474364865,1.9500585039494476,1.6959753642234432,1.5278454924352824,1.5198778545554181,1.5688798633282048,1.5802979172362566,1.9148737258694966,1.9450832947336425,1.6959753642234432,1.5121865008168194,1.5198778545554181,1.507401697225812,1.5603229934840799,1.8362690099108552,1.9358701467102108,1.6835793819111546,1.4997905185045308,1.379134968956398,1.3672610602202488,1.3697829364749448,1.6734492886750942,1.8677852953531844
FOODS_3_561_TX_3_validation,3.3998595506799707,2.991041482382399,3.047562957484863,3.089215103902816,3.4193404693159346,4.078979820910663,4.341366448300397,3.4765712029679197,3.0937572043098642,3.1430908936696764,3.1430908936696764,3.434494196229772,4.006047180500404,4.356520175214235,3.5061321830680474,3.2300733651806692,3.2068624513270394,3.2068624513270394,3.370722638572409,3.888204020906061,4.105256069632267,3.3632459793077953,2.9411395263846285,2.9365974259775802,3.025443546245453,3.3168468488055485,3.9764862004002706,4.238872827790012
FOODS_3_562_TX_3_validation,2.1161440576510993,2.1027538129970904,2.0876377089026885,2.132498644678793,2.23064340619923,2.8084150065904643,2.670706313764012,2.3670528915835938,2.1499688149263037,2.198841546410823,2.0918848109215604,2.203823545846633,2.539437484050785,2.808728152365438,2.3670528915835938,2.0647477632954314,2.0734058948842993,2.12960519473415,2.1582459014919104,2.5270415017384957,2.852288799316217,2.4633567306407924,2.002866090434232,2.0443841431032777,2.0568084415969348,2.1449722348251075,2.5406420189455083,2.664443076166124
FOODS_3_563_TX_3_validation,0.025168559336970375,0.4875324324384791,0.37107161851895815,0.30810817523825224,0.3188510730392522,0.5142241058230604,0.5800582488896228,0.6093241521977436,0.5385123582144751,0.5327998997273351,0.5327998997273351,0.6449922048127257,0.7816567399076761,0.8145532266714496,0.6609494761883853,0.6593768832409063,0.6526204205761639,0.6457579298786035,0.536812703102683,0.6295105582795638,0.7068350393756371,0.5622327419798335,0.4831952055471249,0.5093079509955144,0.5093079509955144,0.5894582610304548,0.6697601338950471,0.74786287908002
FOODS_3_564_TX_3_validation,0.16833875957629238,0.3405389773996093,0.3371724328936366,0.3456459029124694,0.36041982173343856,0.5370676627814995,0.6129677976150196,0.6667115283285242,0.5910122135899976,0.5560507398392308,0.5899071780227317,0.6429398413720924,0.7954668573871263,0.8814362787921479,0.7388518035197977,0.6630536318785191,0.6548728229512235,0.491580555788349,0.5382370493652362,0.630934904542117,0.7068350393756371,0.5622327419798335,0.4831952055471249,0.5093079509955144,0.5093079509955144,0.5894582610304548,0.6761642152215747,0.74786287908002
FOODS_3_565_TX_3_validation,2.7916577160737623,2.6754313527435643,2.4207910264008867,2.316301016343026,2.481041857851072,2.93623967723756,3.1929354157271996,2.6786987968945946,2.462745758105016,2.2971415429647757,2.1978004153781,2.3390580904646447,2.849703443633187,3.159795600079298,2.616774472395506,2.2908315276182942,2.2437451250083043,2.2971415429647757,2.3390580904646447,2.9030998615896584,3.242864765564995,2.6757795652838436,2.4449762771182324,2.280544089677411,2.283969627150227,2.388759189847132,2.886502408302294,3.1431981467919337
FOODS_3_566_TX_3_validation,1.7926797075833538,2.4718434162549014,2.4821286479181097,2.620429103279024,3.3370498757777396,4.618856499963044,3.1003674150241696,2.666412934306119,2.4229091582466333,2.140455948228665,2.140455948228665,2.3372536491591775,2.876095215990429,3.122769681211121,2.571828875354045,2.4005683520334817,2.2971415429647757,2.2971415429647757,2.463855583621743,2.9985650093876446,3.3515746341909036,2.8090109776984638,2.700873343767034,2.6929057058871697,2.8333427624944143,3.0011063813893317,3.5927752980550482,3.2842736803204837
FOODS_3_567_TX_3_validation,0.36526595980497156,0.39797285154683254,0.4621122804388907,0.4621122804388907,0.4865706897433173,0.5370676627814995,0.668675706557448,0.6594009716217488,0.6158478203315957,0.5990220710953518,0.6068225871303785,0.6621240210162139,0.8265602617731279,0.9418656921185447,0.7631152861257278,0.5536546906432769,0.5468982279785345,0.5468982279785345,0.6270485380134747,0.7197463931903555,0.7983967201542688,0.6891535963249686,0.5980909529189431,0.6189608467854465,0.6065648644731579,0.6537200352510516,0.7288936174064438,0.8338319493675139
FOODS_3_568_TX_3_validation,1.8654024308591022,1.6227149150777196,1.5866017312898981,1.5866017312898981,1.7433255006612018,2.0116925756480906,2.2013736334560097,1.7287014660033213,1.4633598634598735,1.4714573728465032,1.4682745385576463,1.4708060049714826,1.7874842328908216,1.8962566573766966,1.6841014554872937,1.5159715836991332,1.4955277884896627,1.4075739924645512,1.5077587335922793,1.8367910834869947,1.9363922202863504,1.6841014554872937,1.5035756013868447,1.4956079635069803,1.4574658412947543,1.5184150034647395,1.8816717963020244,2.0329945660944424
FOODS_3_569_TX_3_validation,1.3754502842521925,1.110296996382562,1.176078387570989,1.2028005920663012,1.2052192257887042,1.487568912825658,1.7346871568070923,1.3878626354950592,1.229292788653998,1.1915702379228714,1.1915702379228714,1.2726832545449158,1.460749052473061,1.5603501892724168,1.3878626354950592,1.134828756891213,1.1268611190113487,1.1268611190113487,1.1782192227821309,1.3960399335615383,1.495641070360894,1.2872091922042277,1.134828756891213,1.1268611190113487,1.1268611190113487,1.167746263933402,1.3794424802741752,1.5437527359850536
FOODS_3_570_TX_3_validation,2.847503195740181,2.628550303286978,2.6877902991814864,2.738728402631264,2.7310787111740393,3.1318541615172024,3.4780685003412035,2.8936515632263347,2.591080387225954,2.657420013769323,2.589954098645437,2.79502929593876,3.3398802174329316,3.4287086248847745,2.896713023454852,2.640439995770504,2.6274140839277793,2.5937831699902505,2.649579988810655,3.2760881026479485,3.538861200828036,2.8211883789884666,2.534129621740318,2.581387187677961,2.605535274604037,2.6424591327638547,3.191869463230787,3.408020564768939
FOODS_3_571_TX_3_validation,0.8721563203098089,0.810786525990451,0.8336608455627423,0.8597984747620262,0.8410628584763763,0.9879579820799829,1.1287166279749175,0.9656127703173719,0.8615624478400488,0.8617373974488435,0.8954906460878247,0.9407227934021586,1.1036167649475837,1.203217901746939,1.0075086064450127,0.9034582839676891,0.9531186026371438,0.8873480585991655,0.9325802059134994,1.0816857611307167,1.203217901746939,0.9993660189563537,0.8910623016554006,0.8788931928004614,0.9399466868225965,0.9370274748281754,1.0870193116602205,1.186620448459576
FOODS_3_572_TX_3_validation,7.5980116691043795,7.228919783402255,6.7560285464383245,6.7560285464383245,7.321016888872124,8.902955191743334,9.415910153423408,8.009303937735577,7.023850260329142,6.547857438740722,6.730939721250087,7.356119281302531,9.166092216090236,9.848479221537284,8.269372560992089,6.840767977819776,6.730939721250087,6.730939721250087,7.356119281302531,8.921926798760682,9.391994785648489,7.826221655226212,6.840767977819776,6.475963198610244,6.315411030418182,6.918533181923821,8.290474447031752,8.952043396700503
FOODS_3_573_TX_3_validation,0.981593035385807,1.0425061336716341,1.0147320564306392,0.9677126073683541,1.065347204869218,0.9775528233117573,1.024583690155959,1.0517067907573994,1.02783622279215,1.048825307233162,1.0198685849122857,1.0958724730763723,1.1036167649475837,1.203217901746939,1.108219750337267,1.0037434844877087,0.9957758466078438,0.9663177402679934,1.0085171792263778,1.250825740370236,1.3534595855255418,1.1900626667626464,1.0761259835612973,1.068158345681433,1.068158345681433,1.118665619261256,1.2004530384072145,1.2726667127550226
FOODS_3_574_TX_3_validation,10.150166971742703,8.288670822503038,8.127225692765064,8.27150911951731,9.30840082381627,11.463447335412008,12.089747313237337,9.892567880755397,8.847738541587379,8.803232275390751,8.803232275390751,9.583796039264396,11.311728520874631,11.88397385320672,9.988308067099801,8.877541979803864,8.803232275390751,8.803232275390751,9.583796039264396,11.311728520874631,11.779438910059378,9.892567880755397,8.877541979803864,8.803232275390751,8.851150136587536,9.583796039264396,11.596869321491546,11.882956725882005
FOODS_3_575_TX_3_validation,0.7500992444841376,0.6705250292759847,0.6191232371759468,0.6658023159612065,0.6482640753936619,0.7608289219076451,1.1316957395707874,0.9300784009224127,0.7902207518281853,0.6865728462791265,0.6930357637172644,0.7318049935934604,0.8387365287621107,0.9383376655614671,0.780971677240487,0.6803549406780423,0.6723873027981778,0.6788502202363157,0.7630591790988748,0.8180880678430241,0.9241521220805184,0.7732490511976762,0.6868178581161801,0.7178270317845409,0.6723873027981778,0.7136094087019208,0.8469303435420239,0.954584622410628
FOODS_3_576_TX_3_validation,0.18039398999116513,0.37688973731036635,0.3499911135723739,0.3456459029124694,0.38477904292274234,0.5370676627814995,0.5952567940963267,0.6594009716217488,0.5988127296250244,0.6065181089093363,0.61689187370188,0.6520547344447124,0.7954668573871263,0.9040138845910816,0.7388518035197977,0.6506993740144691,0.6548728229512235,0.6548728229512235,0.536812703102683,0.630934904542117,0.7068350393756371,0.5998230189628534,0.5160644136602568,0.5093079509955144,0.544226113716121,0.5894582610304548,0.6761642152215747,0.7666558934780037
FOODS_3_577_TX_3_validation,0.1711078076663104,0.32216933504530515,0.28769570454701787,0.3089388540153323,0.3430941835567367,0.4411214683025662,0.5812340320473244,0.594312073473559,0.5781935329112603,0.5560507398392308,0.5560507398392308,0.6429398413720924,0.7818785324655932,0.8501087413651423,0.7252634785982647,0.6616292856159659,0.491580555788349,0.49300490205090225,0.5382370493652362,0.630934904542117,0.6692447623926172,0.5412086241653334,0.4831952055471249,0.47643874288238236,0.5093079509955144,0.5545400983098483,0.6697601338950471,0.7414587977534924
FOODS_3_578_TX_3_validation,3.721711022990264,3.35900360180803,3.3539810749882863,3.273213935289657,3.6533201022523105,4.275451332367561,4.354501567650735,3.685495132308839,3.292943568741229,3.2373150418897545,3.2100499201365547,3.437681665039287,4.094133547824502,4.356520175214235,3.594218550392143,3.2300733651806692,3.225203647050392,3.225203647050392,3.434494196229772,4.094133547824502,4.356520175214235,3.594218550392143,3.2300733651806692,3.2068624513270394,3.2068624513270394,3.434494196229772,4.094133547824502,4.356520175214235
FOODS_3_579_TX_3_validation,0.4097343259165834,0.3922335360006709,0.41045176270558315,0.4204440644981409,0.46404674466491036,0.536648771790457,0.6509647030387551,0.6594009716217488,0.6236483363666224,0.61689187370188,0.61689187370188,0.683148138830714,0.8283752803020047,0.7607283653032693,0.6676103897965918,0.5913230454942764,0.5818163906991408,0.583355407614412,0.5921303752928684,0.6848282304697492,0.7231380883202492,0.5951019500929654,0.5509825763808633,0.5494190198275265,0.5494190198275265,0.5946511671418604,0.6761642152215747,0.7666558934780037
FOODS_3_580_TX_3_validation,3.754329591836895,5.21642123438082,4.973156246080717,4.995636639654833,5.118282212429933,5.90681028029178,6.669968720116661,5.852355173643098,5.21788631445816,5.112636119290851,5.01261872208301,5.298328027244722,6.478198849239993,6.888383994153687,5.8401161102541534,5.103540826962253,5.183913996498109,5.183913996498109,5.57512066913863,6.768613112208285,6.918632619925991,5.747233747565437,4.956523488031668,4.747091261016192,4.813570387791369,5.132854693726552,6.273856326292649,6.6236305406481515
FOODS_3_581_TX_3_validation,0.3516903314773667,0.35674757623711617,0.3499911135723739,0.3584645835912067,0.39759772360147966,0.5511106137395113,0.6270107485730314,0.7026874474203301,0.634298689388579,0.6068225871303785,0.6068225871303785,0.6621240210162139,0.7818785324655932,0.9040138845910816,0.7388518035197977,0.6630536318785191,0.49300490205090225,0.5140290198654024,0.5592611671797363,0.6848282304697492,0.7956465280238756,0.5951019500929654,0.5509825763808633,0.5093079509955144,0.544226113716121,0.5946511671418604,0.6761642152215747,0.7666558934780037
FOODS_3_582_TX_3_validation,1.11574449393565,1.0315257167975032,1.026590787273589,1.0728975782912162,1.107536012807797,1.250825740370236,1.3534595855255418,1.1450277073688753,1.0037434844877087,0.9957758466078438,1.0337989060356698,1.0790310533500036,1.253858448726186,1.3534595855255418,1.236818088720698,1.0885219658735859,0.8985233544437746,0.8985233544437746,0.9437555017581085,1.1066494733035335,1.2062506101028894,1.0777995795297695,0.971252669791907,0.9803471559396061,0.9761456849645311,1.0723030264200701,1.1974203300512642,1.2970214668506201
FOODS_3_583_TX_3_validation,0.9634759083490924,0.8008600410686707,0.8266456518277873,0.8266456518277873,0.8199439267090435,0.9077782275679077,1.0073793643672662,0.8344645482960977,0.7700451004029258,0.7620774625230614,0.7620774625230614,0.8073096098373953,0.9077782275679077,1.0073793643672662,0.8564762934844219,0.7700451004029258,0.7620774625230614,0.7320125752654896,0.7852978646490711,0.8857664823795836,1.0073793643672662,0.8440803111721333,0.7576491180906373,0.7454800092356981,0.7454800092356981,0.8001887537905961,0.8911807742805444,0.9907819110799027
FOODS_3_584_TX_3_validation,1.322876654803126,1.1704962194901114,1.1268611190113487,1.1268611190113487,1.1257864753080553,1.298893408119957,1.4452499668773644,1.2872091922042277,1.1388138568829522,1.1268611190113487,1.1268611190113487,1.18220432277387,1.3960399335615383,1.495641070360894,1.2872091922042277,1.1388138568829522,1.1791742556105829,1.1749727846355082,1.1710983667353316,1.3794424802741752,1.5437527359850536,1.3105411632879125,1.1829404225153726,1.1136892031968013,1.1136892031968013,1.1745239042081475,1.3794424802741752,1.4790436170735308
FOODS_3_585_TX_3_validation,2.16005693847672,2.098830424680069,2.1204384518670096,2.163160831653169,2.041187180563251,2.5428166769462184,2.521676772772751,2.1913610500582044,1.9614607485387632,1.9534931106588989,1.9543580372835534,2.1097558665375358,2.3926123932165564,2.5435117515358807,2.236246244861111,1.9623256751634177,1.910337769105303,1.910337769105303,2.0028793204980198,2.3926123932165564,2.5185572813358372,2.300198316129133,2.0595002471976795,2.0639569078114723,2.1199135370745408,2.0675046168931397,2.4654627585631546,2.5376063224746788
FOODS_3_586_TX_3_validation,58.59960118904213,60.91660241198941,55.99206709869247,61.11706644958401,72.66829238830195,82.86739456330565,81.2553014460916,59.806849608459906,55.88504005633913,55.17712463642346,57.79336180932963,70.01041733824528,82.4186896079765,80.9161978331819,58.693427065711425,57.52325234518387,52.60976745168341,58.00048443769577,70.01041733824528,82.4186896079765,80.9161978331819,58.693427065711425,57.52325234518387,52.60976745168341,57.55962737038792,71.31087293601598,85.03407821859444,81.98029842222705
FOODS_3_587_TX_3_validation,16.97727989320516,18.54379973905539,18.180160939509356,18.45551454014466,20.521561979204513,24.621090922342585,25.466730970539817,20.5839291091172,19.535428624702508,19.904429795215442,20.157450369586318,22.373279483434587,26.552077613962656,28.392795716162592,21.742588465010375,21.194237081988607,21.22953673981343,21.482557314184305,23.698386428032574,28.084994585044736,28.52559203896263,22.234104250117444,20.534102536772583,20.566786190770475,20.81980676514135,22.91978451018811,27.459784607640714,28.06296570547335
FOODS_3_588_TX_3_validation,0.8905048114949633,0.8492351227039687,0.8844097506259292,0.8844097506259292,0.8993650453626959,0.8915750126931881,1.0200136812389125,0.9366560479964955,0.7700451004029258,0.7400657173347372,0.7320125752654896,0.7772447225798235,0.8857664823795836,1.0073793643672662,0.8564762934844219,0.7700451004029258,0.8246380876393081,0.8246380876393081,0.7852978646490711,0.8857664823795836,1.0073793643672662,0.8564762934844219,0.7700451004029258,0.7496814802107729,0.7496814802107729,0.7748249058003424,0.873370500067295,0.9907819110799027
FOODS_3_589_TX_3_validation,1.4073515167483897,1.2749058993551055,1.3018503860006598,1.3018503860006598,1.3860101831719023,1.7599274362065933,1.781148866229766,1.6064622498223855,1.4778656923504214,1.4698618236070429,1.5188638323798296,1.611683625968125,1.9375949002701645,2.037196037069517,1.6960555392407608,1.564980615464666,1.4876214096495919,1.45485991955914,1.5156946205704862,1.8445436962653867,1.9316686757351362,1.6675040021999306,1.4868979730821639,1.4429860108229908,1.4429860108229908,1.503820711834337,1.8326697875292377,1.8268468795428405
FOODS_3_590_TX_3_validation,2.666626504867785,2.6048153408663652,2.605552486169362,2.679716578507297,2.9309354794956577,3.555743971331484,3.6171591130055925,2.92856093610408,2.82469573552159,2.8201536351145418,2.8222066179288916,2.9309354794956577,3.315661196539183,3.4367132649527625,2.8450161555663276,2.5851533545827503,2.580611254175702,2.600273240459317,2.7470346385500104,3.259490649360584,3.408020564768939,2.8163234553825043,2.6048153408663652,2.600273240459317,2.600273240459317,2.7470346385500104,3.315661196539183,3.408020564768939
FOODS_3_591_TX_3_validation,0.5180985138313692,0.4541940123977861,0.4289674419568295,0.43895974374938723,0.49568558281593744,0.6181906702949818,0.9112260397401409,0.7159094745788043,0.6368719381460958,0.6090913576668533,0.5990220710953518,0.6982899517366806,0.8431264209416477,0.9400506735896679,0.7959844942388599,0.5885728533638832,0.5818163906991408,0.5818163906991408,0.6270485380134747,0.7224965853207487,0.8171897345522524,0.713359677746807,0.6269284846653109,0.6189608467854465,0.6189608467854465,0.6537200352510516,0.8014906145556608,0.9075546687931552
FOODS_3_592_TX_3_validation,0.8479784750363024,0.7460296455199196,0.7548800959906566,0.7548800959906566,0.7632727528553184,1.107359328442643,1.1895059935092236,0.9977568154589714,0.9032724803082284,0.7400657173347372,0.7400657173347372,0.7772447225798235,0.7788471553112416,0.8784482921105979,0.780971677240487,0.7010034015971288,0.6788502202363157,0.6788502202363157,0.7240823675506496,0.8635277968293872,0.9631289336287436,0.820279004815149,0.7257946696644053,0.7258801738537886,0.7496814802107729,0.8001887537905961,0.8911807742805444,0.9907819110799027
FOODS_3_593_TX_3_validation,0.9396612934419665,0.9736551179894753,0.8904239667711074,0.9181629992649104,0.9624327746220462,1.0703808207436853,1.1143789792319363,1.0535218092862761,0.8663589741581535,0.8873480585991655,0.8583913362782891,0.8410628584763763,0.9603484975230646,1.0599496343224204,0.8902295421234028,0.7700451004029258,0.8246380876393081,0.8246380876393081,0.8988269572745182,1.029115491175562,1.1506476317917844,0.9737553578060308,0.9149370095657382,0.8830946637755361,0.8830946637755361,0.9336019373553593,1.0870193116602205,1.123531935547131
FOODS_3_594_TX_3_validation,0.025168559336970375,0.4875324324384791,0.37107161851895815,0.30810817523825224,0.3188510730392522,0.5142241058230604,0.5800582488896228,0.6093241521977436,0.5385123582144751,0.5327998997273351,0.5327998997273351,0.6449922048127257,0.7816567399076761,0.8145532266714496,0.6609494761883853,0.6593768832409063,0.6526204205761639,0.6457579298786035,0.536812703102683,0.6295105582795638,0.7068350393756371,0.5622327419798335,0.4831952055471249,0.5093079509955144,0.5093079509955144,0.5894582610304548,0.6697601338950471,0.74786287908002
FOODS_3_595_TX_3_validation,0.8074655388182421,0.7240179003315956,0.7768918411789808,0.7787068597078576,0.8341294701899922,0.9345980879205046,1.2519444240625033,0.9977568154589714,0.911325622377476,0.8498651134420009,0.8907095573082707,0.7758821729964261,0.8919350765064165,0.9915362133057745,0.7874345946786249,0.739980213145354,0.7320125752654896,0.7320125752654896,0.7382679110315983,0.8322736113239728,0.9383376655614671,0.82641140622685,0.7480333552146017,0.7400657173347372,0.7496814802107729,0.8001887537905961,0.8911807742805444,1.0709616655919763
FOODS_3_596_TX_3_validation,1.9977777379222224,1.725143936239018,1.7475524931913533,1.7998055778319628,1.9087019371651637,2.2923136062129434,2.309159691984951,2.063800681995035,1.8585856803977412,1.8926483822573694,1.6500984273570871,1.7057879224939656,1.9913617223544222,2.050383798737588,1.7443604576217844,1.6050910225084758,1.5923928170846515,1.5612144485598762,1.6739007029553097,1.9452673380312393,2.044868474830595,1.740856077038473,1.5112480391479193,1.503280401268055,1.5557079475136575,1.6256046074350599,1.8982762725821334,1.997877409381489
FOODS_3_597_TX_3_validation,0.10096576248917655,0.35860482108430686,0.29963470521941954,0.28469574349784776,0.3188510730392522,0.462236926708683,0.5493628903492528,0.5624409317754875,0.5385123582144751,0.5327998997273351,0.5327998997273351,0.5690591562596521,0.7816567399076761,0.8145532266714496,0.6609494761883853,0.5947720235946339,0.6063852032841957,0.6457579298786035,0.527697810030063,0.6295105582795638,0.6591754758211157,0.5412086241653334,0.4831952055471249,0.47643874288238236,0.5093079509955144,0.5545400983098483,0.6697601338950471,0.7414587977534924
FOODS_3_598_TX_3_validation,4.168846687018405,3.6109274825902378,3.632008401638327,3.667924253783418,4.113216021654881,5.0660588887913,5.392948972969368,4.386683750278274,3.8331582865431684,3.6898636858451455,3.6898636858451455,3.977889058836725,4.793309162723473,5.139062594092092,4.26311387808427,3.4624518232109147,3.5998541120053003,3.4544841853310504,3.668133582887635,4.442037193481501,4.634683028263924,4.0141006989299575,3.35900360180803,3.332367150481584,3.3539810749882863,3.703239724182484,4.501956614891566,4.729288806866339
FOODS_3_599_TX_3_validation,0.025168559336970375,0.4875324324384791,0.37107161851895815,0.30810817523825224,0.3188510730392522,0.5142241058230604,0.5800582488896228,0.6093241521977436,0.5385123582144751,0.5327998997273351,0.5327998997273351,0.6449922048127257,0.7816567399076761,0.8145532266714496,0.6609494761883853,0.6593768832409063,0.6526204205761639,0.6457579298786035,0.536812703102683,0.6295105582795638,0.7068350393756371,0.5622327419798335,0.4831952055471249,0.5093079509955144,0.5093079509955144,0.5894582610304548,0.6697601338950471,0.74786287908002
FOODS_3_600_TX_3_validation,0.4446524886371898,0.46570122595860486,0.4612281535257592,0.4697016235445918,0.581788382576653,0.6706672701801296,0.7914658762744124,0.8185094757009576,0.739471939268249,0.6021484220123956,0.583355407614412,0.6473805693267295,0.7224965853207487,0.7983967201542688,0.6891535963249686,0.5913230454942764,0.6021484220123956,0.583355407614412,0.6270485380134747,0.7197463931903555,0.7956465280238756,0.6676103897965918,0.5885728533638832,0.583355407614412,0.583355407614412,0.6473805693267295,0.7288936174064438,0.8338319493675139
FOODS_3_601_TX_3_validation,0.10096576248917655,0.319469056039671,0.27622227347901507,0.28469574349784776,0.3188510730392522,0.462236926708683,0.5493628903492528,0.5624409317754875,0.5385123582144751,0.5327998997273351,0.5327998997273351,0.5690591562596521,0.744797484395373,0.8317390990108381,0.6793191185426894,0.613141665948938,0.6457579298786035,0.491580555788349,0.527697810030063,0.6295105582795638,0.6591754758211157,0.5412086241653334,0.4621710877326235,0.47643874288238236,0.47643874288238236,0.5545400983098483,0.6348419711744405,0.7414587977534924
FOODS_3_602_TX_3_validation,1.7369071499278796,1.6152622884335242,1.6072946505536598,1.639542528250866,1.7771875904553396,2.0901746057346213,2.1683366490490186,1.8326881170753484,1.6520820879575815,1.5971233846286115,1.5971233846286115,1.6547359032290496,1.9383866796259435,1.9973483128126037,1.7497881155575075,1.5691820864397406,1.5612144485598762,1.5074818722431296,1.549850034635351,1.8445436962653867,1.9441448330647424,1.6918540682656862,1.4955890475294562,1.45485991955914,1.4429860108229908,1.5184150034647395,1.8326697875292377,1.9197947669989872
FOODS_3_603_TX_3_validation,1.1758415218748004,1.0825509495443995,1.0025673154297563,1.044704976780739,1.115820378665721,1.270110290161449,1.4452499668773644,1.236818088720698,1.0037434844877087,1.0337989060356698,1.0337989060356698,1.041007993922178,1.298893408119957,1.3984945449193127,1.236818088720698,1.0037434844877087,1.0337989060356698,0.9957758466078438,1.041007993922178,1.298893408119957,1.4452499668773644,1.0808322878857197,0.9742853781478579,0.8985233544437746,0.9437553286808054,1.0044290315355275,1.2004530384072145,1.3368621322381786
FOODS_3_604_TX_3_validation,1.2672736305987728,1.0725814845812789,1.1113692686594663,1.026590787273589,1.1028182053466504,1.3694359820746556,1.4452499668773644,1.1900626667626464,1.0417665439155341,0.9663177402679934,0.9663177402679934,1.0115498875823272,1.253858448726186,1.3166516284939331,1.1450277073688753,1.0037434844877087,1.0337989060356698,1.068158345681433,1.1153135164593264,1.3332528477657202,1.4286525135900012,1.1734652134752832,0.9871460312003457,0.9791783933204813,0.9791783933204813,1.0338871378753787,1.2004530384072145,1.3368621322381786
FOODS_3_605_TX_3_validation,1.568447047971752,1.4350475703012013,1.4499694208084086,1.4499694208084086,1.5440322414944427,1.8111833798925265,1.9232386435968507,1.6809186211984368,1.5035756013868447,1.4311223345315713,1.3951780101522626,1.4484591373866045,1.7143877044854376,1.8310483505179151,1.5279983347392128,1.2915653541905232,1.2476533919313502,1.2300663007357342,1.283347427970076,1.6051029464998323,1.6200474034151369,1.4415628262343443,1.2012371649019904,1.2947132470699123,1.2947132470699123,1.2866995307720057,1.532053058215505,1.7585005373675786
FOODS_3_606_TX_3_validation,1.0280363601552267,0.9581479325437716,0.9263055867535696,0.9293382951095195,0.9961882492321855,1.1351095729701963,1.140129388834494,0.9704092966354785,0.8037983490419068,0.8583913362782891,0.8583913362782891,0.9325802059134994,1.0405282520351387,1.140129388834494,0.9704092966354785,0.8663589741581535,0.8873480585991655,0.8873480585991655,0.9407227934021586,1.1036167649475837,1.203217901746939,1.0777995795297695,0.9034582839676891,0.8830946637755361,0.8788931928004614,0.994655431377495,1.170032867599717,1.186620448459576
FOODS_3_607_TX_3_validation,12.667706970667432,11.38399850328873,10.912652040709586,10.66028415319031,12.205393635166802,14.82069105191274,16.004393913702476,13.47400740850526,11.727624569513273,11.804579193934838,11.804579193934838,13.411518197671207,15.472849714447081,16.679908776249512,13.911236896961313,12.707840089518832,12.323354790823306,11.9026552352586,13.307868847816298,15.25223608789496,16.679908776249512,13.819663538148026,12.349142813775677,11.65174719326125,11.559029169034057,13.160610155673858,15.10497739575252,16.459295149697397
FOODS_3_608_TX_3_validation,0.8344110469740597,0.7222028076989702,0.7947657460413389,0.746826953921409,0.8103027064727912,1.1743550324514718,1.2438912819932555,0.8344645482960977,0.7700451004029258,0.7620774625230614,0.7620774625230614,0.7852978646490711,0.8857664823795836,1.0073793643672662,0.8564762934844219,0.7700451004029258,0.8246380876393081,0.8535948099601843,0.869870234953642,0.9879579820799829,1.0073793643672662,0.8564762934844219,0.7700451004029258,0.8122421053270196,0.7496814802107729,0.8001887537905961,0.9713605287926197,1.0709616655919763
FOODS_3_609_TX_3_validation,2.4658055343364227,2.272370323148271,2.3633553327608476,2.308942315788603,2.3358939068443343,2.636736916827273,2.9874061464852777,2.5108573984590743,2.3269773441570107,2.188001522286612,2.188001522286612,2.329259197373157,2.8659064224573028,3.2004642680755646,2.6757795652838436,2.4491777480933075,2.2847455606524862,2.351945164878038,2.456734727574943,2.98196755610028,3.23866329458992,2.6715780943087686,2.4449762771182324,2.351945164878038,2.280544089677411,2.275096865053461,2.660659471164043,3.0037524799979107
FOODS_3_610_TX_3_validation,0.8218290348275982,0.7565843341271021,0.7774154609611664,0.7596499478189603,0.8154197924256564,0.8637413705858308,1.2438912819932555,0.8344645482960977,0.7700451004029258,0.7620774625230614,0.7400657173347372,0.8073096098373953,0.9077782275679077,1.0875591188793394,0.8564762934844219,0.7700451004029258,0.7620774625230614,0.7620774625230614,0.8073096098373953,0.9077782275679077,1.0875591188793394,0.9366560479964955,0.8326057255191726,0.8411988276478958,0.8411988276478958,0.891706101227719,0.8911807742805444,1.0709616655919763
FOODS_3_611_TX_3_validation,1.69533445723234,1.6152622884335242,1.6237289646900073,1.539120896916717,1.5901558778954257,1.9609971793741914,2.180732631361308,1.9066684696913507,1.6285691342011348,1.6621134199028913,1.6621134199028913,1.7967496250202069,2.1025705880469108,2.2285154761661916,1.9425774057600862,1.8180066199815543,1.7293947662829308,1.7293947662829308,1.6699394296217385,1.946052094394272,1.996651222420841,1.7443604576217844,1.5637544285040177,1.507401697225812,1.4553922255800091,1.4603330461227537,1.7740696138923153,1.9441448330647424
FOODS_3_612_TX_3_validation,0.4863193354929302,0.4457162064141295,0.45177842442812444,0.43895974374938723,0.5077818115994082,0.575064568205235,0.8736357627571211,0.7237099906138311,0.6775416622942544,0.670785199629512,0.7075183808789953,0.6285875549287459,0.7224965853207487,0.8171897345522524,0.713359677746807,0.61011605989226,0.6189608467854465,0.6021484220123956,0.6473805693267295,0.7412895997187323,0.8504294026548772,0.713359677746807,0.6269284846653109,0.6189608467854465,0.6065648644731579,0.6570721380529811,0.7480641585429295,0.847665295342286
FOODS_3_613_TX_3_validation,0.10096576248917655,0.319469056039671,0.27622227347901507,0.28469574349784776,0.32162012112927024,0.42761996895879884,0.5493628903492528,0.5544683686917882,0.5385123582144751,0.5327998997273351,0.5327998997273351,0.5690591562596521,0.7816567399076761,0.8145532266714496,0.6609494761883853,0.5947720235946339,0.6063852032841957,0.6544354391050407,0.527697810030063,0.6295105582795638,0.6591754758211157,0.5412086241653334,0.4621710877326235,0.47643874288238236,0.47643874288238236,0.5545400983098483,0.6348419711744405,0.7414587977534924
FOODS_3_614_TX_3_validation,0.025168559336970375,0.4875324324384791,0.37107161851895815,0.30810817523825224,0.3188510730392522,0.5142241058230604,0.5800582488896228,0.6093241521977436,0.5385123582144751,0.5327998997273351,0.5327998997273351,0.6449922048127257,0.7816567399076761,0.8145532266714496,0.6609494761883853,0.6593768832409063,0.6526204205761639,0.6457579298786035,0.536812703102683,0.6295105582795638,0.7068350393756371,0.5622327419798335,0.4831952055471249,0.5093079509955144,0.5093079509955144,0.5894582610304548,0.6697601338950471,0.74786287908002
FOODS_3_615_TX_3_validation,0.49663966775156604,0.5120080859487863,0.4534276374907324,0.46190110750956503,0.581788382576653,0.6861384148375544,0.7271203869504682,0.7914973614475695,0.7188639063413885,0.7057033623501185,0.7432936393331384,0.7885257866474723,0.9365031202491562,1.0096530629522826,0.8658776710601674,0.6235478674645845,0.6183304217151132,0.6183304217151132,0.6285875549287459,0.7412895997187323,0.8171897345522524,0.713359677746807,0.6269284846653109,0.6021484220123956,0.6021484220123956,0.6641929940997804,0.7522656295180042,0.847665295342286
FOODS_3_616_TX_3_validation,2.6882343107175544,2.5300258132282303,2.4623384487609408,2.436994700988036,2.5283125861312286,3.2030447187825484,3.5165467241072736,2.999548364421518,2.618784268520279,2.676291041034481,2.596847702986501,2.6424591327638547,3.259490649360584,3.4367132649527625,2.7487022692527074,2.4461310932523266,2.3530999810121322,2.2302417523575304,2.279074685791367,2.833592975112643,3.043857019205258,2.6001770191081417,2.320178783961134,2.2271476717209397,2.2271476717209397,2.3319372344178446,2.886502408302294,3.1431981467919337
FOODS_3_617_TX_3_validation,1.7022587383652579,1.4154986032139585,1.3715866409547854,1.3715866409547854,1.5335348013928147,1.8234753809299378,1.97592748815048,1.5911535680311475,1.4235690047917104,1.3796570425325374,1.4075739924645512,1.3802558953236737,1.6350860200077366,1.8434443328302037,1.5403943170515013,1.3728097538120645,1.3796570425325374,1.4075739924645512,1.4972857747435504,1.7621957051561659,1.9197947669989872,1.6643211679110737,1.434888501436361,1.390976539177188,1.390976539177188,1.50063787754548,1.7681841585538287,1.9197947669989872
FOODS_3_618_TX_3_validation,2.5318164796323526,2.1874448617022684,2.0581011638024553,2.0581011638024553,2.238867406637734,2.789558982386057,2.962127996228839,2.308726185252797,1.994575505606002,1.9094728424806466,1.9094728424806466,2.046034662051618,2.482060211850519,2.665382372170066,2.4301579870612,2.2015616681929355,2.23564051107993,2.239066048552746,2.343855611249651,2.7959125512134677,3.0014565217158284,2.4541554059643627,2.0832549955140602,2.078712895107012,2.078712895107012,2.183502457803917,2.6412680202137753,2.8927567003463404
FOODS_3_619_TX_3_validation,0.10096576248917655,0.319469056039671,0.29963470521941954,0.28469574349784776,0.3188510730392522,0.462236926708683,0.5493628903492528,0.5624409317754875,0.5385123582144751,0.5327998997273351,0.5327998997273351,0.5690591562596521,0.7816567399076761,0.8145532266714496,0.6609494761883853,0.5947720235946339,0.6063852032841957,0.6457579298786035,0.527697810030063,0.6295105582795638,0.6591754758211157,0.5412086241653334,0.4831952055471249,0.47643874288238236,0.47643874288238236,0.5545400983098483,0.6697601338950471,0.7414587977534924
FOODS_3_620_TX_3_validation,1.3253143596288677,1.1810133170949033,1.274681717731504,1.2223851785886162,1.293820386818805,1.5963617965382317,1.6851124410718,1.5228072258558856,1.3552226626164485,1.3620699513369214,1.3819442584454456,1.192314494193674,1.4101352049730815,1.4629809198143855,1.2545490416577192,1.134828756891213,1.080105697053297,1.1268611190113487,1.1314638008240792,1.3836439512492498,1.4832450880486054,1.2748132098919391,1.1224327745789244,1.11446513669906,1.1102636657239855,1.1785090041998867,1.3834275802659144,1.4790436170735308
FOODS_3_621_TX_3_validation,1.0497340559236177,0.9324582061045572,0.985151233129962,1.0314580241475897,1.1077231050862404,1.1795552076575495,1.354135923762901,1.010541314800963,0.8983484048349799,0.8985233544437746,0.8954906460878247,0.9325802059134994,0.9603484975230646,1.0599496343224204,0.8902295421234028,0.8037983490419068,0.8246380876393081,0.8535948099601843,0.869870234953642,1.029115491175562,1.1287166279749175,0.9737553578060308,0.8697050353287079,0.9407226203248552,0.9365211493497805,1.0048218606523938,1.0870193116602205,1.186620448459576
FOODS_3_622_TX_3_validation,0.7210497595301645,0.647497465696819,0.6395298278169546,0.6395298278169546,0.8846772759276982,1.0492825709964968,1.1503012736925715,0.8890224698617534,0.8578327513218653,0.6865728462791265,0.6930357637172644,0.7318049935934604,0.8387365287621107,0.9318747481233293,0.7874345946786249,0.739980213145354,0.7258801738537886,0.7258801738537886,0.7711123211681224,0.8777133403103359,0.9853676191789411,0.8344645482960977,0.7576491180906373,0.7454800092356981,0.7454800092356981,0.8036142912634121,0.8911807742805444,0.9907819110799027
FOODS_3_623_TX_3_validation,0.26515358554103524,0.29605662429926655,0.27622227347901507,0.2874647915878658,0.32162012112927024,0.42761996895879884,0.5413903272655535,0.5544683686917882,0.5385123582144751,0.5293397453581674,0.5293397453581674,0.5749843581948462,0.7619833567347615,0.8501087413651423,0.6790282613062965,0.613141665948938,0.6457579298786035,0.491580555788349,0.536812703102683,0.630934904542117,0.6692447623926172,0.5622327419798335,0.4831952055471249,0.47643874288238236,0.5093079509955144,0.5545400983098483,0.6697601338950471,0.7414587977534924
FOODS_3_624_TX_3_validation,0.6675406131800121,0.6005854504298723,0.6023024577839626,0.5826640630998795,0.6118049013175947,0.7594113560109259,1.0764542650291793,0.9282633823935359,0.7884057332993085,0.7636256706463932,0.7798076703491108,0.8250398176634447,0.9902711487478412,0.8646149461358261,0.72412861042567,0.6450910739929615,0.6371234361130971,0.6189608467854465,0.6285875549287459,0.7412895997187323,0.8504294026548772,0.713359677746807,0.6269284846653109,0.6189608467854465,0.6723873027981778,0.7071464912637829,0.8079535319937987,0.9465314803413803
FOODS_3_625_TX_3_validation,0.10096576248917655,0.35860482108430686,0.29963470521941954,0.28469574349784776,0.3188510730392522,0.462236926708683,0.5493628903492528,0.5624409317754875,0.5385123582144751,0.5327998997273351,0.5327998997273351,0.5655990018904844,0.744797484395373,0.8317390990108381,0.6793191185426894,0.613141665948938,0.6457579298786035,0.491580555788349,0.536812703102683,0.6295105582795638,0.6591754758211157,0.5412086241653334,0.4621710877326235,0.47643874288238236,0.47643874288238236,0.5545400983098483,0.6348419711744405,0.7414587977534924
FOODS_3_626_TX_3_validation,0.26515358554103524,0.2988256723892846,0.28769570454701787,0.2874647915878658,0.32162012112927024,0.41964740587509963,0.5500947102435383,0.563172751669773,0.544437560149669,0.5560507398392308,0.5638512558742572,0.6429398413720924,0.7818785324655932,0.8731820107495232,0.5787989011483533,0.49976136471564475,0.4554146250678812,0.4554146250678812,0.5006467723822163,0.5832753409875956,0.6692447623926172,0.5622327419798335,0.4621710877326235,0.47643874288238236,0.47643874288238236,0.5545400983098483,0.6348419711744405,0.7414587977534924
FOODS_3_627_TX_3_validation,0.7093562899245546,0.7589878334896643,0.7610124974023577,0.746826953921409,0.7982064776893205,0.9871683578756607,1.0200136812389125,0.9366560479964955,0.8615624478400488,0.8535948099601843,0.8535948099601843,0.9069695447631774,1.0510464949924285,1.0073793643672662,0.9366560479964955,0.8326057255191726,0.8246380876393081,0.8535948099601843,0.8988269572745182,1.029115491175562,1.1287166279749175,0.9704092966354785,0.8663589741581535,0.8873480585991655,0.7958307111620424,0.8931505247438942,1.0650883078433535,1.0433521810350572
FOODS_3_628_TX_3_validation,4.751474373400426,4.6469987817899145,4.813570387791369,4.74556864819915,4.781164211446872,5.748803748419571,6.1382190925029825,5.357673999255488,4.7647067781534815,4.8423451077689394,4.8423451077689394,5.1650549511769395,6.2231145704246975,6.592057942612979,5.6394446823363715,4.682745618039336,4.748994185671966,4.748994185671966,5.085969090762874,6.102994599402753,6.452768813758255,5.29674450157162,4.703777280469613,4.799252577270408,4.699235180062567,5.000828886842026,6.01980060656581,6.369574820921312
FOODS_3_629_TX_3_validation,0.6157040722943505,0.5973790782072159,0.5972119563623782,0.6191232371759468,0.6603603041771327,0.9786681467587003,1.078269283558056,0.8766519449096813,0.7902207518281853,0.6331463902663954,0.6331463902663954,0.6783785375807293,0.7788471553112416,0.8504294026548772,0.713359677746807,0.6269284846653109,0.6723873027981778,0.6189608467854465,0.6641929940997804,0.7646616118302928,0.8642627486296492,0.713359677746807,0.6803549406780423,0.6664542379240271,0.6599913204858893,0.7169615115038503,0.8469303435420239,0.9465314803413803
FOODS_3_630_TX_3_validation,0.26515358554103524,0.28193473196615493,0.3394519707022422,0.3494442724947999,0.3736073002436465,0.47960714807317617,0.5493628903492528,0.6093241521977436,0.5385123582144751,0.5327998997273351,0.5327998997273351,0.6081329493004225,0.744797484395373,0.8317390990108381,0.6793191185426894,0.6044641567225009,0.6457579298786035,0.491580555788349,0.536812703102683,0.630934904542117,0.6902688802071173,0.5622327419798335,0.5160644136602568,0.5093079509955144,0.544226113716121,0.5789853021817261,0.6697601338950471,0.74786287908002
FOODS_3_631_TX_3_validation,0.4446524886371898,0.460020906834409,0.4534276374907324,0.372926425540261,0.4850708624794104,0.5688216172582042,0.6831375485065023,0.6738628135708031,0.6057785337600942,0.6090913576668533,0.61689187370188,0.6520547344447124,0.8055361439586278,0.9190265557751678,0.7402761497823509,0.6598142670870891,0.6562971692137767,0.49300490205090225,0.5592611671797363,0.6519590223566171,0.7607283653032693,0.6676103897965918,0.5573866577073909,0.544226113716121,0.5494190198275265,0.5946511671418604,0.6949572296195583,0.7666558934780037
FOODS_3_632_TX_3_validation,0.5390958331631358,0.520960770817486,0.46624026637717875,0.4976381489842241,0.5178510981709097,0.8353259049066208,0.8635664761856195,0.6848160701928027,0.6057785337600942,0.6090913576668533,0.6544821506848999,0.7207384158137339,0.8970197468692799,0.9747349002316755,0.6676103897965918,0.5913230454942764,0.6021484220123956,0.6021484220123956,0.6473805693267295,0.7412895997187323,0.8504294026548772,0.713359677746807,0.6803549406780423,0.6189608467854465,0.6065648644731579,0.7104985940657125,0.8014906145556608,0.9010917513550173
FOODS_3_633_TX_3_validation,0.3528344667002666,0.29340816303415773,0.34815635368022696,0.3494442724947999,0.3736073002436465,0.530111650611059,0.779081504379247,0.5978914347448766,0.544437560149669,0.581259049072467,0.5985846872491687,0.6348439437814859,0.7818785324655932,0.9176022095126146,0.7402761497823509,0.6630536318785191,0.5140290198654024,0.5468982279785345,0.5921303752928684,0.7197463931903555,0.7956465280238756,0.6326922270759855,0.5509825763808633,0.544226113716121,0.5494190198275265,0.6029712226911152,0.6907557586444836,0.8049944176211461
FOODS_3_634_TX_3_validation,2.0000809706447646,1.8412752790001037,1.7863165756711346,1.8555466250568688,1.7999883894617827,1.9866311548104623,2.1976736511903066,1.8865960229692578,1.737362404162795,1.7293947662829308,1.7293947662829308,1.8693558154769723,2.1666173505783055,2.211918022878827,1.925979952472723,1.720764950875432,1.7127973129955676,1.7127973129955676,1.7896287689734076,2.0226881976815894,2.211918022878827,1.925979952472723,1.8014091666941912,1.7968670662871427,1.7162228504683834,1.8761334557517177,2.0859731347595463,2.211918022878827
FOODS_3_635_TX_3_validation,0.025168559336970375,0.4875324324384791,0.37107161851895815,0.30810817523825224,0.3188510730392522,0.5142241058230604,0.5800582488896228,0.6093241521977436,0.5385123582144751,0.5327998997273351,0.5327998997273351,0.6449922048127257,0.7816567399076761,0.8145532266714496,0.6609494761883853,0.6593768832409063,0.6526204205761639,0.6457579298786035,0.536812703102683,0.6295105582795638,0.7068350393756371,0.5622327419798335,0.4831952055471249,0.5093079509955144,0.5093079509955144,0.5894582610304548,0.6697601338950471,0.74786287908002
FOODS_3_636_TX_3_validation,3.6673423710877713,3.2300733651806692,3.257768757480003,3.2068624513270394,3.2685441438503284,4.078979820910663,4.341366448300397,3.594218550392143,3.2300733651806692,3.2068624513270394,3.2068624513270394,3.434494196229772,4.094133547824502,4.356520175214235,3.594218550392143,3.2300733651806692,3.2068624513270394,3.2068624513270394,3.370722638572409,4.094133547824502,4.356520175214235,3.594218550392143,3.2300733651806692,3.2068624513270394,3.2068624513270394,3.370722638572409,4.094133547824502,4.356520175214235
FOODS_3_637_TX_3_validation,0.2618436300934278,0.3053471637065594,0.3394519707022422,0.3494442724947999,0.3736073002436465,0.5335718049802267,0.5493628903492528,0.6013515891140443,0.5385123582144751,0.5293397453581674,0.5293397453581674,0.6175183056047842,0.7803529990890656,0.8501087413651423,0.6793191185426894,0.6506993740144691,0.6457579298786035,0.491580555788349,0.5382370493652362,0.630934904542117,0.6902688802071173,0.5622327419798335,0.5160644136602568,0.544226113716121,0.544226113716121,0.5841782082931316,0.6719627442464999,0.74786287908002
FOODS_3_638_TX_3_validation,0.8757336326550356,0.9261306371447748,0.8702242071449807,0.8702242071449807,0.8704083230418195,0.8915750126931881,1.0200136812389125,0.8344645482960977,0.7480333552146017,0.7320125752654896,0.7400657173347372,0.7852978646490711,0.9077782275679077,1.0073793643672662,0.8564762934844219,0.8326057255191726,0.8535948099601843,0.8535948099601843,0.869870234953642,0.9077782275679077,1.0875591188793394,0.8564762934844219,0.820209743206884,0.7496814802107729,0.7496814802107729,0.7968366509886665,0.873370500067295,0.9907819110799027
FOODS_3_639_TX_3_validation,0.11172059032710376,0.319469056039671,0.27622227347901507,0.2934001264758325,0.330324504107255,0.462236926708683,0.5580672733272376,0.5711453147534723,0.544437560149669,0.5387251016625291,0.5560507398392308,0.6351393253370656,0.7740780164305664,0.8713669922206464,0.6609494761883853,0.6593768832409063,0.6526204205761639,0.6457579298786035,0.527697810030063,0.6295105582795638,0.7068350393756371,0.5412086241653334,0.4831952055471249,0.47643874288238236,0.5093079509955144,0.5545400983098483,0.6697601338950471,0.74786287908002
FOODS_3_640_TX_3_validation,0.6378996236039322,0.6125224515961177,0.5784189419643946,0.61235532975128,0.7900648035627434,0.9346881017202794,1.0293812509517826,0.8766519449096813,0.7734083270551344,0.6331463902663954,0.6331463902663954,0.6783785375807293,0.7788471553112416,0.9176892046423806,0.7667861337595383,0.6803549406780423,0.6723873027981778,0.6788502202363157,0.7240823675506496,0.824550985281162,0.9176892046423806,0.7732490511976762,0.7133986873521168,0.6664542379240271,0.7012295784971776,0.7674170025941393,0.8469303435420239,0.9465314803413803
FOODS_3_641_TX_3_validation,0.606884778617873,0.5606352095740804,0.5550517550254184,0.5550517550254184,0.5492744305225272,0.6993604419960289,1.0000375283883791,0.8318378305609826,0.752800294128274,0.7432936393331384,0.7448326562484096,0.7900648035627434,0.9714781343498559,0.8521647486529538,0.7275452212277558,0.6411140281462598,0.6723873027981778,0.6723873027981778,0.6641929940997804,0.7632440459335736,0.8504294026548772,0.713359677746807,0.6269284846653109,0.6723873027981778,0.6189608467854465,0.7071464912637829,0.8079535319937987,0.9075546687931552
FOODS_3_642_TX_3_validation,0.7741790613696122,0.786674497587722,0.7928924031888063,0.7787068597078576,0.7790101661792049,0.9204125444395559,1.0200136812389125,0.8564762934844219,0.7700451004029258,0.7400657173347372,0.7620774625230614,0.8073096098373953,0.9077782275679077,1.0875591188793394,0.9656127703173719,0.8326057255191726,0.8535948099601843,0.8246380876393081,0.8073096098373953,0.9077782275679077,1.0073793643672662,0.8564762934844219,0.7700451004029258,0.7496814802107729,0.7496814802107729,0.7748249058003424,0.8911807742805444,0.9907819110799027
FOODS_3_643_TX_3_validation,0.653556125831658,0.6670591202144733,0.6145956172000718,0.6658023159612065,0.7081534488445311,0.822533313887391,0.9221344506867475,0.8122258627459014,0.6803549406780423,0.6189608467854465,0.6189608467854465,0.7176194501125117,0.824550985281162,0.9241521220805184,0.7732490511976762,0.6868178581161801,0.6788502202363157,0.6788502202363157,0.7630591790988748,0.824550985281162,0.9241521220805184,0.7667861337595383,0.6269284846653109,0.6189608467854465,0.6723873027981778,0.7071464912637829,0.8079535319937987,0.9075546687931552
FOODS_3_644_TX_3_validation,0.025168559336970375,0.4875324324384791,0.37107161851895815,0.30810817523825224,0.3188510730392522,0.5142241058230604,0.5800582488896228,0.6093241521977436,0.5385123582144751,0.5327998997273351,0.5327998997273351,0.6449922048127257,0.7816567399076761,0.8145532266714496,0.6609494761883853,0.6593768832409063,0.6526204205761639,0.6457579298786035,0.536812703102683,0.6295105582795638,0.7068350393756371,0.5622327419798335,0.4831952055471249,0.5093079509955144,0.5093079509955144,0.5894582610304548,0.6697601338950471,0.74786287908002
FOODS_3_645_TX_3_validation,1.11012270555354,1.0460391383642336,1.0937993673769688,1.0937993673769688,1.1762645728630088,1.4984315452396921,1.6578993429151643,1.5016700935819964,1.2354822001820445,1.1915702379228714,1.1915702379228714,1.2429283416936536,1.4101352049730815,1.495641070360894,1.240453770246176,1.0500502755053358,1.0024581020107217,1.0024581020107217,1.0115498875823272,1.253858448726186,1.3534595855255418,1.0808322878857197,0.906490992323639,0.9561513109930939,0.9561513109930939,1.0115498875823272,1.2414624664138973,1.3368621322381786
FOODS_3_646_TX_3_validation,1.8253258730540343,1.6823919988437694,1.702484794432851,1.653658157075905,1.8207677361194763,2.180676241471351,2.084473852094849,1.7318843002921782,1.5637544285040177,1.5557867906241534,1.5433106332945472,1.5635058277729368,1.8486649922231437,1.8962566573766966,1.6927925299345863,1.5153693351056763,1.5198778545554181,1.5564838810159163,1.6188269671603144,1.8487451672404613,1.948346304039817,1.740856077038473,1.564980615464666,1.6040040430339073,1.6040040430339073,1.7571453703774882,1.9867792616128597,1.997877409381489
FOODS_3_647_TX_3_validation,1.046321016745059,0.9772300684575834,0.969262430577719,0.9991963587153713,1.0960302886545574,1.2087602904339034,1.322861449038157,1.398295337354695,1.2499992145075827,1.2438465951565951,1.1915702379228714,1.2429283416936536,1.527513379228979,1.5068835734463077,1.3231535165835364,1.134828756891213,1.130846219003088,1.1915702379228714,1.18220432277387,1.460749052473061,1.495641070360894,1.2872091922042277,1.134828756891213,1.1268611190113487,1.1268611190113487,1.167746263933402,1.2918535698974272,1.4322881951154791
FOODS_3_648_TX_3_validation,1.5616366196320843,1.3457623482598329,1.268753280004118,1.3503494650690182,1.4753367060767946,1.6140204475033684,1.895091129713079,1.4195449981022183,1.213633147214279,1.1409563904228919,1.1409563904228919,1.1962995941854133,1.4748443238846043,1.5603501892724168,1.5016700935819964,1.3340855303425594,1.2901735680833863,1.2901735680833863,1.293820386818805,1.5486505115028681,1.7627020083426532,1.510411243543597,1.3386252093290854,1.3454724980495583,1.3687723426308982,1.4296070436422443,1.6516607265044034,1.8092597883472248
FOODS_3_649_TX_3_validation,0.42273852314678145,0.30617784248363944,0.3782516713064106,0.38824397309896835,0.41240700084781495,0.5754834591962775,0.8208592650869153,0.6594009716217488,0.6057785337600942,0.61689187370188,0.6068225871303785,0.6621240210162139,0.8431264209416477,0.9418656921185447,0.6326922270759855,0.5885728533638832,0.5468982279785345,0.5818163906991408,0.6285875549287459,0.7224965853207487,0.7956465280238756,0.6364241941400995,0.5885728533638832,0.583355407614412,0.6021484220123956,0.6369076104780007,0.7466465926462104,0.847665295342286
FOODS_3_650_TX_3_validation,0.8221435391618906,0.7912445065047672,0.8170301172638837,0.7690913251439541,0.8245139356260887,0.8494779371126661,0.9491569639042385,0.9878886548608464,0.8624806502311264,0.8934898238994872,0.9033579844976116,0.7852978646490711,0.8777133403103359,0.9773144771096934,0.780971677240487,0.7010034015971288,0.7320125752654896,0.7320125752654896,0.7852978646490711,0.9077782275679077,1.0073793643672662,0.9366560479964955,0.7700451004029258,0.7496814802107729,0.7496814802107729,0.8001887537905961,0.8911807742805444,0.9907819110799027
FOODS_3_651_TX_3_validation,1.0258613318001766,0.6894508587134143,0.6826943960486719,0.6926866978412297,0.7393297443577296,0.8887852646873281,1.211770364731769,1.0179535421184187,0.9940829741531698,0.923554711157059,0.9861153362733054,1.0958724730763723,1.1036167649475837,1.203217901746939,1.0777995795297695,0.971252669791907,0.9927431382518946,0.9927431382518946,1.037975285566228,1.250825740370236,1.4452499668773644,1.1450277073688753,0.8108135427768619,0.8028459048969975,0.8583913362782891,0.9221072470647707,1.0870193116602205,1.186620448459576
FOODS_3_652_TX_3_validation,6.1115421935920065,5.308772879146822,5.226180606459805,5.3454224248235525,5.649165087978278,6.928070731909602,7.6487955497431255,6.00880422261078,5.373535688492711,5.3454224248235525,5.3454224248235525,5.7156289476173745,7.013577353715772,7.386932779216107,6.364619125673255,5.349055176421783,5.308640228639346,5.188466658846078,5.5586731816399,6.715161225818429,7.094437603508231,5.758686500700119,5.229390308279219,5.138238722443779,5.188466658846078,5.5586731816399,6.715161225818429,7.094437603508231
FOODS_3_653_TX_3_validation,1.3869462627588387,1.1810133170949033,1.1616611596688327,1.1153543686512055,1.1405101068771815,1.4228597939141352,1.5137214417641764,1.3878626354950592,1.1388138568829522,1.130846219003088,1.130846219003088,1.1782192227821309,1.3960399335615383,1.495641070360894,1.291194292195967,1.134828756891213,1.1268611190113487,1.1268611190113487,1.1782192227821309,1.3960399335615383,1.495641070360894,1.240453770246176,1.134828756891213,1.11446513669906,1.11446513669906,1.167746263933402,1.3794424802741752,1.48302871706527
FOODS_3_654_TX_3_validation,7.11991637474247,6.491861664858319,6.268343717275942,6.309585315109659,6.303391399261576,7.667178885650418,8.023409327483241,6.455397414275909,5.651821749827243,5.5130515356121155,5.493623959492059,5.69182730084941,6.955247303316867,7.334014979355965,5.996852885201809,5.516974448341071,5.607161532538396,5.859459991135318,6.436600043527916,7.771919761648119,8.342740469642413,6.90397223073587,6.05286598241075,6.017348575525579,5.944530648460772,6.437774036115039,7.912257267139602,8.121803377093457
FOODS_3_655_TX_3_validation,1.1886206767004488,1.0488497388265319,1.0439148093026174,1.0627988281725378,1.203224064605851,1.4894630652580623,1.579234248376993,1.3946554023945874,1.1737180070534599,1.1081224126242761,1.099979825135617,0.9961882492321855,1.1570405767870633,1.3396552695259156,1.108219750337267,0.9742853781478579,0.9957758466078438,0.9561513109930939,1.0115498875823272,1.253858448726186,1.3534595855255418,1.1450277073688753,1.0037434844877087,1.0214029237233813,1.0214029237233813,1.118665619261256,1.3290513767906456,1.3818970916319495
FOODS_3_656_TX_3_validation,0.9465500168704682,1.0090466346164395,0.8597984747620262,0.8597984747620262,0.9050306220763601,1.0970175917662468,1.2347107097695522,0.9993660189563537,0.9034582839676891,0.8954906460878247,0.9531186026371438,1.0085171792263778,1.1036167649475837,1.203217901746939,1.0075086064450127,0.9034582839676891,0.8830946637755361,0.8830946637755361,0.9302498345534298,1.091220782635295,1.1908219194346505,1.0612021262424063,0.9546552165045438,0.9501131160974954,0.9501131160974954,1.0048218606523938,1.1974203300512642,1.2970214668506201
FOODS_3_657_TX_3_validation,1.0608502923580014,0.9373059329893839,1.0332730426764665,1.0575347433629083,1.1048977668205426,1.3310694125623126,1.4845531110017407,1.108219750337267,1.0037434844877087,0.9663177402679934,0.9663177402679934,1.0115498875823272,1.2170504916945777,1.3534595855255418,1.1450277073688753,1.0037434844877087,0.9957758466078438,0.9957758466078438,1.041007993922178,1.2170504916945777,1.3166516284939331,1.108219750337267,1.0037434844877087,0.9833798642955557,1.0172014527483066,1.0719101973032044,1.2822959548325938,1.4286525135900012
FOODS_3_658_TX_3_validation,0.3915992013429954,0.3538688121673668,0.4022526948522504,0.4022526948522504,0.4983715369712084,0.7902634865727317,0.8499781512640865,0.6848160701928027,0.5966636406874741,0.6068225871303785,0.61689187370188,0.6997142979992338,0.8659655572850246,0.7607283653032693,0.6326922270759855,0.5536546906432769,0.5818163906991408,0.5818163906991408,0.6285875549287459,0.7197463931903555,0.7644603323673833,0.6364241941400995,0.5761796721053746,0.5682120342255101,0.5777273327267901,0.6282346063066133,0.7192266267965617,0.8188277635959181
FOODS_3_659_TX_3_validation,1.114371788018065,0.9324582061045572,0.9275232765806427,0.9738300675982704,1.1880011504078278,1.4095253517457755,1.4706482485148256,1.1738335819638364,0.906490992323639,0.9561513109930939,0.8903807669551155,0.9437555017581085,1.1066494733035335,1.203217901746939,1.0075086064450127,0.9610862405170082,0.9632850319120426,0.9531186026371438,0.998350749951479,1.18663032088708,1.3136189201379833,1.1419949990129254,0.9742853781478579,0.9833798642955557,0.9791783933204813,1.0753357347760202,1.2822959548325938,1.3368621322381786
FOODS_3_660_TX_3_validation,8.248951809910453,7.433535438264052,6.622560208420678,6.905788740336888,7.403439848901855,9.290645271857677,10.310124775095856,8.60090560451089,7.560360767112862,7.287278010214642,6.961810928996781,7.586990489049223,9.504664014300312,9.938594251402446,8.332272888211522,7.291820110621688,6.961810928996781,6.961810928996781,7.235937326012596,8.699929874396444,9.196683011149306,7.53064762493637,6.675694185225731,6.240800125072184,6.207117122433168,6.769446483095904,8.534341660378216,9.303435390909495
FOODS_3_661_TX_3_validation,4.5531298932755515,4.304027701281208,4.112960290402249,3.8619947586132897,4.29664188004678,4.879229432219548,5.437584292065902,4.360971015132717,3.7320180205945896,3.662189231223855,3.6288106587466857,3.9446039457474242,4.75986177308922,4.987193965063991,4.07035852487919,3.4624518232109147,3.439240909357285,3.402813504215258,3.6533201022523105,4.5320621589228915,4.858146402054808,4.082208707894017,3.5412307289627476,3.5847129333902608,3.520234368818985,3.7707409668560374,4.5320621589228915,4.956898453211955
FOODS_3_662_TX_3_validation,1.705982338754594,1.3860376032821933,1.320988508749131,1.320988508749131,1.4457387778724458,1.673779789096483,1.8359863858950138,1.5403943170515013,1.2671645627892036,1.2424622830480228,1.3113107003572755,1.293820386818805,1.4748443238846043,1.57444546068396,1.4539588085466328,1.3192783382371398,1.2424622830480228,1.3113107003572755,1.293820386818805,1.5486505115028681,1.7750979906549418,1.4539588085466328,1.250429920927887,1.2056655093344146,1.2056655093344146,1.283347427970076,1.6009014755247577,1.8092597883472248
FOODS_3_663_TX_3_validation,1.0608502923580014,0.8905276742018949,0.9839335433028886,0.9971326809337372,1.0806360661341008,1.294261455530704,1.4179459604206144,1.1900626667626464,1.0417665439155341,1.0337989060356698,1.0337989060356698,1.1257864753080553,1.3456488300780087,1.4452499668773644,1.236818088720698,1.0885219658735859,1.0805543279937215,1.0805543279937215,1.1257864753080553,1.3456488300780087,1.4452499668773644,1.1450277073688753,0.9742853781478579,0.9957758466078438,0.9833798642955557,1.0719101973032044,1.3290513767906456,1.4286525135900012
FOODS_3_664_TX_3_validation,3.6367430794916986,3.2758046865554364,3.0494253284651522,3.092147708251312,3.35434494347445,3.9999103949265753,4.290285687830036,3.594218550392143,3.2300733651806692,3.1396653561968604,3.2068624513270394,3.370722638572409,4.006047180500404,4.356520175214235,3.594218550392143,3.2300733651806692,3.1430908936696764,3.1430908936696764,3.370722638572409,4.006047180500404,4.2684338078901405,3.5061321830680474,3.0470543441274502,2.9365974259775802,2.9365974259775802,3.2530752911481855,3.8883998330761753,4.150786460465914
FOODS_3_665_TX_3_validation,1.782607770901052,1.5512782711744115,1.5433106332945472,1.5963658510403405,1.6162068533049918,1.9376291460376731,2.037230282837028,1.6959753642234432,1.5278454924352824,1.5688798633282048,1.5198778545554181,1.4328201552154742,1.646959928743886,1.7238366645413052,1.5403943170515013,1.411173022479422,1.3672610602202488,1.390976539177188,1.4518112401885341,1.710186233510363,1.8677852953531844,1.6154945305541277,1.4868979730821639,1.4464115482958066,1.4464115482958066,1.5072462493071528,1.8201936301996315,1.9197947669989872
FOODS_3_666_TX_3_validation,0.5288018650175561,0.5434064690799475,0.4790558630829267,0.5305073570973557,0.5596481953150709,0.6960489023212205,0.7719490371547406,0.7901009267390703,0.7298564047043454,0.7804380954194441,0.7804380954194441,0.825670242733778,1.0320946027714317,0.9383376655614671,0.82641140622685,0.7480333552146017,0.7620774625230614,0.6930357637172644,0.7772447225798235,0.8857664823795836,0.9318747481233293,0.780971677240487,0.694540484158991,0.6865728462791265,0.6788502202363157,0.7136094087019208,0.8056920855307356,0.9075546687931552
FOODS_3_667_TX_3_validation,0.5279740276815508,0.5164576825371047,0.5137250933028766,0.5638710487018959,0.565108345936495,0.7137507229120156,0.7271203869504682,0.756579198726963,0.7124598250148609,0.7466476747772863,0.7451086578620152,0.6285875549287459,0.7412895997187323,0.7983967201542688,0.670360581926985,0.61011605989226,0.6189608467854465,0.6021484220123956,0.6641929940997804,0.7412895997187323,0.8171897345522524,0.713359677746807,0.61011605989226,0.6021484220123956,0.6189608467854465,0.6641929940997804,0.7508480636212851,0.847665295342286
FOODS_3_668_TX_3_validation,3.883938784670652,3.6037854334492145,3.5992433330421663,3.433846290081257,3.8082062644983172,4.729596800850459,4.7437393719410315,4.0141006989299575,3.426024418068888,3.384625117181372,3.3249423824303275,3.5037416981060883,4.31317959829303,4.5058254330754535,3.6869162548818397,3.2332608339901845,3.2373150418897545,3.2373150418897545,3.5202392529246516,4.227398595311198,4.3927793083404225,3.5974060192016584,3.296424849143287,3.269732654887599,3.2100499201365547,3.464946786792487,4.205710539760251,4.407933035254261
FOODS_3_669_TX_3_validation,3.537198381857275,2.642631389495544,2.357003183792028,2.208041276558534,2.292856714349921,2.834119157308904,3.1960921534850604,2.4540320784696994,2.182233740624713,2.174266102744849,2.188001522286612,2.329259197373157,2.8659064224573028,3.0639986846333973,2.61019852604575,2.4393788550018187,2.2847455606524862,2.351945164878038,2.524355913704739,3.1577545653113606,3.334977180903539,2.8596192049465654,2.6135201240492263,2.580628465741026,2.51300727961123,2.6458846702366707,3.191869463230787,3.408020564768939
FOODS_3_670_TX_3_validation,0.129025878580382,0.29605662429926655,0.27622227347901507,0.28469574349784776,0.32162012112927024,0.42761996895879884,0.5493628903492528,0.5544683686917882,0.5350522038453074,0.5293397453581674,0.5387251016625291,0.5749843581948462,0.744797484395373,0.8317390990108381,0.6793191185426894,0.613141665948938,0.6457579298786035,0.491580555788349,0.527697810030063,0.6295105582795638,0.6591754758211157,0.5412086241653334,0.4621710877326235,0.47643874288238236,0.47643874288238236,0.5545400983098483,0.6348419711744405,0.7414587977534924
FOODS_3_671_TX_3_validation,2.8786049018053927,2.764137402353855,3.0067367550682382,3.0067367550682382,2.578324998725486,3.0490276682683795,3.3826033525432173,2.8936515632263347,2.665542922655098,2.589954098645437,2.5937831699902505,2.7172011749404508,3.3611486015811596,3.5762922642609993,3.031345668153733,2.8433461716233044,2.83537853374344,2.83332555092909,2.7507299571239945,3.3611486015811596,3.6958042460207685,3.0752524465007505,2.8426252754322383,2.830456166577299,2.830456166577299,2.6424591327638547,3.259490649360584,3.4641911119475384
FOODS_3_672_TX_3_validation,5.649083292373663,5.2432765893523285,4.744055706478362,4.780483111620389,5.1511344823810825,6.339072380154087,7.278032370949471,6.4255302928908575,5.776993809366601,5.772451708959555,5.823691787731083,6.301221408097331,7.222978053437889,7.504101140021795,6.31723771941824,5.486474839525017,5.402048970799838,5.402048970799838,5.77225549359366,6.92507062719125,7.3033296015796445,5.913973112818249,5.162701553730041,5.071549967894601,5.071549967894601,5.3908342738297845,6.5107197697673405,6.996408795106412
FOODS_3_673_TX_3_validation,0.5638741222204123,0.5794282239720641,0.47880693058226914,0.5137250933028766,0.5528582333131496,0.6434197360819213,0.7193198709154414,0.7487786826919361,0.7124598250148609,0.7108962684615241,0.7432936393331384,0.7900648035627434,0.9346881017202794,0.9729198817027988,0.8658776710601674,0.6262980595949776,0.6183304217151132,0.6371234361130971,0.6473805693267295,0.7632440459335736,0.8642627486296492,0.7667861337595383,0.6269284846653109,0.6189608467854465,0.6189608467854465,0.6641929940997804,0.7522656295180042,0.9010917513550173
FOODS_3_674_TX_3_validation,0.8491877581208024,0.6662904800948026,0.6803742716832244,0.6803742716832244,0.8946422730348775,1.0670480841387027,1.154233440860006,0.8890224698617534,0.8025912767802574,0.8480500949131241,0.8563280308801388,0.7758821729964261,0.8777133403103359,0.9853676191789411,0.8564762934844219,0.7700451004029258,0.8246380876393081,0.7620774625230614,0.8073096098373953,0.9879579820799829,1.0875591188793394,0.9656127703173719,0.7700451004029258,0.8122421053270196,0.836997356672821,0.9032742261891942,1.0125180378881988,1.1121191746875543
FOODS_3_675_TX_3_validation,2.014132545862705,1.7965578166380791,1.789582832930846,1.9090501186745916,2.021820122183206,2.352398470010583,2.5189224185460515,2.174536589834926,1.9872801453634614,1.979312507483597,1.9543580372835534,2.0641525140912105,2.4403012747019064,2.5662461628211872,2.221860334110062,1.9499296928511292,1.9669165251713085,1.9419620549712648,2.0364266298275435,2.3782264824655073,2.3970624966762752,2.0304802104514117,1.8252652088541184,1.817297570974254,1.7533763734117542,1.8302078293895943,2.207196410994494,2.333141299113775
FOODS_3_676_TX_3_validation,0.3836356021592757,0.30617784248363944,0.3782516713064106,0.32626449219203413,0.36041982173343856,0.5370676627814995,0.6129677976150196,0.6494194158008738,0.5910122135899976,0.5842557509252552,0.61689187370188,0.6621240210162139,0.8265602617731279,0.9747349002316755,0.6676103897965918,0.5536546906432769,0.5818163906991408,0.5468982279785345,0.5921303752928684,0.7197463931903555,0.7956465280238756,0.6364241941400995,0.5509825763808633,0.544226113716121,0.544226113716121,0.5946511671418604,0.6761642152215747,0.7666558934780037
FOODS_3_677_TX_3_validation,0.7419480740268579,0.7689801352822221,0.7690656394716053,0.7023022324051335,0.7790101661792049,0.869563267504864,1.0200136812389125,0.8344645482960977,0.739980213145354,0.7320125752654896,0.7400657173347372,0.8073096098373953,0.8857664823795836,0.9853676191789411,0.8344645482960977,0.7480333552146017,0.7320125752654896,0.7320125752654896,0.7382679110315983,0.8387365287621107,0.9773144771096934,0.8344645482960977,0.7700451004029258,0.7620774625230614,0.6930357637172644,0.7667717637310947,0.8653173579980473,0.9687701658915766
FOODS_3_678_TX_3_validation,0.5010892643398844,0.5709547539532314,0.4534276374907324,0.534854726531353,0.573987866541626,0.7408040251673745,0.8279893818886782,0.8459993946344367,0.7884057332993085,0.7804380954194441,0.7804380954194441,0.825670242733778,0.989621105814053,1.0924548270390049,0.780971677240487,0.6411140281462598,0.6865728462791265,0.6865728462791265,0.7382679110315983,0.8322736113239728,0.9241521220805184,0.713359677746807,0.6269284846653109,0.6189608467854465,0.6189608467854465,0.6641929940997804,0.8056920855307356,0.9075546687931552
FOODS_3_679_TX_3_validation,2.3465464734058528,2.0671884054303162,2.128292025300804,2.259386430581832,2.248209802236959,2.539437484050785,2.7735481952513505,2.2579194563169995,1.9614607485387632,1.9534931106588989,2.007294434866658,2.0440447336128584,2.4262689592040028,2.5185572813358372,2.192225976682859,1.9183054069851673,1.910337769105303,1.910337769105303,1.9696546024805852,2.2711176085569944,2.3970624966762752,2.111124426270172,1.7655454822666932,1.8340205892305137,1.879476466442822,1.9834845435148618,2.3162952133417667,2.440250173022288
FOODS_3_680_TX_3_validation,0.31990981274542957,0.33669095917054936,0.38633519112449854,0.3963274929170564,0.420490520665903,0.4883115310511608,0.5493628903492528,0.5978914347448766,0.5350522038453074,0.5387251016625291,0.5985846872491687,0.6348439437814859,0.7818785324655932,0.8713669922206464,0.7388518035197977,0.6630536318785191,0.5140290198654024,0.5140290198654024,0.5921303752928684,0.6848282304697492,0.7607283653032693,0.630020112813572,0.5573866577073909,0.5494190198275265,0.5682120342255101,0.6029712226911152,0.6761642152215747,0.7666558934780037
FOODS_3_681_TX_3_validation,14.962639159189427,15.186129138360753,14.530903525691636,14.311773689324207,16.741150303775328,19.74744093921052,19.23887203039317,16.37504841265402,14.968463468523822,15.227543395983432,15.028004004482597,17.211812528059937,19.74744093921052,20.619252031119004,16.704247854816014,14.78131491628745,14.884129859495266,14.91323332621612,16.282417274945878,18.548530419537176,19.18271675842249,16.14640555443233,14.739820610302132,14.427107397775917,13.985548640212162,16.351755785235724,18.823837919206944,19.18271675842249
FOODS_3_682_TX_3_validation,7.528312289977141,7.120625875417241,6.7560285464383245,6.7560285464383245,7.271489467367462,8.822844958084351,9.605431708776893,8.53800527729146,7.239305741663982,6.917118793386115,7.243956471838825,7.605198680657988,9.642227335210743,10.08103496832387,8.337150284222517,7.291820110621688,6.961810928996781,6.961810928996781,7.586990489049223,9.360963275335337,10.030704060775095,8.332272888211522,7.086750587548575,6.610757765960153,6.7938400484695185,7.235937326012596,8.797478684725114,9.442767047626313
FOODS_3_683_TX_3_validation,2.0769357796061207,2.0120049430671747,2.004037305187311,1.9506408872308398,2.1532900909238935,2.419262931561347,2.7035820159425277,2.5122484355104593,2.275275205363653,2.1161906083328192,2.128829261231891,2.1650235417666557,2.5965986482085768,2.848087328341142,2.441516753065291,2.033769304965151,1.9941225190521095,1.9941225190521095,2.042339343477634,2.3025626320081254,2.4285075201274062,2.0262787394763366,1.901707953697804,1.8971658532907556,1.8971658532907556,1.9167125161679046,2.207196410994494,2.440250173022288
FOODS_3_684_TX_3_validation,1.012955731920098,0.9226324197212018,0.971062312341015,1.2314748105388078,1.2718963768026508,1.3187716929646989,1.390812110817388,1.03671023930403,0.9502790462225353,0.9387295990113074,0.9387295990113074,0.9875435556570038,1.1795552076575495,1.2739561692508272,0.9704092966354785,0.89531569647903,0.8954906460878247,0.8954906460878247,0.998350749951479,1.2140177833386274,1.3504268771695915,1.1870299584066963,1.0730932752053473,1.0639568747063584,1.0673824121791742,1.122091156734072,1.3290513767906456,1.3818970916319495
FOODS_3_685_TX_3_validation,1.1034452411347233,1.1144891796545038,1.1113692686594663,1.1123216602952555,0.9982448965978277,1.270110290161449,1.4690371188740112,1.1900626667626464,1.0417665439155341,0.9957758466078438,0.9957758466078438,1.041007993922178,1.253858448726186,1.3984945449193127,1.1450277073688753,1.0417665439155341,1.0805543279937215,0.9957758466078438,1.041007993922178,1.1896630292430304,1.3534595855255418,1.108219750337267,1.0037434844877087,0.9833798642955557,0.9833798642955557,0.9909104994586996,1.2004530384072145,1.30005417520657
FOODS_3_686_TX_3_validation,0.2618436300934278,0.319469056039671,0.27622227347901507,0.28469574349784776,0.32162012112927024,0.42761996895879884,0.5493628903492528,0.5624409317754875,0.5385123582144751,0.5327998997273351,0.5327998997273351,0.5655990018904844,0.744797484395373,0.8317390990108381,0.6793191185426894,0.613141665948938,0.6457579298786035,0.491580555788349,0.536812703102683,0.630934904542117,0.6692447623926172,0.5622327419798335,0.4831952055471249,0.47643874288238236,0.5093079509955144,0.5545400983098483,0.6697601338950471,0.7414587977534924
FOODS_3_687_TX_3_validation,0.4399903763693169,0.46300442724936347,0.4459377224691375,0.43490590644719523,0.4953811045948949,0.5927755717239279,0.6831375485065023,0.7232200312855797,0.6368719381460958,0.6629846835944853,0.7057033623501185,0.7885257866474723,0.9346881017202794,1.0311962694806593,0.713359677746807,0.6269284846653109,0.6189608467854465,0.6723873027981778,0.7240823675506496,0.824550985281162,0.9176892046423806,0.713359677746807,0.6269284846653109,0.6021484220123956,0.6189608467854465,0.6537200352510516,0.7480641585429295,0.847665295342286
FOODS_3_688_TX_3_validation,5.211660614342875,4.729302501868147,4.619083960224701,4.555039608089973,4.7291167220280075,5.462318059455245,5.616658005602387,4.387048921337876,3.756232525600653,3.62473283191583,3.658052329454686,3.74655904820509,4.5983860447585165,4.771040660208865,3.9329825573432013,3.4351373193028376,3.403589437717517,3.403589437717517,3.765100875673354,4.40320456373442,4.698654197598962,3.983456656736874,3.4759440399990615,3.4527331261454317,3.4527331261454317,3.805237063708287,4.530731882804392,4.881157435894436
FOODS_3_689_TX_3_validation,0.7425929660585413,0.6662904800948026,0.6379908109016834,0.6045548137162533,0.6995599092161241,0.7397009111094419,1.0643562650524838,0.8748369263808046,0.7884057332993085,0.7804380954194441,0.794623638900393,0.8416708047436037,0.7788471553112416,0.9318747481233293,0.7874345946786249,0.7010034015971288,0.6331463902663954,0.6723873027981778,0.7176194501125117,0.8180880678430241,0.9241521220805184,0.8122258627459014,0.733847811733653,0.7354959367298242,0.7054310494722523,0.7639914651213232,0.8549834856112716,0.9907819110799027
FOODS_3_690_TX_3_validation,0.3558409999889512,0.35674757623711617,0.42491360465463746,0.372926425540261,0.4850708624794104,0.5721347315540114,0.7271203869504682,0.735556655533462,0.6236483363666224,0.6379159915163801,0.6397310100452569,0.6849631573595908,0.8659655572850246,0.7278591571901372,0.6326922270759855,0.5885728533638832,0.5468982279785345,0.5818163906991408,0.6270485380134747,0.6848282304697492,0.7580562510408557,0.630020112813572,0.5509825763808633,0.5494190198275265,0.544226113716121,0.5946511671418604,0.6761642152215747,0.7666558934780037
FOODS_3_691_TX_3_validation,0.35251816881337195,0.34392889555837886,0.3499911135723739,0.3584645835912067,0.3430941835567367,0.5114782897712478,0.5812340320473244,0.6421088590940984,0.5781935329112603,0.592056266960282,0.61689187370188,0.6621240210162139,0.8283752803020047,0.7607283653032693,0.6326922270759855,0.5536546906432769,0.5468982279785345,0.49300490205090225,0.5006467723822163,0.5933446275590971,0.6902688802071173,0.5951019500929654,0.5160644136602568,0.5093079509955144,0.5093079509955144,0.5894582610304548,0.6697601338950471,0.74786287908002
FOODS_3_692_TX_3_validation,1.7800992028336915,1.5938109023967024,1.4075309653340942,1.3928848920026662,1.4191107831864114,1.6350860200077366,1.792685081850558,1.5403943170515013,1.3728097538120645,1.3288977915528914,1.3113107003572755,1.2570236131051968,1.4748443238846043,1.5137214417641764,1.4019579069066024,1.213633147214279,1.2424622830480228,1.2901735680833863,1.3922909228338145,1.6887579704663322,1.8463570323091532,1.6386914338919683,1.4612682390630582,1.3630595892451742,1.2434519209562755,1.3042866219676217,1.6184885667203734,1.7585005373675786
FOODS_3_693_TX_3_validation,0.12103054063004666,0.29605662429926655,0.27622227347901507,0.2874647915878658,0.32162012112927024,0.42761996895879884,0.5493628903492528,0.5544683686917882,0.5385123582144751,0.5327998997273351,0.5293397453581674,0.5655990018904844,0.7619833567347615,0.8501087413651423,0.6790282613062965,0.6062791752513776,0.6457579298786035,0.491580555788349,0.536812703102683,0.630934904542117,0.6591754758211157,0.5412086241653334,0.4621710877326235,0.47643874288238236,0.47643874288238236,0.5545400983098483,0.6348419711744405,0.7414587977534924
FOODS_3_694_TX_3_validation,20.66326595774536,21.00584883134227,19.860238479466528,19.883639471447676,21.990218552789308,25.735996945320345,27.19081142698255,21.742588465010375,20.74887230988566,20.78417196771048,21.482557314184305,23.388280788993185,27.990645757392265,28.593826855224897,22.41798456482329,20.81851263051388,20.851196284511772,21.104216858882648,23.320045972730917,27.922410941129996,28.52559203896263,22.41798456482329,20.81851263051388,20.851196284511772,21.104216858882648,23.320045972730917,27.922410941129996,28.52559203896263
FOODS_3_695_TX_3_validation,6.170423861628991,4.9593875898711515,4.8682360040357135,4.998865754223743,5.396498884040705,6.534497104786294,7.0918314006907,5.521823057225427,5.0258555074631905,5.020309889123073,5.020309889123073,5.339594195058256,6.4594796909958125,6.926817406168581,5.759132114885126,5.178150229507689,5.020309889123073,5.086998643672251,5.507433102868371,6.663921147046899,7.042688823085998,5.759132114885126,5.111461474958511,5.020309889123073,5.086998643672251,5.507433102868371,6.599611470499627,7.042688823085998
FOODS_3_696_TX_3_validation,0.17599097796215424,0.33776992930959127,0.3150219740831833,0.32626449219203413,0.32162012112927024,0.42761996895879884,0.5493628903492528,0.5544683686917882,0.5350522038453074,0.5387251016625291,0.5387251016625291,0.5923099963715481,0.7803529990890656,0.8501087413651423,0.6790282613062965,0.6598142670870891,0.6548728229512235,0.6457579298786035,0.527697810030063,0.6295105582795638,0.7068350393756371,0.5787989011483533,0.4831952055471249,0.47643874288238236,0.5093079509955144,0.5545400983098483,0.6697601338950471,0.74786287908002
FOODS_3_697_TX_3_validation,5.115046260527094,4.351489626337578,4.254768876180465,4.350292254419469,4.840672365567551,5.943645585973658,6.123700358356016,5.116827703900005,4.623877880005839,4.515892844918134,4.656721743065776,4.976006049000959,5.943645585973658,6.264529256503659,5.257656602047647,4.664689380945639,4.656721743065776,4.656721743065776,4.976006049000959,5.830431608578932,6.246838657347935,5.239966002891923,4.551475403550913,4.6424566813828685,4.6424566813828685,4.979431586473775,5.925954986817934,6.246838657347935
FOODS_3_698_TX_3_validation,1.5708315599731584,1.7563364592584947,1.694012301091453,1.7219763420533716,1.8660330752269436,2.2812346020580443,2.39082468223684,2.023221621578844,1.7779414645789817,1.6453678598131272,1.5963658510403405,1.656785913721179,1.8970500856214854,1.9841750650912349,1.6798748286463754,1.4633598634598735,1.4682745385576463,1.4194479012007004,1.4708060049714826,1.6350860200077366,1.8843827486405476,1.632091983841491,1.4514859547237242,1.3796570425325374,1.4075739924645512,1.4972857747435504,1.7621957051561659,1.9166119327101303
FOODS_3_700_TX_3_validation,1.2815621368104613,1.2946134251511725,1.320988508749131,1.3421256410230202,1.4070757556762705,1.7126651313399797,1.8078554997931713,1.6064622498223855,1.4258562207046186,1.456400629821497,1.459583464110354,1.5077587335922793,1.7847816118411919,1.8843827486405476,1.632091983841491,1.5003125920806701,1.3648421159322002,1.3288977915528914,1.311407478014421,1.5662376026984839,1.7238366645413052,1.5228072258558856,1.2495774715935877,1.2424622830480228,1.298914718044987,1.4063071990609044,1.6009014755247577,1.6896521200583259
FOODS_3_701_TX_3_validation,0.6837483803656259,0.6972513747484412,0.612375859948475,0.6191232371759468,0.7444393104651086,0.7612263745398027,0.8484117312611063,0.852445863487843,0.7734083270551344,0.6189608467854465,0.6189608467854465,0.6641929940997804,0.7632440459335736,0.8504294026548772,0.713359677746807,0.6269284846653109,0.6189608467854465,0.6723873027981778,0.7176194501125117,0.7646616118302928,0.9176892046423806,0.713359677746807,0.6269284846653109,0.6189608467854465,0.6599913204858893,0.7169615115038503,0.8014906145556608,0.9010917513550173
FOODS_3_702_TX_3_validation,13.977599262874175,11.592402082762051,11.921502987620617,12.174618907619571,13.84470032551926,16.129533811444563,16.605580290475014,13.819663538148026,12.349142813775677,11.65174719326125,11.799005885403691,13.307868847816298,15.10497739575252,16.459295149697397,13.767697071784124,12.452792163630585,11.9026552352586,11.9026552352586,13.411518197671207,15.472849714447081,16.679908776249512,13.911236896961313,12.452792163630585,12.157703161146847,12.157703161146847,13.787180980882065,16.104440761756294,16.65867868007975
FOODS_3_703_TX_3_validation,0.7093562899245546,0.7370017739736888,0.7079971203824835,0.746826953921409,0.7982064776893205,0.9853533393467839,0.9961869175217114,1.0197685606472955,0.9333373675658002,0.9033579844976116,0.7620774625230614,0.8073096098373953,0.9077782275679077,1.0073793643672662,0.8564762934844219,0.8326057255191726,0.8535948099601843,0.8246380876393081,0.7852978646490711,0.9077782275679077,1.0073793643672662,0.8564762934844219,0.7700451004029258,0.7620774625230614,0.7620774625230614,0.7968366509886665,0.9713605287926197,0.9907819110799027
FOODS_3_704_TX_3_validation,2.9089935517236345,2.6599988032295108,2.6765457448636467,2.5408892649391435,2.694381759483332,3.193267066073301,3.4246180180563037,2.765299722540072,2.534129621740318,2.4547609086598268,2.316301016343026,2.411631193364691,2.8501904284000075,3.0942475139905756,2.5633780544390357,2.39017265520497,2.2847455606524862,2.2847455606524862,2.456734727574943,2.886502408302294,3.1431981467919337,2.6715780943087686,2.4449762771182324,2.42299188848065,2.283969627150227,2.388759189847132,2.886502408302294,3.23866329458992
FOODS_3_705_TX_3_validation,0.5390958331631358,0.47337819204190773,0.42491360465463746,0.43490590644719523,0.4953811045948949,0.5895264101542893,0.8946598805716212,0.756579198726963,0.7124598250148609,0.670785199629512,0.7083754766125321,0.7885257866474723,0.8970197468692799,0.9400506735896679,0.7959844942388599,0.6235478674645845,0.583355407614412,0.583355407614412,0.6473805693267295,0.7632440459335736,0.8504294026548772,0.713359677746807,0.6269284846653109,0.6189608467854465,0.6189608467854465,0.6537200352510516,0.7480641585429295,0.9010917513550173
FOODS_3_706_TX_3_validation,2.6006959196026034,2.4628865017883985,2.3590233961291855,2.424110451271742,2.6068559500239434,3.2084669165181516,3.3417969814816564,2.7500998720952214,2.534146833305643,2.5261791954257786,2.6134623678391895,2.7672147940281806,3.415306914724239,3.679206792733404,2.92856093610408,2.6048153408663652,2.596847702986501,2.509564530573089,2.7135058563664667,3.2881833495444073,3.5222637475406713,2.8332836258849254,2.6048153408663652,2.600273240459317,2.608960812076853,2.773992434302926,3.2881833495444073,3.408020564768939
FOODS_3_707_TX_3_validation,1.1662744758384598,1.039425662027454,0.9953176624048604,0.9879898117497802,1.064795145918825,1.298893408119957,1.495641070360894,1.236818088720698,1.092507065865325,1.1452634469052443,1.1750183597565065,1.3415316718541686,1.5963617965382317,1.7539608583810526,1.3878626354950592,1.285745223650962,1.298914718044987,1.298914718044987,1.283347427970076,1.5362545291905796,1.6200474034151369,1.3288379056745303,1.1365280459904676,1.1285604081106033,1.11446513669906,1.1710983667353316,1.3794424802741752,1.4790436170735308
FOODS_3_708_TX_3_validation,0.8957301197370459,0.8085902706361663,0.8295793550771783,0.8783667946336399,0.907507632851355,1.0778663553450254,1.203217901746939,1.0777995795297695,0.971252669791907,0.9632850319120426,0.9531186026371438,0.9407227934021586,1.1036167649475837,1.203217901746939,1.0075086064450127,0.9034582839676891,0.8954906460878247,0.7958307111620424,0.8410628584763763,1.0405282520351387,1.1812868979300726,0.9704092966354785,0.8037983490419068,0.7958307111620424,0.8246380876393081,0.8883539984257894,1.0870193116602205,1.186620448459576
FOODS_3_709_TX_3_validation,1.2138498187592932,1.0315257167975032,0.989804830278657,0.9603467239388058,1.031041897279843,1.250825740370236,1.3504268771695915,1.1900626667626464,0.9641189488729583,0.9561513109930939,0.9561513109930939,1.0013834583074284,1.2046545093822891,1.3042556461816446,1.0958237680249785,0.9883147938194705,0.9791783933204813,0.9497202869806298,1.0044290315355275,1.1730655759556672,1.2970214668506201,1.0885895886939536,0.9546552165045438,0.9365211493497805,0.9365211493497805,0.991229893904679,1.1974203300512642,1.2970214668506201
FOODS_3_710_TX_3_validation,0.27671686665858114,0.30939965559582344,0.3004653839964996,0.3089388540153323,0.3430941835567367,0.4931086474169433,0.56286438969302,0.5978914347448766,0.5350522038453074,0.5387251016625291,0.5387251016625291,0.6426444598165129,0.7803529990890656,0.8501087413651423,0.6790282613062965,0.6506993740144691,0.6457579298786035,0.491580555788349,0.5382370493652362,0.630934904542117,0.6902688802071173,0.5622327419798335,0.4831952055471249,0.47643874288238236,0.5093079509955144,0.5545400983098483,0.6697601338950471,0.74786287908002
FOODS_3_711_TX_3_validation,5.059942342684418,5.231531253086997,5.057231685672044,5.121443869981953,5.420908307542589,5.68016838599673,6.336905441420478,5.223814272571521,5.078406683744484,4.912538679490655,4.930288892202727,5.233748410076511,6.2838837693589245,6.807921623775487,5.8577203381572565,5.203558224170096,5.047569729426577,4.961963761931255,5.273694494089434,6.30454170406897,6.654315918424472,5.552508435001748,5.0258555074631905,4.831260986947093,4.931278384154934,5.250562690090118,6.256165727136925,6.6236305406481515
FOODS_3_712_TX_3_validation,0.642297602727361,0.6051795942422427,0.5716715647369228,0.5628522710604453,0.5570749465575542,0.6722427953104492,1.0078380444234059,0.8290876384305894,0.7518651205267576,0.583355407614412,0.6021484220123956,0.6285875549287459,0.7224965853207487,0.8171897345522524,0.713359677746807,0.61011605989226,0.6021484220123956,0.583355407614412,0.6473805693267295,0.7412895997187323,0.8171897345522524,0.713359677746807,0.6269284846653109,0.6189608467854465,0.6189608467854465,0.6537200352510516,0.8014906145556608,0.9010917513550173
FOODS_3_713_TX_3_validation,0.10096576248917655,0.319469056039671,0.27622227347901507,0.28469574349784776,0.3188510730392522,0.462236926708683,0.5493628903492528,0.5624409317754875,0.5385123582144751,0.5327998997273351,0.5327998997273351,0.5690591562596521,0.744797484395373,0.8317390990108381,0.6793191185426894,0.613141665948938,0.6526204205761639,0.6457579298786035,0.527697810030063,0.6295105582795638,0.7054106931130839,0.5412086241653334,0.4831952055471249,0.47643874288238236,0.5093079509955144,0.5545400983098483,0.6697601338950471,0.7414587977534924
FOODS_3_714_TX_3_validation,15.70243492280961,17.169378669485294,16.831398110160517,16.729146840237078,19.313541276077448,21.923772049664557,21.880422798281213,18.464870107837775,16.924040473099296,16.93144945741022,17.184470031781096,19.275155980375608,22.40808458340887,23.482905012232074,18.870382570164647,16.866296626403386,17.41612462510485,18.062290942001297,19.799274898009216,23.702545486736746,24.169246561469148,18.835847180633582,17.230834679444403,17.30699922172888,16.786978571146832,19.784335258755352,22.901377899756554,24.30355471108634
FOODS_3_715_TX_3_validation,1.7914890457573607,1.424303296978146,1.330806015000808,1.397473490367333,1.5440322414944427,1.823637506797495,1.9978703863887433,1.7455796215896866,1.5697041600158799,1.5080039458192689,1.5198778545554181,1.6292999260090433,1.8486649922231437,1.9607422863521056,1.7084515215530494,1.5153693351056763,1.507401697225812,1.5198778545554181,1.5802979172362566,1.9101431583255366,1.9607422863521056,1.7084515215530494,1.3846836625482137,1.3407717002890407,1.316501809240603,1.4518112401885341,1.710186233510363,1.9166119327101303
FOODS_3_716_TX_3_validation,0.9029040550860631,0.8875583802599947,0.8170301172638837,0.8240453109988384,0.8730828940350515,0.9185975259106791,1.0983784172221112,1.0981332966304915,1.058607963641903,0.9591229783249171,0.7958307111620424,0.903623483592623,1.0816857611307167,1.203217901746939,1.0075086064450127,0.9034582839676891,0.9531186026371438,0.8954906460878247,0.9325802059134994,1.1036167649475837,1.203217901746939,1.0075086064450127,0.9034582839676891,0.8954906460878247,0.8830946637755361,0.991229893904679,1.0650883078433535,1.1646894446427094
FOODS_3_717_TX_3_validation,0.9794430828388602,0.9324582061045572,0.9293382951095195,0.9756450861271472,0.9705753621107054,1.1570405767870633,1.203217901746939,0.8902295421234028,0.8037983490419068,0.8583913362782891,0.8583913362782891,0.9325802059134994,0.9603484975230646,1.140129388834494,0.9737553578060308,0.9034582839676891,0.8873480585991655,0.8873480585991655,0.9325802059134994,1.0405282520351387,1.1812868979300726,0.9993660189563537,0.9034582839676891,0.8830946637755361,0.9365211493497805,0.9336019373553593,1.170032867599717,1.186620448459576
FOODS_3_718_TX_3_validation,0.38121737029816655,0.32177843674792556,0.39763308202684583,0.4076253838194036,0.4809192626458405,0.5927755717239279,0.8322642301901425,0.5978914347448766,0.5869715075596069,0.5985846872491687,0.5985846872491687,0.6429398413720924,0.7818785324655932,0.9040138845910816,0.7388518035197977,0.6630536318785191,0.5140290198654024,0.5140290198654024,0.5921303752928684,0.6519590223566171,0.7607283653032693,0.630020112813572,0.5509825763808633,0.5494190198275265,0.5494190198275265,0.6029712226911152,0.6907557586444836,0.8049944176211461
FOODS_3_719_TX_3_validation,0.779377381052026,0.8265673715880146,0.883029313799675,0.8930216155922328,0.9571859716683764,1.138364120857101,1.2671677386368807,1.1419949990129254,1.0007107761317589,1.0307661976797198,1.0307661976797198,1.041007993922178,1.1896630292430304,1.3166516284939331,1.0023987273123038,0.8693916825141037,0.7738189659737185,0.7657658239044708,0.7758821729964261,0.9302836102654907,0.9773144771096934,0.8344645482960977,0.7480333552146017,0.7620774625230614,0.7620774625230614,0.8593972761049132,1.0125180378881988,1.1121191746875543
FOODS_3_720_TX_3_validation,0.3211619204255056,0.3538688121673668,0.4022526948522504,0.3581486554727847,0.330324504107255,0.4931086474169433,0.56286438969302,0.6183358766967673,0.5628072025039732,0.5792375862815446,0.6068225871303785,0.6520547344447124,0.8073511624875046,0.6902688802071173,0.5998230189628534,0.4831952055471249,0.47643874288238236,0.47643874288238236,0.5216708901967164,0.6472379534867291,0.7580562510408557,0.5951019500929654,0.5509825763808633,0.544226113716121,0.544226113716121,0.5894582610304548,0.6697601338950471,0.74786287908002
FOODS_3_721_TX_3_validation,0.26515358554103524,0.28193473196615493,0.3394519707022422,0.2874647915878658,0.32162012112927024,0.42761996895879884,0.5413903272655535,0.5544683686917882,0.5350522038453074,0.5387251016625291,0.5293397453581674,0.5749843581948462,0.7619833567347615,0.8501087413651423,0.6790282613062965,0.613141665948938,0.6457579298786035,0.491580555788349,0.536812703102683,0.630934904542117,0.6692447623926172,0.5622327419798335,0.5160644136602568,0.5093079509955144,0.5093079509955144,0.5545400983098483,0.6697601338950471,0.7414587977534924
FOODS_3_722_TX_3_validation,0.6099624407993897,0.4877126205213815,0.48764584719166604,0.5680976340803758,0.5643692641849589,0.7547185738778366,1.017805383287167,0.7232200312855797,0.7073314232422477,0.7354931232981117,0.7448326562484096,0.753607623926866,0.9319379095898862,1.0455632506545,0.8668128446616838,0.8083833411558359,0.6331463902663954,0.6331463902663954,0.6783785375807293,0.7774295894145224,0.8642627486296492,0.713359677746807,0.6803549406780423,0.6788502202363157,0.6788502202363157,0.752586220250146,0.8549834856112716,0.9765963675989522
FOODS_3_723_TX_3_validation,9.609307223559608,13.362197722451794,13.544480143981938,14.124329818019234,15.972776126855157,16.9595162409901,16.856069595593283,14.480477399317376,13.15513190861071,12.767221072442368,12.527634370361321,14.427683511953987,16.753693395854683,17.582071448163116,14.45296762492413,13.056417872586318,12.668507036417976,12.668507036417976,14.46732769222641,16.922651063778893,17.640301874931676,14.45296762492413,13.056417872586318,12.668507036417976,12.668507036417976,14.46732769222641,16.696895245290456,16.958165056795345
FOODS_3_724_TX_3_validation,0.5719666158972667,0.5721819824827047,0.5305073570973557,0.6030157968009822,0.7807252706124456,0.9346881017202794,1.0078380444234059,0.8318378305609826,0.752800294128274,0.7432936393331384,0.7782686534338397,0.7885826380275672,0.9687279422194627,0.83337173425497,0.7053355960276863,0.6262980595949776,0.6021484220123956,0.6189608467854465,0.6641929940997804,0.7646616118302928,0.8642627486296492,0.7667861337595383,0.6803549406780423,0.6664542379240271,0.7012295784971776,0.7593638605248916,0.8469303435420239,0.9465314803413803
FOODS_3_725_TX_3_validation,0.7295216395835308,0.6869802485066804,0.6658023159612065,0.6702949593422888,0.7471302603927565,0.7594113560109259,1.078269283558056,0.7667861337595383,0.6803549406780423,0.6723873027981778,0.6723873027981778,0.7240823675506496,0.8180880678430241,0.9241521220805184,0.7732490511976762,0.6868178581161801,0.6788502202363157,0.7178270317845409,0.7176194501125117,0.824550985281162,0.9241521220805184,0.7667861337595383,0.6868178581161801,0.6723873027981778,0.6723873027981778,0.7136094087019208,0.8079535319937987,0.9465314803413803
FOODS_3_726_TX_3_validation,0.9444518681711169,0.8983916046509718,0.8318458270338656,0.8667866517105701,0.8510711488467273,0.902718182134056,0.9961869175217114,1.0197685606472955,0.7700451004029258,0.7620774625230614,0.7620774625230614,0.8073096098373953,0.8857664823795836,1.0073793643672662,0.8564762934844219,0.8326057255191726,0.8246380876393081,0.8535948099601843,0.9069695447631774,1.0510464949924285,1.1506476317917844,1.0316503485784998,0.8910623016554006,0.8830946637755361,0.8788931928004614,0.9254593498667002,1.0239307987477755,1.0433521810350572
FOODS_3_727_TX_3_validation,2.4802224827076804,2.095605346782553,2.1408914789185824,2.207963446039554,2.4002774124971196,2.865390278844858,3.20813526617205,2.5568021080892787,2.3803737621134813,2.356146635853113,2.356146635853113,2.4533826247730137,2.890703879277369,3.0940031998105373,2.452294170390122,2.1824764112114954,2.1854044330658104,2.105913491169491,2.1933505869979038,2.7140647733509904,2.9655534534835555,2.3897615947772977,2.1726775181200075,2.1756055399743226,2.164709880240143,2.3221383413263568,2.8493089691699383,3.047401231346033
FOODS_3_729_TX_3_validation,2.0039925148717432,1.8087564052447265,1.8814329831836216,1.8408539227674348,1.8587412056560768,2.2028693750505246,2.2285154761661916,2.063800681995035,1.8585856803977412,1.8506180425178769,1.8506180425178769,1.920407834741888,2.2237938642818587,2.2690945365823794,2.063800681995035,1.7779414645789817,1.6453678598131272,1.5963658510403405,1.6162068533049918,1.9383866796259435,2.084978881874405,1.925979952472723,1.720764950875432,1.7127973129955676,1.6814249026842634,1.7930543064462234,2.0859731347595463,2.122289334480949
FOODS_3_730_TX_3_validation,0.6625326692380352,0.6481278907671523,0.6401602528872878,0.6401602528872878,0.6771016071400298,0.7475014271444688,0.7894651741911034,0.8506308449589662,0.7884057332993085,0.7448326562484096,0.76544068917527,0.8106728364896039,0.7632440459335736,0.8784482921105979,0.7275452212277558,0.6803549406780423,0.6788502202363157,0.6723873027981778,0.7176194501125117,0.7646616118302928,0.9176892046423806,0.7732490511976762,0.6868178581161801,0.7054310494722523,0.7054310494722523,0.7136094087019208,0.8469303435420239,0.9075546687931552
FOODS_3_731_TX_3_validation,0.9529937268553084,0.8327982711787749,0.8873912584151572,0.8825947320970524,0.8202182228776447,0.9345980879205046,1.0599496343224204,0.9366560479964955,0.8615624478400488,0.8617373974488435,0.8617373974488435,0.9069695447631774,0.9879579820799829,1.1287166279749175,0.9993660189563537,0.8663589741581535,0.8873480585991655,0.8873480585991655,0.9407227934021586,1.091220782635295,1.1908219194346505,0.9951126241327249,0.8910623016554006,0.8830946637755361,0.874952076286877,0.8931505247438942,1.0650883078433535,1.186620448459576
FOODS_3_732_TX_3_validation,1.4983657600948455,1.2826493556113683,1.3620699513369214,1.3608071261715564,1.4821289995731737,1.7531634244244236,1.9488683776159565,1.7503101891336466,1.6166952254649856,1.6692159391657577,1.608205514008982,1.6188269671603144,1.897747176013248,1.9358701467102108,1.6918540682656862,1.4955890475294562,1.4516770852702832,1.3749334979813235,1.4238942902565204,1.6692478177000196,1.8677852953531844,1.6154945305541277,1.3562123005247013,1.3944020766500038,1.36648512671799,1.4273198277293362,1.710186233510363,1.8677852953531844
FOODS_3_733_TX_3_validation,0.8777998832793671,0.7589878334896643,0.7596499478189603,0.7029907562695331,0.7619933364129251,1.1802272164588656,1.226540996913083,0.82641140622685,0.739980213145354,0.7400657173347372,0.7620774625230614,0.8073096098373953,0.8857664823795836,0.9853676191789411,0.8344645482960977,0.7480333552146017,0.7400657173347372,0.7400657173347372,0.7852978646490711,0.9077782275679077,1.0073793643672662,0.8564762934844219,0.7700451004029258,0.7620774625230614,0.8122421053270196,0.891706101227719,1.0344490417050654,1.1121191746875543
FOODS_3_734_TX_3_validation,5.065182989916286,4.251204143411232,3.9861785665703175,3.908895719002817,4.121983432614701,4.793309162723473,5.234913926570008,4.360971015132717,3.7312098962021794,3.6932892233179615,3.743498676041908,3.981314596309541,4.793309162723473,5.139062594092092,4.292680448230337,3.6758918916632823,3.6211403385322876,3.6211403385322876,3.909165711523867,4.781541047193349,5.127294478561968,4.292680448230337,3.625682438939336,3.621948462924698,3.6211403385322876,3.909165711523867,4.6976589169082095,5.023743160040127
FOODS_3_735_TX_3_validation,0.17531523171413102,0.37452284948258746,0.3644529555214282,0.3456459029124694,0.36041982173343856,0.5370676627814995,0.5500947102435383,0.6072767910492385,0.544437560149669,0.5387251016625291,0.5293397453581674,0.6449922048127257,0.744797484395373,0.8145532266714496,0.6609494761883853,0.613141665948938,0.6526204205761639,0.6457579298786035,0.536812703102683,0.6295105582795638,0.7068350393756371,0.5622327419798335,0.4831952055471249,0.5093079509955144,0.5093079509955144,0.5894582610304548,0.6697601338950471,0.74786287908002
FOODS_3_736_TX_3_validation,0.025168559336970375,0.4875324324384791,0.37107161851895815,0.30810817523825224,0.3188510730392522,0.5142241058230604,0.5800582488896228,0.6093241521977436,0.5385123582144751,0.5327998997273351,0.5327998997273351,0.6449922048127257,0.7816567399076761,0.8145532266714496,0.6609494761883853,0.6593768832409063,0.6526204205761639,0.6457579298786035,0.536812703102683,0.6295105582795638,0.7068350393756371,0.5622327419798335,0.4831952055471249,0.5093079509955144,0.5093079509955144,0.5894582610304548,0.6697601338950471,0.74786287908002
FOODS_3_737_TX_3_validation,0.3114682395365138,0.34516442918938206,0.34815635368022696,0.29616917456585057,0.330324504107255,0.4931086474169433,0.56286438969302,0.6183358766967673,0.5628072025039732,0.5792375862815446,0.5792375862815446,0.6520547344447124,0.8073511624875046,0.6692447623926172,0.5622327419798335,0.5160644136602568,0.47643874288238236,0.5093079509955144,0.5216708901967164,0.6143687453735972,0.6902688802071173,0.5951019500929654,0.5509825763808633,0.5093079509955144,0.5093079509955144,0.5545400983098483,0.6697601338950471,0.7414587977534924
FOODS_3_738_TX_3_validation,3.1255939246691007,2.83096740087634,2.830456166577299,2.8731940974283208,3.070546587284729,3.758881587360614,3.932354934941121,3.1648657911023594,2.8694710981220997,2.8766040838362748,2.88829472102236,3.073972124757545,3.7153028862149178,3.9206798488198977,3.0223913027456266,2.8674181153077494,2.8649289977150514,2.862876014900701,3.0506064014502363,3.613997614495067,3.910655681668567,3.153190704981136,2.726981058700505,2.862876014900701,2.8649289977150514,3.0506064014502363,3.693603632942364,3.910655681668567
FOODS_3_739_TX_3_validation,3.840449930645768,3.0641233128012257,3.2068624513270394,3.191708724413202,3.5342329316097074,4.261766738253004,4.621339607139245,3.668575059158487,3.2332608339901845,3.191708724413202,3.191708724413202,3.4193404693159346,4.078979820910663,4.356520175214235,3.594218550392143,3.2300733651806692,3.1430908936696764,3.1430908936696764,3.370722638572409,4.094133547824502,4.356520175214235,3.594218550392143,3.1663018075233063,3.2068624513270394,3.2068624513270394,3.434494196229772,4.094133547824502,4.356520175214235
FOODS_3_741_TX_3_validation,5.483231638319276,5.128886306678628,5.125908771565038,4.807696586523764,5.172312351479622,6.067436874887297,6.407489703250077,5.3531366803184,4.801912263011057,4.793944625131195,4.726495020366071,5.03822575252425,6.068176583497855,6.506451975117657,5.410423917507025,4.686086681313889,4.695809642589751,4.695809642589751,5.0150939485249335,6.137508602929375,6.592057942612979,5.613737881365914,4.976010130601169,4.763259247354874,4.74556864819915,5.085969090762874,6.120685198558477,6.470459412913979
FOODS_3_742_TX_3_validation,0.48004478963163105,0.47686413679563255,0.534854726531353,0.46173791418849935,0.5528582333131496,0.6949577085140319,0.7271203869504682,0.7914973614475695,0.7124598250148609,0.7057033623501185,0.7466476747772863,0.7918798220916202,0.9365031202491562,0.9747349002316755,0.8309595083395611,0.5886297047439781,0.6167914047998421,0.583355407614412,0.6285875549287459,0.7224965853207487,0.8171897345522524,0.670360581926985,0.61011605989226,0.6189608467854465,0.6021484220123956,0.6641929940997804,0.7522656295180042,0.847665295342286
FOODS_3_743_TX_3_validation,0.5367933213580283,0.5709547539532314,0.5726717613073217,0.61132272114092,0.5880091417815041,0.7422215910640937,0.9138565147197328,0.9347262998316738,0.8501101252790545,0.7178270317845409,0.7258801738537886,0.7711123211681224,0.9077782275679077,0.9773144771096934,0.82641140622685,0.739980213145354,0.7400657173347372,0.6930357637172644,0.6783785375807293,0.8322736113239728,0.8642627486296492,0.7667861337595383,0.6803549406780423,0.6723873027981778,0.6788502202363157,0.7176194501125117,0.8056920855307356,0.9075546687931552
FOODS_3_744_TX_3_validation,7.653347420877245,7.023850260329142,6.622645813265073,6.4395635307557075,6.936280723196481,8.517705035158631,8.968809676616946,7.302774290404007,6.24534222547923,6.188176147228734,6.188176147228734,6.665772362733425,8.174457777152748,8.747347663118985,7.157324549919875,6.210754078125221,6.1725289750791585,6.1725289750791585,6.665772362733425,8.174457777152748,8.747347663118985,7.157324549919875,6.210754078125221,6.1725289750791585,6.1725289750791585,6.665772362733425,8.174457777152748,8.747347663118985
FOODS_3_745_TX_3_validation,0.025168559336970375,0.4875324324384791,0.37107161851895815,0.30810817523825224,0.3188510730392522,0.5142241058230604,0.5800582488896228,0.6093241521977436,0.5385123582144751,0.5327998997273351,0.5327998997273351,0.6449922048127257,0.7816567399076761,0.8145532266714496,0.6609494761883853,0.6593768832409063,0.6526204205761639,0.6457579298786035,0.536812703102683,0.6295105582795638,0.7068350393756371,0.5622327419798335,0.4831952055471249,0.5093079509955144,0.5093079509955144,0.5894582610304548,0.6697601338950471,0.74786287908002
FOODS_3_746_TX_3_validation,1.9124830201564202,1.8371037215208474,1.7602097069486755,1.7602097069486755,1.7757866405679192,2.0392856509689583,2.2285154761661916,1.9425774057600862,1.7059899938514909,1.7293947662829308,1.7293947662829308,1.7967496250202069,2.1708188215533806,2.2925622386975864,2.0486545080309715,1.8014091666941912,1.8340205892305137,1.7533763734117542,1.9132869786950888,2.126552195175734,2.252497083295015,1.9665590128889103,1.7613440112916185,1.72200396310045,1.6814249026842634,1.709809639024045,2.0226881976815894,2.122289334480949
FOODS_3_747_TX_3_validation,0.7550019238368335,0.8416877708308349,0.7903528025834211,0.7886598433273552,0.8945193659989736,1.100935232985403,1.1632819486634325,1.0999483151593683,0.89531569647903,0.8954906460878247,0.8873480585991655,0.8410628584763763,1.0405282520351387,1.0599496343224204,0.9704092966354785,0.8037983490419068,0.7620774625230614,0.7620774625230614,0.7772447225798235,0.8857664823795836,0.9773144771096934,0.82641140622685,0.7480333552146017,0.7320125752654896,0.7320125752654896,0.7852978646490711,0.8953822452556192,0.9907819110799027
FOODS_3_748_TX_3_validation,0.49663966775156604,0.4855633932470114,0.5137250933028766,0.3939505433547613,0.5179400705925433,0.5721347315540114,0.7271203869504682,0.756579198726963,0.6775416622942544,0.6379159915163801,0.670785199629512,0.7554226424557428,0.7197463931903555,0.7983967201542688,0.670360581926985,0.5885728533638832,0.583355407614412,0.6021484220123956,0.6270485380134747,0.7197463931903555,0.7983967201542688,0.670360581926985,0.61011605989226,0.6021484220123956,0.583355407614412,0.6473805693267295,0.7288936174064438,0.8338319493675139
FOODS_3_749_TX_3_validation,0.8930210039825354,0.8359176932167149,0.8980021012657445,0.9080018860864529,0.8660677003000964,0.9327830693916278,1.2739561692508272,1.0535218092862761,0.8663589741581535,0.8583913362782891,0.7958307111620424,0.8410628584763763,0.9603484975230646,1.0599496343224204,0.9366560479964955,0.7700451004029258,0.7620774625230614,0.8246380876393081,0.869870234953642,1.029115491175562,1.1506476317917844,0.9737553578060308,0.8573090530164194,0.902767900710799,0.9365211493497805,0.9254593498667002,1.0650883078433535,1.186620448459576
FOODS_3_750_TX_3_validation,1.8959896473292621,1.9334635320631144,2.002978981934808,2.0380836674408,2.0120097940026853,2.3191334665655403,2.469254282413725,2.2850028127586186,2.071896229509969,2.0144429010811957,2.0144429010811957,2.159241557086445,2.5278765173965496,2.808728152365438,2.475752712953082,2.0813735327641636,1.9721640412690598,2.007294434866658,2.102607400322998,2.482060211850519,2.6529863898577766,2.280653867602306,1.949064766226473,1.9978454477938286,1.9978454477938286,2.0397787326294727,2.374025011490432,2.3928610257012
FOODS_3_751_TX_3_validation,1.1408934202381833,0.9977724681585214,0.989804830278657,0.8925523381145883,0.9675426537547555,1.1608799112845223,1.3136189201379833,1.0075086064450127,0.89531569647903,0.8954906460878247,0.8954906460878247,0.9407227934021586,1.18663032088708,1.286231457686436,1.1051870419813168,0.971252669791907,0.9927431382518946,0.9531186026371438,0.9407227934021586,1.0816857611307167,1.203217901746939,1.0075086064450127,0.8910623016554006,0.8830946637755361,0.8830946637755361,0.9336019373553593,1.0870193116602205,1.2696340043990728
FOODS_3_752_TX_3_validation,7.624577816304666,6.481184055034238,6.406744289178602,6.4822317083751075,7.156440716706473,9.02225512212434,10.357380942216743,8.61810384776214,7.52896929797599,7.307626364447621,6.98215928322976,7.027751167510177,8.979703523962929,9.749440000899689,8.137889728394725,6.738594512445164,6.345668495584381,6.311985492945365,6.7660209456230875,8.290474447031752,8.952043396700503,7.302774290404007,6.2264012502747965,6.169103437606342,6.169103437606342,6.662346825260609,8.174457777152748,8.94265943761817
FOODS_3_753_TX_3_validation,1.2881998641590693,1.256885846351074,1.2191397308800709,1.1892613959962752,1.299039820077432,1.5711098235929564,1.8078554997931713,1.6064622498223855,1.4746828580615645,1.4307708958023915,1.4339537300912484,1.5077587335922793,1.8367910834869947,1.9488683776159565,1.6965776128169,1.4514859547237242,1.3288977915528914,1.2600493742436387,1.2138866853810293,1.4317073961604367,1.5137214417641764,1.3372487879950796,1.1489240283027562,1.1268611190113487,1.1268611190113487,1.1717313639251412,1.387629051240989,1.5437527359850536
FOODS_3_754_TX_3_validation,0.5609473894401564,0.4563147379143363,0.4562479645846212,0.46624026637717875,0.505754869387439,0.6282599568664833,0.949961161073334,0.7487786826919361,0.7046593089798342,0.6629846835944853,0.7432936393331384,0.7900648035627434,0.9534811161182631,1.078621481064233,0.7275452212277558,0.6411140281462598,0.6371234361130971,0.6183304217151132,0.6285875549287459,0.7412895997187323,0.8504294026548772,0.713359677746807,0.6269284846653109,0.6189608467854465,0.6723873027981778,0.7071464912637829,0.8079535319937987,0.9465314803413803
FOODS_3_755_TX_3_validation,1.5667792706326429,1.7978108876098517,1.7243007708799403,1.8008314101862384,1.7314425340872424,2.021127161849843,2.2916354865016126,1.845084099387637,1.7059899938514909,1.7293947662829308,1.7293947662829308,1.8798287743257012,2.1025705880469108,2.2285154761661916,1.9425774057600862,1.8180066199815543,1.81003898210169,1.8506180425178769,1.920407834741888,2.0383527878035252,2.0862322916098153,1.845084099387637,1.7059899938514909,1.6565104323900057,1.7169987839706422,1.6547359032290496,1.8846541033091968,2.02905577790626
FOODS_3_756_TX_3_validation,8.364981068845884,7.2892127195874945,7.07956434158875,7.135768895650304,7.862561869550726,10.177512745622918,10.224735707288845,8.458593846661454,7.413263673060626,7.083254491435718,7.083254491435718,7.726642243096926,9.779568487948762,10.488491027577217,8.722349166949828,7.692246639108982,7.670958994213255,7.660516684656073,8.285696244708523,10.043323808237133,10.495263859287627,8.465366678371865,7.406904086833669,7.428300361497193,7.101462683044484,7.726642243096926,9.779568487948762,10.224735707288845
FOODS_3_757_TX_3_validation,7.274090103343332,6.24534222547923,6.1725289750791585,6.1725289750791585,6.630721467656059,7.914544993397519,8.673113898184102,7.157324549919875,6.210754078125221,6.1725289750791585,6.1725289750791585,6.665772362733425,8.174457777152748,8.747347663118985,7.380766745922295,6.337623243678267,6.299398140632205,6.371292380762682,6.665772362733425,8.174457777152748,8.747347663118985,7.157324549919875,6.210754078125221,6.1725289750791585,6.1725289750791585,6.665772362733425,8.174457777152748,8.747347663118985
FOODS_3_758_TX_3_validation,0.025168559336970375,0.4875324324384791,0.37107161851895815,0.30810817523825224,0.3188510730392522,0.5142241058230604,0.5800582488896228,0.6093241521977436,0.5385123582144751,0.5327998997273351,0.5327998997273351,0.6449922048127257,0.7816567399076761,0.8145532266714496,0.6609494761883853,0.6593768832409063,0.6526204205761639,0.6457579298786035,0.536812703102683,0.6295105582795638,0.7068350393756371,0.5622327419798335,0.4831952055471249,0.5093079509955144,0.5093079509955144,0.5894582610304548,0.6697601338950471,0.74786287908002
FOODS_3_759_TX_3_validation,1.0005752181586276,0.9034582839676891,0.8954906460878247,0.8954906460878247,0.9325802059134994,1.1036167649475837,1.203217901746939,1.0075086064450127,0.9034582839676891,0.8954906460878247,0.8873480585991655,0.9407227934021586,1.1036167649475837,1.286231457686436,1.0777995795297695,0.9034582839676891,0.8954906460878247,0.8954906460878247,0.9302498345534298,1.170032867599717,1.186620448459576,0.9909111531576501,0.8868608306803258,0.8823187302732775,0.8823187302732775,0.9370274748281754,1.0870193116602205,1.186620448459576
FOODS_3_760_TX_3_validation,2.7116066114218116,2.320178783961134,2.280544089677411,2.353117192577457,2.4739210018042717,2.8487928255574935,3.1915378128846856,2.6001770191081417,2.3735752019176055,2.280544089677411,2.280544089677411,2.460160265047759,2.886502408302294,3.1431981467919337,2.6715780943087686,2.4449762771182324,2.355370702350854,2.355370702350854,2.460160265047759,2.98196755610028,3.23866329458992,2.66210134360723,2.320178783961134,2.283969627150227,2.283969627150227,2.388759189847132,2.98196755610028,3.23866329458992
FOODS_3_761_TX_3_validation,0.7667990474803796,0.655928406802179,0.6479607689223146,0.6621463124032635,0.7051983979333262,0.7788471553112416,0.8784482921105979,0.7667861337595383,0.6868178581161801,0.7178270317845409,0.6788502202363157,0.7240823675506496,0.824550985281162,0.9176892046423806,0.7732490511976762,0.6868178581161801,0.6788502202363157,0.7178270317845409,0.7176194501125117,0.824550985281162,0.9241521220805184,0.8122258627459014,0.7257946696644053,0.7054310494722523,0.7092827205664253,0.7639914651213232,0.8549834856112716,0.954584622410628
FOODS_3_762_TX_3_validation,0.2342873159187971,0.39791385512486677,0.41834628144906044,0.42681975146789314,0.4330836833650343,0.6128044557021701,0.7271203869504682,0.735556655533462,0.6775416622942544,0.7057033623501185,0.670785199629512,0.7207384158137339,0.8988347653981567,0.9747349002316755,0.7631152861257278,0.6630536318785191,0.5140290198654024,0.5468982279785345,0.5592611671797363,0.6519590223566171,0.7278591571901372,0.5951019500929654,0.5509825763808633,0.544226113716121,0.5494190198275265,0.5946511671418604,0.6949572296195583,0.8049944176211461
FOODS_3_763_TX_3_validation,0.26515358554103524,0.28193473196615493,0.3394519707022422,0.3494442724947999,0.3736073002436465,0.48033896796746134,0.5500947102435383,0.6072767910492385,0.5350522038453074,0.5387251016625291,0.5387251016625291,0.6426444598165129,0.7818785324655932,0.8577786672991133,0.7406668220486745,0.49976136471564475,0.491580555788349,0.49300490205090225,0.5382370493652362,0.5933446275590971,0.6692447623926172,0.5622327419798335,0.5160644136602568,0.5093079509955144,0.544226113716121,0.5789853021817261,0.6697601338950471,0.74786287908002
FOODS_3_764_TX_3_validation,4.78735798941441,4.163749760225203,4.0485893432524795,4.087691520297297,4.199318173796509,4.828468868737554,5.294902833004258,4.018923418852193,3.4759684339405497,3.430093134885212,3.385209371852738,3.668133582887635,4.5320621589228915,4.858146402054808,4.082208707894017,3.377191988841916,3.5180198151091178,3.535880504163289,3.8727383063818404,4.6642615997142896,5.089225039646621,4.352299394341189,3.7245819966154676,3.756467301350446,3.756467301350446,3.9593751642478137,4.702331038629636,5.048084469998256
FOODS_3_765_TX_3_validation,1.2691771519514938,1.116532678769979,1.1085650408901147,1.1109206377190417,1.219134354546271,1.4317073961604367,1.5137214417641764,1.3878626354950592,1.1995378758027357,1.1915702379228714,1.2901735680833863,1.3415316718541686,1.5963617965382317,1.8463570323091532,1.6386914338919683,1.4580854047742013,1.4141734425150283,1.390976539177188,1.4518112401885341,1.710186233510363,1.7760876285631948,1.4549484464548854,1.3202679761453926,1.3123003382655283,1.2258648297606596,1.2866995307720057,1.6009014755247577,1.7585005373675786
FOODS_3_766_TX_3_validation,0.3442427733124572,0.35816502159801583,0.40958603123639425,0.4195783330289521,0.43676622203711873,0.5370676627814995,0.6509647030387551,0.6421088590940984,0.5910122135899976,0.6068225871303785,0.6068225871303785,0.6621240210162139,0.8055361439586278,0.9418656921185447,0.7631152861257278,0.5536546906432769,0.5140290198654024,0.5468982279785345,0.5921303752928684,0.7197463931903555,0.7983967201542688,0.6364241941400995,0.5573866577073909,0.5682120342255101,0.5682120342255101,0.5946511671418604,0.6761642152215747,0.7666558934780037
FOODS_3_767_TX_3_validation,0.025168559336970375,0.4875324324384791,0.37107161851895815,0.30810817523825224,0.3188510730392522,0.5142241058230604,0.5800582488896228,0.6093241521977436,0.5385123582144751,0.5327998997273351,0.5327998997273351,0.6449922048127257,0.7816567399076761,0.8145532266714496,0.6609494761883853,0.6593768832409063,0.6526204205761639,0.6457579298786035,0.536812703102683,0.6295105582795638,0.7068350393756371,0.5622327419798335,0.4831952055471249,0.5093079509955144,0.5093079509955144,0.5894582610304548,0.6697601338950471,0.74786287908002
FOODS_3_768_TX_3_validation,1.0015966979459319,0.9374471606452272,0.9396459520402614,0.989804830278657,1.031041897279843,1.1036167649475837,1.203217901746939,1.0075086064450127,0.9034582839676891,0.8954906460878247,0.8954906460878247,0.9407227934021586,1.0816857611307167,1.140129388834494,0.9704092966354785,0.8037983490419068,0.7958307111620424,0.7958307111620424,0.8190511132880524,0.9077782275679077,1.0073793643672662,0.8564762934844219,0.820209743206884,0.8122421053270196,0.836997356672821,0.8627493789068428,1.0125180378881988,1.1121191746875543
FOODS_3_769_TX_3_validation,2.932020808627751,2.6884773614547446,2.609736745579112,2.61501810161549,2.782979378061425,3.319862667514258,3.5264652185157463,2.862006640648712,2.622985739495354,2.680492512009556,2.8187810804560756,2.841322663260553,3.415306914724239,3.758812811180701,3.0147482148663687,2.770445957676634,2.8222066179288916,2.8222066179288916,2.9851852573406137,3.5278103357327786,3.744862384458982,3.010700665559541,2.6475377206525246,2.651683191863013,2.614242168113231,2.844748200733369,3.349832504330173,3.527545103577049
FOODS_3_770_TX_3_validation,0.129025878580382,0.29605662429926655,0.27622227347901507,0.28469574349784776,0.32162012112927024,0.462236926708683,0.5800582488896228,0.5624409317754875,0.5385123582144751,0.5327998997273351,0.5327998997273351,0.6449922048127257,0.7816567399076761,0.8145532266714496,0.6609494761883853,0.6410072408866021,0.6526204205761639,0.6457579298786035,0.527697810030063,0.6295105582795638,0.7068350393756371,0.5412086241653334,0.4831952055471249,0.47643874288238236,0.5093079509955144,0.5545400983098483,0.6697601338950471,0.7414587977534924
FOODS_3_771_TX_3_validation,0.26515358554103524,0.29605662429926655,0.27622227347901507,0.2874647915878658,0.32162012112927024,0.42761996895879884,0.5500947102435383,0.563172751669773,0.544437560149669,0.5560507398392308,0.5560507398392308,0.6429398413720924,0.7818785324655932,0.8713669922206464,0.7420911683112277,0.5207854825301448,0.5140290198654024,0.5468982279785345,0.5921303752928684,0.7197463931903555,0.7956465280238756,0.5622327419798335,0.4831952055471249,0.47643874288238236,0.5093079509955144,0.5545400983098483,0.6697601338950471,0.74786287908002
FOODS_3_772_TX_3_validation,6.859565508251695,5.783777936185233,5.7517113835939115,5.843470854498248,6.323396016415376,8.166272237626721,8.11053052022217,6.451051297443903,5.686752277189777,5.927657560434022,5.941105110987955,6.434348498642223,7.912257267139602,8.487434879363741,6.90397223073587,6.05286598241075,6.134052542528975,6.134052542528975,6.627295930183243,8.100224012217865,8.673113898184102,7.157324549919875,6.210754078125221,6.169103437606342,6.1725289750791585,6.665772362733425,8.174457777152748,8.747347663118985
FOODS_3_773_TX_3_validation,0.5820254123629198,0.6627245132409579,0.61132272114092,0.6045548137162533,0.6535923967524659,0.732358053755567,0.8465967127322295,0.8766519449096813,0.7902207518281853,0.6189608467854465,0.6189608467854465,0.7176194501125117,0.7646616118302928,0.9176892046423806,0.7732490511976762,0.6868178581161801,0.6788502202363157,0.6189608467854465,0.6641929940997804,0.7632440459335736,0.8504294026548772,0.713359677746807,0.6803549406780423,0.6723873027981778,0.6664542379240271,0.7559383230520755,0.8079535319937987,0.9010917513550173
FOODS_3_774_TX_3_validation,0.7249007878610849,0.616304364839717,0.6038675830507788,0.6686146354512407,0.7534548158111728,0.8321479635207522,0.9691644043042204,0.820279004815149,0.733847811733653,0.7478919190421127,0.6930357637172644,0.7382679110315983,0.8387365287621107,0.9318747481233293,0.780971677240487,0.6269284846653109,0.6723873027981778,0.6723873027981778,0.7176194501125117,0.7646616118302928,0.8504294026548772,0.713359677746807,0.61011605989226,0.6189608467854465,0.6189608467854465,0.6641929940997804,0.8056920855307356,0.9075546687931552
FOODS_3_775_TX_3_validation,0.1330922794263161,0.29605662429926655,0.27622227347901507,0.2874647915878658,0.32162012112927024,0.42761996895879884,0.5493628903492528,0.5544683686917882,0.5385123582144751,0.5327998997273351,0.5327998997273351,0.5690591562596521,0.744797484395373,0.8317390990108381,0.6793191185426894,0.5947720235946339,0.6063852032841957,0.6544354391050407,0.527697810030063,0.6295105582795638,0.7054106931130839,0.5412086241653334,0.4831952055471249,0.47643874288238236,0.47643874288238236,0.5545400983098483,0.6697601338950471,0.7414587977534924
FOODS_3_776_TX_3_validation,1.104561764395673,0.9373059329893839,0.9293382951095195,0.9263055867535696,0.9675426537547555,1.1085056214833136,1.1555364883275143,1.0075086064450127,0.9034582839676891,0.8954906460878247,0.8954906460878247,0.9407227934021586,1.1036167649475837,1.203217901746939,1.0777995795297695,0.971252669791907,0.9531186026371438,0.9632850319120426,0.9407227934021586,1.1742343385747915,1.2970214668506201,1.0885895886939536,0.9546552165045438,0.9365211493497805,0.8788931928004614,0.9336019373553593,1.0870193116602205,1.186620448459576
FOODS_3_777_TX_3_validation,0.6675406131800121,0.6894508587134143,0.6926866978412297,0.6926866978412297,0.7473828864269773,0.8677482489759872,1.1753204500282737,1.0179535421184187,0.9315223490369234,0.9253697296859358,0.8246380876393081,0.8073096098373953,0.9603484975230646,1.0599496343224204,0.9704092966354785,0.8326057255191726,0.8246380876393081,0.6331463902663954,0.6783785375807293,0.7788471553112416,0.9318747481233293,0.7874345946786249,0.6868178581161801,0.7178270317845409,0.7178270317845409,0.7606393623193937,0.8549834856112716,0.9765963675989522
FOODS_3_778_TX_3_validation,0.5832118997794636,0.5823396216441323,0.5638710487018959,0.5894114403273515,0.6306485073285374,0.769321843494592,1.0686537489941526,0.920462866358509,0.8482951067501777,0.8793042804185385,0.8934898238994872,0.9485901318119455,0.9077782275679077,1.0073793643672662,0.8564762934844219,0.7700451004029258,0.8246380876393081,0.8535948099601843,0.6783785375807293,0.7788471553112416,0.8784482921105979,0.780971677240487,0.7010034015971288,0.6788502202363157,0.7054310494722523,0.7639914651213232,0.8469303435420239,0.954584622410628
FOODS_3_779_TX_3_validation,0.2794859147485992,0.29340816303415773,0.36092603312970856,0.3709183349222665,0.3950813626711131,0.5498940861860258,0.56286438969302,0.6072767910492385,0.544437560149669,0.5560507398392308,0.5977076940577585,0.6426444598165129,0.7818785324655932,0.8713669922206464,0.7406668220486745,0.49976136471564475,0.5140290198654024,0.5140290198654024,0.5592611671797363,0.6143687453735972,0.6902688802071173,0.5951019500929654,0.5160644136602568,0.544226113716121,0.544226113716121,0.5841782082931316,0.6719627442464999,0.74786287908002
FOODS_3_780_TX_3_validation,0.6625326692380352,0.6092980572282266,0.6191232371759468,0.6658023159612065,0.699435797560004,0.8019557089867843,0.8622450772358783,0.7667861337595383,0.6803549406780423,0.6189608467854465,0.6723873027981778,0.6641929940997804,0.7632440459335736,0.8642627486296492,0.713359677746807,0.6803549406780423,0.6723873027981778,0.6788502202363157,0.7240823675506496,0.7646616118302928,0.9176892046423806,0.7667861337595383,0.6803549406780423,0.6788502202363157,0.6189608467854465,0.6641929940997804,0.8056920855307356,0.9010917513550173
FOODS_3_781_TX_3_validation,0.3933663371542735,0.35674757623711617,0.42491360465463746,0.4204440644981409,0.46404674466491036,0.5511106137395113,0.6942511788373363,0.68166332960583,0.6446724541811225,0.670785199629512,0.6726002181583888,0.7178323654727227,0.7197463931903555,0.7956465280238756,0.6676103897965918,0.5913230454942764,0.583355407614412,0.583355407614412,0.6473805693267295,0.7224965853207487,0.8171897345522524,0.670360581926985,0.5885728533638832,0.583355407614412,0.6021484220123956,0.6285875549287459,0.7288936174064438,0.8338319493675139
FOODS_3_782_TX_3_validation,6.716477117407772,6.040675589156815,6.202682458945512,6.002450486110753,6.572713051470385,8.32537779126487,8.650760179369792,7.157324549919875,6.210754078125221,6.1725289750791585,6.1725289750791585,6.665772362733425,8.174457777152748,8.747347663118985,7.157324549919875,6.210754078125221,6.299398140632205,6.1725289750791585,6.665772362733425,8.174457777152748,8.747347663118985,7.157324549919875,6.210754078125221,6.1725289750791585,6.1725289750791585,6.665772362733425,8.174457777152748,8.747347663118985
FOODS_3_783_TX_3_validation,2.2985281690470254,2.018046563153406,2.050040001551743,2.1321807136935194,2.450922895093222,3.1543824777397353,3.588419599773594,2.9372694138765385,2.6159042585546985,2.6805097235748803,2.680492512009556,2.837970560458624,3.34875261926887,3.4409147359278376,2.8492176265414026,2.4503325642274016,2.2344260117672814,2.247064664666353,2.2590968135207055,2.6395194969812015,2.8468014394964922,2.3223344994580555,2.037970775940226,2.079488828609271,2.0443841431032777,2.217554633556908,2.6493418403149955,2.946775230077765
FOODS_3_784_TX_3_validation,0.28757376785704925,0.2878826967382537,0.36092603312970856,0.3709183349222665,0.3950813626711131,0.5578666492697251,0.5812340320473244,0.6494194158008738,0.5781935329112603,0.5842557509252552,0.6090913576668533,0.6621240210162139,0.8265602617731279,0.9353296047197799,0.8309026569594662,0.7518651205267576,0.5818163906991408,0.583355407614412,0.6285875549287459,0.6519590223566171,0.7607283653032693,0.6326922270759855,0.5885728533638832,0.5494190198275265,0.5494190198275265,0.6029712226911152,0.6907557586444836,0.7666558934780037
FOODS_3_785_TX_3_validation,11.979170298290603,11.361643668677349,11.152628757079219,10.993979515490775,12.352652327309242,14.106752899691836,15.710513188348935,13.397039764759441,11.623975219658364,11.505316222124828,11.70092984407993,13.11856068052429,14.986342681589202,16.459295149697397,13.676123712970837,12.256424789548483,11.559029169034057,11.559029169034057,13.067892131446664,15.012259371525326,16.459295149697397,13.676123712970837,12.256424789548483,11.559029169034057,11.559029169034057,13.067892131446664,15.012259371525326,16.45455637069803
FOODS_3_786_TX_3_validation,0.6344970866923342,0.6192903590207844,0.5894114403273515,0.5894114403273515,0.6384490233635641,0.9534811161182631,1.0626209190544076,0.8748369263808046,0.7715933085262576,0.7822531139483209,0.7964386574292698,0.6783785375807293,0.7788471553112416,0.9318747481233293,0.7874345946786249,0.694540484158991,0.6788502202363157,0.6788502202363157,0.7176194501125117,0.7632440459335736,0.8642627486296492,0.7667861337595383,0.6868178581161801,0.6664542379240271,0.6664542379240271,0.7559383230520755,0.8469303435420239,0.9465314803413803
FOODS_3_787_TX_3_validation,5.035737201766518,4.236032370441248,4.311221615541815,4.322937720906986,4.773762002844241,5.230243990247939,5.735109518810915,4.862328916774333,4.004823405509543,3.7845245404014327,3.830532522150304,4.19349555452158,5.171040869260995,5.5167943006296145,4.416661034074082,3.866536859020338,4.016131601574665,4.016131601574665,4.326594915051131,5.286700116092849,5.755573569202783,4.995833800450779,4.326141802790928,4.221872073402562,4.221872073402562,4.532335386879027,5.477485230518905,5.7965085938283885
FOODS_3_788_TX_3_validation,0.7431754295380619,0.7460296455199196,0.7143216758008998,0.8124299530777365,0.8704083230418195,0.9717547672052621,1.100193435750988,0.9656127703173719,0.7700451004029258,0.7620774625230614,0.7620774625230614,0.8073096098373953,0.9077782275679077,1.0073793643672662,0.8344645482960977,0.7480333552146017,0.6930357637172644,0.6930357637172644,0.7772447225798235,0.8777133403103359,0.9853676191789411,0.8344645482960977,0.739980213145354,0.7320125752654896,0.7400657173347372,0.7968366509886665,0.8653173579980473,0.9687701658915766
FOODS_3_789_TX_3_validation,3.4347129720949297,2.8694710981220997,2.9365974259775802,2.9365974259775802,3.2399221771369886,3.888204020906061,3.9876087222080407,3.176556428288445,2.981682941697281,2.977140841290233,3.040912398947596,3.2047725861929655,3.921232413133351,4.183619040523092,3.4075289993727926,3.0937572043098642,3.025443546245453,2.9365974259775802,3.122274829712765,3.7705566734818374,4.150786460465914,3.245598631883572,2.8928368214294085,2.88829472102236,2.88829472102236,3.073972124757545,3.7153028862149178,3.932354934941121
FOODS_3_790_TX_3_validation,0.15437204289198503,0.32216933504530515,0.3004653839964996,0.32626449219203413,0.36041982173343856,0.4594911106568705,0.5812340320473244,0.6494194158008738,0.5781935329112603,0.5560507398392308,0.571873692768105,0.6175183056047842,0.7619833567347615,0.8501087413651423,0.7252634785982647,0.6616292856159659,0.491580555788349,0.491580555788349,0.527697810030063,0.6295105582795638,0.6692447623926172,0.5412086241653334,0.4831952055471249,0.47643874288238236,0.5093079509955144,0.5545400983098483,0.6697601338950471,0.74786287908002
FOODS_3_791_TX_3_validation,2.2488517440665166,1.9221232951981646,1.8712965597851339,1.8814329831836216,1.9699794542631899,2.250168861934231,2.4451049734147707,2.1235204085824613,1.8902099662637049,1.8822423283838405,1.8822423283838405,1.9099348758931591,2.211397881969569,2.444451643997363,2.0954249678609984,1.8882200378249452,1.8822423283838405,1.9071967985838842,1.9767069032401163,2.376380077139406,2.499969899609713,2.175897693673392,1.9706826920760983,1.9357706555574306,1.8937403158179398,1.9730067052825149,2.374025011490432,2.499969899609713
FOODS_3_792_TX_3_validation,2.9019215682690995,2.6480746688711396,2.5810908621779265,2.557323041432524,2.8018057227908137,3.4612560402774104,3.531746574552124,2.8672879966850897,2.6177043834589764,2.601049173961576,2.601049173961576,2.7067282160917214,3.2923848205194823,3.4409147359278376,2.8205249263575793,2.5217336394280285,2.581387187677961,2.581387187677961,2.6391070299619255,3.196070934205862,3.4122220357440143,2.8492176265414026,2.5893548255578254,2.513766001548164,2.513766001548164,2.7100803188936506,3.344551148293795,3.4367132649527625
FOODS_3_793_TX_3_validation,0.33439821894971633,0.34392889555837886,0.41045176270558315,0.4204440644981409,0.44958490271585605,0.5543597753091499,0.6654265449878094,0.6738628135708031,0.6446724541811225,0.6379159915163801,0.670785199629512,0.683148138830714,0.8659655572850246,0.7607283653032693,0.6676103897965918,0.5885728533638832,0.5468982279785345,0.5140290198654024,0.5382370493652362,0.6143687453735972,0.7231380883202492,0.5951019500929654,0.5509825763808633,0.544226113716121,0.5494190198275265,0.5946511671418604,0.6761642152215747,0.7666558934780037
FOODS_3_794_TX_3_validation,0.6924229823722527,0.7209233912565769,0.6543457963682365,0.6951902402345064,0.6404635593586352,0.7422215910640937,0.9138565147197328,0.8748369263808046,0.8418321893120398,0.8421424873991901,0.7320125752654896,0.7772447225798235,0.8857664823795836,0.9853676191789411,0.8344645482960977,0.7700451004029258,0.7620774625230614,0.7320125752654896,0.7772447225798235,0.8857664823795836,1.0073793643672662,0.8564762934844219,0.8326057255191726,0.7620774625230614,0.7496814802107729,0.7667717637310947,0.8653173579980473,0.9687701658915766
FOODS_3_795_TX_3_validation,1.347409389338193,1.0825509495443995,1.1083365603035162,1.0615811383454645,1.1257864753080553,1.253858448726186,1.3984945449193127,1.1450277073688753,1.0037434844877087,0.9957758466078438,1.0337989060356698,1.0790310533500036,1.253858448726186,1.3166516284939331,1.0808322878857197,0.906490992323639,0.8985233544437746,0.9561513109930939,0.998350749951479,1.18663032088708,1.203217901746939,1.0075086064450127,0.9486902582047196,0.9466875786246793,0.9365211493497805,1.0048218606523938,1.1974203300512642,1.2970214668506201
FOODS_3_796_TX_3_validation,0.3211619204255056,0.3538688121673668,0.4022526948522504,0.4022526948522504,0.3950813626711131,0.5498940861860258,0.5635230285286315,0.6421088590940984,0.5781935329112603,0.5985846872491687,0.5977076940577585,0.6429398413720924,0.7954668573871263,0.8832512973210247,0.5998230189628534,0.49976136471564475,0.5140290198654024,0.5140290198654024,0.5545400983098483,0.6143687453735972,0.7231380883202492,0.630020112813572,0.5509825763808633,0.5494190198275265,0.5370230375152379,0.5841782082931316,0.6907557586444836,0.74786287908002
FOODS_3_797_TX_3_validation,1.207791892100781,1.0051003188136023,0.9971326809337372,1.043439471951365,1.1202606017488506,1.277645600722833,1.4038506890090712,1.1450277073688753,1.0417665439155341,1.0337989060356698,0.9957758466078438,1.041007993922178,1.298893408119957,1.3984945449193127,1.1900626667626464,1.0037434844877087,1.0337989060356698,1.0805543279937215,1.0790310533500036,1.253858448726186,1.4328539845650758,1.1326317250565867,0.9913475021754201,0.9833798642955557,1.0172014527483066,1.0719101973032044,1.2372609954388227,1.3818970916319495
FOODS_3_798_TX_3_validation,0.26515358554103524,0.28193473196615493,0.3394519707022422,0.3494442724947999,0.3736073002436465,0.5221390875273597,0.5500947102435383,0.6072767910492385,0.544437560149669,0.5560507398392308,0.6063852032841957,0.6426444598165129,0.7818785324655932,0.8577786672991133,0.7406668220486745,0.49976136471564475,0.5140290198654024,0.5140290198654024,0.5592611671797363,0.6143687453735972,0.7231380883202492,0.5622327419798335,0.5160644136602568,0.544226113716121,0.544226113716121,0.5841782082931316,0.6719627442464999,0.74786287908002
FOODS_3_799_TX_3_validation,0.10096576248917655,0.35860482108430686,0.29963470521941954,0.30810817523825224,0.3188510730392522,0.45946787861866495,0.5800582488896228,0.5624409317754875,0.5385123582144751,0.5327998997273351,0.5327998997273351,0.6449922048127257,0.7816567399076761,0.8145532266714496,0.6609494761883853,0.6410072408866021,0.6526204205761639,0.6457579298786035,0.527697810030063,0.6295105582795638,0.7068350393756371,0.5412086241653334,0.4831952055471249,0.47643874288238236,0.5093079509955144,0.5545400983098483,0.6697601338950471,0.74786287908002
FOODS_3_800_TX_3_validation,12.517646134010645,11.527295298353808,11.261377608677831,11.345249781888368,12.95849424028783,15.012259371525326,15.999655134703124,13.578047671647075,12.256424789548483,11.559029169034057,11.559029169034057,13.160610155673858,15.10497739575252,16.459295149697397,13.676123712970837,12.349142813775677,11.65174719326125,11.65174719326125,13.160610155673858,15.012259371525326,16.45455637069803,13.676123712970837,12.349142813775677,11.65174719326125,11.65174719326125,13.160610155673858,15.10497739575252,16.459295149697397
FOODS_3_801_TX_3_validation,5.555518417053825,4.94614096667662,4.738697920227284,4.908780173754836,5.565662981794394,6.519194183538791,6.87392304514856,5.652525832209589,4.956523488031668,4.60997268445818,4.392665906474432,4.460806478460759,5.289104663175402,5.608698949424761,4.532934005053332,4.041145745760265,4.073212412678711,4.1702641735681265,4.480727487044592,5.489370481588745,5.7824487950370145,4.802232684817815,4.229090041901512,4.073212412678711,4.0953265141884305,4.405789827664896,5.523893709756048,5.932225361015143
FOODS_3_802_TX_3_validation,0.1396895851914896,0.3066306075058054,0.28769570454701787,0.3089388540153323,0.3430941835567367,0.4411214683025662,0.5812340320473244,0.594312073473559,0.5781935329112603,0.5387251016625291,0.5387251016625291,0.6175183056047842,0.7619833567347615,0.8317390990108381,0.6793191185426894,0.6506993740144691,0.6457579298786035,0.491580555788349,0.536812703102683,0.630934904542117,0.6902688802071173,0.5412086241653334,0.4831952055471249,0.47643874288238236,0.5093079509955144,0.5545400983098483,0.6697601338950471,0.7414587977534924
FOODS_3_803_TX_3_validation,0.9399655498698111,0.8634206661849174,0.855453028305053,0.855453028305053,0.9594000662660963,1.0005922989516303,1.1287166279749175,1.0075086064450127,0.8663589741581535,0.8583913362782891,0.7958307111620424,0.8190511132880524,0.8857664823795836,0.9853676191789411,0.8564762934844219,0.7700451004029258,0.7620774625230614,0.7620774625230614,0.7852978646490711,0.9077782275679077,1.0073793643672662,0.8564762934844219,0.820209743206884,0.7496814802107729,0.7496814802107729,0.8627493789068428,0.8911807742805444,1.0709616655919763
FOODS_3_804_TX_3_validation,25.17285864085957,23.72531707536502,23.533281436422275,22.34165253946782,25.349754947210474,30.244462773925314,33.07618977705621,27.049094579685026,25.10896894767244,24.671225859360185,25.16850928808327,27.95228251496122,35.2835248283669,36.44564632398593,27.70839313235239,25.235115693521017,24.655397898610808,25.167733966547967,26.890991810839434,32.948901846407054,34.9379669204625,26.56040470678109,24.318067745808605,23.28392806263379,23.368208156210148,26.398531107649596,32.492372351004974,32.65990685885674
FOODS_3_805_TX_3_validation,1.9660461887352436,1.837661191166407,1.81003898210169,1.81003898210169,1.944610873233899,2.2237938642818587,2.4451049734147707,2.063800681995035,1.8585856803977412,1.8926483822573694,1.894638310696129,2.0395631811013826,2.380581548114481,2.5662461628211872,2.2878023338168436,1.9499296928511292,1.9978454477938286,1.8937403158179398,1.9730067052825149,2.2669161375819193,2.3928610257012,2.0262787394763366,1.901707953697804,1.75680191088457,1.75680191088457,1.9167125161679046,2.207196410994494,2.333141299113775
FOODS_3_806_TX_3_validation,0.5601199509776359,0.5748540967451182,0.5142043081527436,0.5142043081527436,0.5554413751539296,0.6315730711622904,0.902460396606648,0.7237099906138311,0.6775416622942544,0.7432936393331384,0.7083754766125321,0.7903408051763491,0.933752928118763,0.7983967201542688,0.6891535963249686,0.61011605989226,0.6021484220123956,0.6189608467854465,0.6473805693267295,0.7632440459335736,0.8642627486296492,0.713359677746807,0.6803549406780423,0.6664542379240271,0.6599913204858893,0.7169615115038503,0.8014906145556608,0.9075546687931552
FOODS_3_807_TX_3_validation,3.8251311259396674,3.2422209265346678,3.1000169781453883,3.2200651302630066,3.4405903194971508,4.1062811091784965,4.435234323522094,3.7162777009787327,3.300626320118362,3.3727419199490614,3.429537733143204,3.717563106134784,4.483379501320613,4.965400766672112,4.205778580088021,3.4759440399990615,3.402813504215258,3.402813504215258,3.752072153409456,4.4693023152347005,4.661948150017124,3.8187794009330474,3.280979671333633,3.257768757480003,3.257768757480003,3.4193404693159346,4.078979820910663,4.341366448300397
FOODS_3_808_TX_3_validation,0.025168559336970375,0.4875324324384791,0.37107161851895815,0.30810817523825224,0.3188510730392522,0.5142241058230604,0.5800582488896228,0.6093241521977436,0.5385123582144751,0.5327998997273351,0.5327998997273351,0.6449922048127257,0.7816567399076761,0.8145532266714496,0.6609494761883853,0.6593768832409063,0.6526204205761639,0.6457579298786035,0.536812703102683,0.6295105582795638,0.7068350393756371,0.5622327419798335,0.4831952055471249,0.5093079509955144,0.5093079509955144,0.5894582610304548,0.6697601338950471,0.74786287908002
FOODS_3_809_TX_3_validation,5.962585243668752,5.4721658902116355,5.481627117171134,5.808238376834987,6.541976256475214,7.513566709412389,8.34709737387226,6.31723771941824,5.3925573957138235,5.181063581454092,4.984475334705461,5.188298166868001,6.387780606864417,6.657180020263955,5.521823057225427,4.925838110255348,4.934703921627751,5.020309889123073,5.339594195058256,6.4594796909958125,6.828423063184094,5.6218404544332685,5.0258555074631905,5.020309889123073,5.020309889123073,5.339594195058256,6.4594796909958125,6.976091420280809
FOODS_3_810_TX_3_validation,0.3760742246266231,0.4043895446915881,0.45177842442812444,0.45177842442812444,0.4953811045948949,0.5895264101542893,0.6654265449878094,0.6421088590940984,0.6057785337600942,0.61689187370188,0.6068225871303785,0.6621240210162139,0.8265602617731279,0.9418656921185447,0.7631152861257278,0.5536546906432769,0.5818163906991408,0.5818163906991408,0.6285875549287459,0.7224965853207487,0.7956465280238756,0.670360581926985,0.61011605989226,0.6021484220123956,0.6065648644731579,0.6369076104780007,0.7466465926462104,0.8338319493675139
FOODS_3_811_TX_3_validation,18.86469721745463,15.899544138959296,15.290779735796447,15.527596212644033,17.48069575138759,21.416828120206386,22.23323234039441,17.36017412424487,15.816272970893513,15.701422244264394,15.954442818635279,18.178160817468843,20.639013320826347,21.61559386073942,17.296273600112396,15.816272970893513,15.701422244264394,16.202676121723535,17.92992751438056,20.639013320826347,21.61559386073942,17.296273600112396,15.816272970893513,15.701422244264394,15.954442818635279,18.178160817468843,21.399993385815897,22.167876951378027
FOODS_3_812_TX_3_validation,0.8993206978020086,0.8763768264959684,0.8907373195857116,0.9244905682246928,0.8323144516611154,0.9204125444395559,1.0073793643672662,0.9366560479964955,0.8326057255191726,0.8535948099601843,0.8617373974488435,0.9069695447631774,1.0510464949924285,1.1287166279749175,1.0075086064450127,0.8663589741581535,0.8873480585991655,0.8873480585991655,0.903623483592623,0.9383367523347383,1.0379378891340965,0.8902295421234028,0.7700451004029258,0.8122421053270196,0.836997356672821,0.8627493789068428,0.9713605287926197,1.1121191746875543
FOODS_3_813_TX_3_validation,1.9103677845596934,2.3260463786503625,2.218222470590408,2.3801823568972376,2.250512511369111,2.5698189678529415,3.0451524495635613,2.738550366732013,2.4651280779347613,2.428399572873645,2.3750031549171737,2.537748544543312,2.823056371579199,3.0842513370558766,2.233041681913954,1.9570888795827635,1.8755863046253827,1.9445775279866397,1.828017347907303,2.250168861934231,2.3288142631698054,2.063800681995035,1.8902099662637049,1.8802523999450809,1.878040857408766,1.9780690776032863,2.314305284903007,2.467194571661091
FOODS_3_814_TX_3_validation,1.607574206639918,1.496079180900499,1.4499694208084086,1.456400629821497,1.3802558953236737,1.6350860200077366,1.8843827486405476,1.632091983841491,1.4235690047917104,1.3288977915528914,1.3288977915528914,1.3802558953236737,1.6350860200077366,1.8843827486405476,1.632091983841491,1.3728097538120645,1.162528581610247,1.2056655093344146,1.246550654256468,1.532053058215505,1.6896521200583259,1.3853604536192392,1.233832467640524,1.2047276974867704,1.277001652268839,1.3589734855540743,1.6009014755247577,1.7585005373675786
FOODS_3_815_TX_3_validation,0.1711078076663104,0.3405389773996093,0.3371724328936366,0.3456459029124694,0.38477904292274234,0.5543597753091499,0.6129677976150196,0.6594009716217488,0.5781935329112603,0.5560507398392308,0.5899071780227317,0.6429398413720924,0.7954668573871263,0.8814362787921479,0.7420911683112277,0.6630536318785191,0.5140290198654024,0.5140290198654024,0.5592611671797363,0.6519590223566171,0.7068350393756371,0.5622327419798335,0.4831952055471249,0.5093079509955144,0.5093079509955144,0.5894582610304548,0.6697601338950471,0.74786287908002
FOODS_3_816_TX_3_validation,0.911622406564549,1.1799507981569493,1.165103334267128,1.2001059781745367,1.3414638467609956,1.3190357935823631,1.4712072003368737,1.3568960594864017,1.2115275241393324,1.1063073940953994,1.1063073940953994,1.215293454415501,1.4522456491260898,1.5810492669058698,1.2313631352317136,1.0500502755053358,1.0420826376254715,1.080105697053297,0.9050306220763601,1.0435609603910885,1.1843196062860224,1.0023987273123038,0.9034582839676891,0.8954906460878247,0.8954906460878247,0.998350749951479,1.2016218010263389,1.3338294238822284
FOODS_3_817_TX_3_validation,0.3668249299776031,0.40203995140419624,0.3963274929170564,0.3494442724947999,0.41703036629673523,0.48033896796746134,0.5500947102435383,0.6072767910492385,0.5628072025039732,0.5560507398392308,0.5977076940577585,0.6429398413720924,0.7954668573871263,0.8832512973210247,0.5998230189628534,0.5207854825301448,0.5468982279785345,0.5140290198654024,0.5921303752928684,0.6472379534867291,0.7580562510408557,0.6364241941400995,0.5573866577073909,0.5494190198275265,0.5494190198275265,0.5841782082931316,0.6761642152215747,0.74786287908002
FOODS_3_818_TX_3_validation,2.4161525224087934,1.994575505606002,1.9445775279866397,1.9094728424806466,2.0791494191188518,2.5288848889110294,2.9106032618155577,2.2930498499145955,2.015262072746522,2.007294434866658,1.9721640412690598,2.092134441474269,2.5270415017384957,2.761152212939061,2.338031139802572,2.068977550451874,2.125403723759075,2.0568084415969348,2.2336188239287957,2.6493418403149955,2.9008305204475606,2.3504554382962293,2.048150310008067,2.0436082096010186,1.9941225190521095,2.1483977722979235,2.5228400307634207,2.7921306990780734
FOODS_3_819_TX_3_validation,0.6096215137861983,0.5606352095740804,0.5638710487018959,0.5706184259293678,0.5388752159854098,0.8563500227211209,0.9729198817027988,0.7941694757099831,0.6612386133496423,0.6544821506848999,0.6755062684994,0.7207384158137339,0.8641505387561478,0.9747349002316755,0.7959844942388599,0.7169469578061513,0.5818163906991408,0.5818163906991408,0.6285875549287459,0.7224965853207487,0.8171897345522524,0.713359677746807,0.6269284846653109,0.6189608467854465,0.6599913204858893,0.7104985940657125,0.8079535319937987,0.9075546687931552
FOODS_3_820_TX_3_validation,1.6612878512622617,1.6890220897123511,1.5712330342489316,1.6801789844465849,1.7876605493040685,1.9768107429350499,1.9500585039494476,1.6439658925776404,1.4633598634598735,1.4682745385576463,1.4682745385576463,1.5196326423284285,1.8336082491981378,1.8434443328302037,1.632091983841491,1.4514859547237242,1.459583464110354,1.4698618236070429,1.5255358595115387,1.7847816118411919,1.9363922202863504,1.6809186211984368,1.4514859547237242,1.3796570425325374,1.3951780101522626,1.50063787754548,1.7681841585538287,1.8677852953531844
FOODS_3_821_TX_3_validation,0.7913879717467431,0.7080172642180215,0.700049626338157,0.6935867089000192,0.7632727528553184,0.902718182134056,1.2069604652420007,0.9424489258744846,0.8560177327929885,0.854513012351262,0.8563280308801388,0.7772447225798235,0.8857664823795836,0.9853676191789411,0.7874345946786249,0.739980213145354,0.7320125752654896,0.6930357637172644,0.7772447225798235,0.8857664823795836,1.0073793643672662,0.8344645482960977,0.7480333552146017,0.7496814802107729,0.7496814802107729,0.8001887537905961,0.8911807742805444,0.9907819110799027
FOODS_3_822_TX_3_validation,1.5083133565463605,1.471417729616792,1.439857355462019,1.4923532859030948,1.52672598584503,1.7570810003507615,1.9075796519783876,1.6841014554872937,1.503495426369527,1.4923449542008058,1.4075739924645512,1.4589320962353334,1.7267836867977262,1.792685081850558,1.3588209791824348,1.231220238409895,1.2056655093344146,1.2056655093344146,1.2570236131051968,1.4141203049648208,1.4996261703526332,1.291194292195967,1.1995378758027357,1.1791742556105829,1.2047276974867704,1.2655623984981166,1.444151599185698,1.6105170627409715
FOODS_3_823_TX_3_validation,0.5390188483841921,0.520960770817486,0.47661403116972373,0.5142043081527436,0.5178510981709097,0.6393735871973173,0.902460396606648,0.756579198726963,0.7142748435437377,0.7451086578620152,0.5818163906991408,0.6270485380134747,0.7197463931903555,0.7956465280238756,0.670360581926985,0.61011605989226,0.583355407614412,0.6021484220123956,0.6641929940997804,0.7412895997187323,0.8504294026548772,0.713359677746807,0.6145325023530224,0.6065648644731579,0.6557898495108145,0.6570721380529811,0.7480641585429295,0.9010917513550173
FOODS_3_824_TX_3_validation,0.445000940752611,0.4357239046215718,0.46654474459822176,0.45177842442812444,0.505754869387439,0.5688216172582042,0.6864506628023095,0.7487786826919361,0.6158478203315957,0.6379159915163801,0.670785199629512,0.7160173469438459,0.933752928118763,0.7983967201542688,0.6891535963249686,0.61011605989226,0.6021484220123956,0.6189608467854465,0.6641929940997804,0.7646616118302928,0.9176892046423806,0.713359677746807,0.6269284846653109,0.6189608467854465,0.6189608467854465,0.6537200352510516,0.7508480636212851,0.847665295342286
FOODS_3_825_TX_3_validation,1.4213082205752194,1.2013111601558562,1.268753280004118,1.2017475294218558,1.1405101068771815,1.4228597939141352,1.5313085329597924,1.3231535165835364,1.134828756891213,1.1268611190113487,1.1268611190113487,1.18220432277387,1.4000250335532776,1.4996261703526332,1.291194292195967,1.134828756891213,1.130846219003088,1.1915702379228714,1.2726832545449158,1.460749052473061,1.5603501892724168,1.3878626354950592,1.1995378758027357,1.208929168461845,1.1791742556105829,1.167746263933402,1.3794424802741752,1.5437527359850536
FOODS_3_826_TX_3_validation,1.8404910545301474,1.7594314411443448,1.8990923011211125,1.8863615657226136,1.7923275094339883,2.229612607481604,2.1388867877683135,1.9831564661762746,1.7779414645789817,1.7699738266991174,1.7699738266991174,1.7169304950708442,1.9977737273873375,2.050383798737588,1.8865960229692578,1.737362404162795,1.6095193669409,1.6980223559716265,1.7967496250202069,2.0392856509689583,2.1388867877683135,1.9425774057600862,1.7249664218505065,1.7934415288143268,1.7934415288143268,1.7896287689734076,2.1666173505783055,2.122289334480949
FOODS_3_827_TX_3_validation,1.8359950236714984,1.4941748041256182,1.438388933130296,1.4502628418664452,1.5555415783971638,1.8492672408166009,1.9482661290224994,1.7084515215530494,1.5159715836991332,1.5080039458192689,1.5198778545554181,1.6340304935530032,1.86114114955275,1.9482661290224994,1.7084515215530494,1.5278454924352824,1.5198778545554181,1.4553922255800091,1.4428890550394688,1.7143877044854376,1.9197947669989872,1.6675040021999306,1.483715138793307,1.439803176534134,1.439803176534134,1.5218405409375553,1.7681841585538287,1.9166119327101303
