id,F1,F2,F3,F4,F5,F6,F7,F8,F9,F10,F11,F12,F13,F14,F15,F16,F17,F18,F19,F20,F21,F22,F23,F24,F25,F26,F27,F28
FOODS_3_001_TX_3_validation,0.3242535634976318,0.5227529910393613,0.5454760918623933,0.7288312332843461,0.5761108019771559,1.0996499469627439,0.6381449387918101,0.7839997446866565,0.7839997446866565,0.9737689149087059,0.9969347828299783,0.9923570306137595,1.0996499469627439,1.2175424727842485,0.947184232567621,0.947184232567621,0.8135796414080254,1.7841906456251333,1.2069568014627743,1.0306929421036004,1.0259092199802056,0.947184232567621,0.7839997446866565,0.9737689149087059,0.9733122419285445,0.844214351522788,1.0996499469627439,0.9062484883374422
FOODS_3_002_TX_3_validation,0.9467275595874596,0.7839997446866565,0.5454760918623933,1.1874111533538265,0.844214351522788,0.9110322104608369,0.9062484883374422,0.7839997446866565,0.7839997446866565,1.3414636413069105,0.9969347828299783,1.3600517570119641,1.5418792803046701,1.4267343781769208,1.747679852927206,1.2040936276388006,1.0021973779099322,1.7841906456251333,1.3723142582835681,1.2452357596199832,1.0259092199802056,1.499594394220909,0.9703501004888933,0.9737689149087059,1.635369823649297,1.2069568014627743,1.0996499469627439,1.094866224839349
FOODS_3_003_TX_3_validation,0.801537279994481,0.5402905263471859,1.1546717840505663,0.5600184127899338,0.5936483372849805,1.1038905434977375,0.9237860236452667,0.801537279994481,0.9878876357967178,1.1829397030205755,1.1529382250874574,1.0098945659215852,1.117187482270568,1.411141481686232,0.9647217678754455,0.9647217678754455,1.0197349132177573,1.1829397030205755,1.2019850824244234,1.0482304774114246,1.411141481686232,1.1563550206794913,0.801537279994481,1.3590011766147347,0.8281219623355659,0.8617518868306125,1.2688029413624722,1.1124037601471732
FOODS_3_004_TX_3_validation,0.13099575434523936,0.577122844761059,0.599845945584091,0.5968507312038069,0.8190983922007599,0.9654020641825346,0.8826799689306613,0.8383695984083541,0.8383695984083541,1.0281387686304049,0.864954280749439,1.0467268843354582,1.154019800684441,1.2734597664211929,1.0015540862893189,1.0015540862893189,0.8679494951297231,1.0281387686304049,0.8985842052444857,1.0850627958252976,1.0818265136171499,1.0015540862893189,0.8383695984083541,1.0281387686304049,0.864954280749439,0.8985842052444857,1.154019800684441,0.9621657819743871
FOODS_3_005_TX_3_validation,1.3676040910077618,0.9703501004888933,1.296082810684205,1.5099079711795633,1.5800443827795823,1.1778371282424605,1.6285931040094241,1.13856070468012,1.5148984692416836,1.2306783099798848,1.2908202156042514,1.3707421568661942,1.6799916832076962,2.590313425884231,2.010287482145334,1.729384572454792,1.631948459614075,1.5511517455487431,1.2069568014627743,1.2452357596199832,1.6505877475259267,1.529024556496778,1.3132151913560537,1.5361051869188362,2.2083188750461042,1.3723142582835681,1.0996499469627439,1.7590438006291893
FOODS_3_006_TX_3_validation,0.5888638356102093,0.5086687088332703,0.5303737039332317,0.6098404243006493,0.951105694835326,0.8681747625463708,1.3093867512460728,0.7498480793667103,0.5888638356102093,1.1118310609502635,0.9092905750068051,0.7849444302252275,1.5398306858269197,1.6644959488098132,1.0340816394195018,1.3813746073488933,1.3262851839826562,0.7695024465977951,0.6403242167180748,2.2455055290772514,1.324099656467007,0.9147929986656645,0.5888638356102093,0.7695024465977951,0.7708246680571506,0.9551913002661486,1.015704616207453,0.8671574179041465
FOODS_3_007_TX_3_validation,1.9270060395394415,3.0274294900430476,4.2789793114439085,6.289436688645044,8.292154423621193,6.579112115437345,8.53690632479501,6.241411772305092,7.332616192985996,10.19086217034436,6.774779573492937,8.797447449884563,8.120946125032008,10.032436592866276,10.765891537836033,8.795790364578757,9.993256997930148,10.126636036933379,8.959159457125166,9.569546519470167,12.23741878864389,10.005757497061127,7.140767856426088,8.76536057440901,7.774947362399982,7.951954922831732,8.90958098532495,10.12190660595876
FOODS_3_008_TX_3_validation,10.342336584879089,5.589365060842566,7.742974908949961,9.621335397161118,13.605114277987667,16.413358157378507,16.38067759505151,9.565918650099416,6.14500600918797,6.507260634898533,6.384342930893823,10.137318308927803,11.689613805267399,12.47243163388685,9.969248677662488,7.1467881471903,5.973415286506974,6.2409982816867045,6.800728618583713,9.346860165898116,10.50227840336655,10.162516124892798,6.553993815811073,9.002692675444544,8.785981234824558,10.292663563928505,11.418146273975461,13.607229951489277
FOODS_3_009_TX_3_validation,1.2405489015602764,0.7839997446866565,0.8135796414080254,0.7288312332843461,0.9680374265747054,0.9110322104608369,1.6285931040094241,1.0327891792871904,0.7839997446866565,0.9737689149087059,0.9969347828299783,0.9923570306137595,0.9110322104608369,1.2404520374965884,0.947184232567621,1.138817485371667,1.0021973779099322,1.1654021677127513,1.4750614213666213,1.8411146728200254,1.4267343781769208,0.947184232567621,0.9703501004888933,1.1654021677127513,0.8105844270277414,0.844214351522788,1.2471798006238257,1.5370955581812753
FOODS_3_010_TX_3_validation,1.4869191206556387,0.5081894102001041,0.5309125110231361,0.7142676524450888,0.5615472211378987,0.6283650800759476,1.614029523170167,1.0182255984479331,0.7694361638473992,0.9592053340694486,1.120837108940376,0.9777934497745022,1.0850863661234866,1.2258884566573311,1.290389267769726,1.1242539045324098,0.7990160605687682,1.150838586873494,1.4462546821250992,1.0161293612643432,1.0113456391409483,1.1242539045324098,0.7694361638473992,0.9592053340694486,0.7960208461884841,0.8296507706835308,0.8964686296215797,1.5082888189397532
FOODS_3_011_TX_3_validation,1.3423217776810548,0.9860329779148186,1.0110234594375216,0.8410601198662421,1.0773914639427344,2.0185786693034524,1.8579668231409727,1.3423217776810548,1.404026836039802,1.236646726723828,1.1173352822436482,1.674422000006557,1.7872722675411223,1.9421136827782801,1.6024572163375275,1.6024572163375275,1.371901674402423,1.2582963380347403,1.5426164597854444,2.0349305675297815,2.2514224242089047,1.8577537026049924,1.5861871882292053,1.5179874762838754,1.3905560713330514,1.381789667351532,2.36642425949483,2.059566071742599
FOODS_3_012_TX_3_validation,0.3242535634976318,0.8936131307022289,0.5454760918623933,0.5424808774821093,0.7647285384790622,0.9110322104608369,0.8267626752937164,0.7839997446866565,1.103166455345786,1.1654021677127513,0.8105844270277414,0.9923570306137595,1.0996499469627439,1.0259092199802056,0.947184232567621,1.138817485371667,0.8135796414080254,1.1654021677127513,0.844214351522788,1.3983876685018026,1.6940501918243203,1.2040936276388006,0.7839997446866565,0.9737689149087059,0.8105844270277414,0.844214351522788,1.0996499469627439,1.0815692860665185
FOODS_3_013_TX_3_validation,0.8936131307022289,0.5227529910393613,0.7340938283642996,0.9189905692377397,1.0195351492518645,1.0348552855127553,0.9062484883374422,0.9703501004888933,1.3937803295958082,0.9737689149087059,1.4260145640296553,0.9923570306137595,1.0996499469627439,1.3936039463784078,1.138817485371667,1.3049528486089832,0.8135796414080254,1.3414636413069105,0.844214351522788,1.2223261949076434,1.2175424727842485,0.947184232567621,0.7839997446866565,0.9737689149087059,0.8105844270277414,1.1844475471165992,0.9110322104608369,1.094866224839349
FOODS_3_014_TX_3_validation,0.3242535634976318,0.5227529910393613,0.5454760918623933,0.5424808774821093,0.7647285384790622,0.6429286609152048,0.8267626752937164,1.103166455345786,1.103166455345786,1.1654021677127513,0.8105844270277414,0.9923570306137595,1.0996499469627439,1.3936039463784078,0.947184232567621,0.947184232567621,0.8135796414080254,1.1654021677127513,0.844214351522788,1.0306929421036004,1.6940501918243203,1.2040936276388006,0.7839997446866565,0.9737689149087059,0.8105844270277414,0.844214351522788,0.9110322104608369,1.0815692860665185
FOODS_3_015_TX_3_validation,3.3621431841631573,2.4445734729252377,2.7384857353381307,1.9080523238294045,2.220399805563208,2.1510932120343362,2.1090961095327176,1.8246674888029446,2.1370436951500285,2.0843986828790877,2.1909275408947897,1.903589903567656,1.7943277041656045,1.8689211573781561,1.7012976988781252,1.7845611772048684,2.611720433276891,5.085941890274299,3.4318238259495653,2.2908690132099205,2.5513305766340695,3.5588581075998937,2.5903290662957783,3.525944753743615,3.4001936668110804,2.4278548137723055,2.359195259396629,2.5797645861122964
FOODS_3_016_TX_3_validation,1.4949237240086886,0.7180090168188409,0.7429994983415423,0.551386547459352,1.0284408192291075,1.1085556169399868,1.7814091174715754,1.1358744533967076,0.7929054146638992,1.1743078376899942,0.8194900970049841,1.0012627005910035,0.9199378804380797,1.4132000162098808,0.9560899025448637,0.9560899025448637,1.0111030478871756,0.9826745848859486,0.8531200215000307,1.2312318648848863,1.7029558618015632,1.201407376355388,0.7929054146638992,0.9826745848859486,0.8194900970049841,1.1933532170938421,1.1085556169399868,2.006120426725905
FOODS_3_017_TX_3_validation,0.5227529910393613,0.7839997446866565,0.5454760918623933,0.5424808774821093,0.5761108019771559,0.8315463974171111,0.9062484883374422,0.7839997446866565,0.7839997446866565,0.9737689149087059,0.8105844270277414,0.9923570306137595,0.9110322104608369,1.2175424727842485,0.947184232567621,0.947184232567621,0.8135796414080254,1.1654021677127513,1.032832088024695,1.0306929421036004,1.0259092199802056,0.947184232567621,0.9703501004888933,0.9737689149087059,0.8105844270277414,0.844214351522788,0.9110322104608369,1.094866224839349
FOODS_3_018_TX_3_validation,1.1527725510847624,1.1172342300047515,0.5574233505454409,1.6679009569986423,1.314311646364766,0.8434936561001587,1.426441451267191,0.9822973591719408,0.9822973591719408,0.9857161735917535,1.1438189123458358,1.1959375421008522,1.1115972056457912,1.229489731467296,1.3169001072920306,1.1507647440547144,1.5826621870725002,1.551507082971135,1.099273232792567,1.0426402007866478,1.229489731467296,0.9591314912506685,1.1151137140288334,1.1876660082798662,1.1438189123458358,1.1963948057996465,0.9229794691438845,1.2584289426143005
FOODS_3_019_TX_3_validation,0.39350192969759756,0.7839997446866565,0.5454760918623933,1.4260145640296553,0.5761108019771559,0.6429286609152048,0.8267626752937164,0.7839997446866565,0.7839997446866565,0.9737689149087059,0.9969347828299783,1.1839902834178049,0.9110322104608369,1.2175424727842485,0.947184232567621,1.3049528486089832,0.8135796414080254,0.9737689149087059,1.032832088024695,1.3983876685018026,1.0259092199802056,1.138817485371667,0.9703501004888933,0.9737689149087059,0.9969347828299783,0.844214351522788,0.9110322104608369,0.9062484883374422
FOODS_3_020_TX_3_validation,2.012814663044753,1.9720823448008065,2.0034914520064944,2.2001178790338334,2.7731528488638304,4.721341263953684,5.010501220629975,2.7724928661706487,2.1640479700064064,2.1120552302487257,3.3202164866123876,3.119913133368018,3.8966251923259763,5.351819723704264,3.4084074411853615,3.7117459643230264,2.4859389212466865,2.5416632426439087,2.813918766692692,3.9669832390158364,5.158616571168358,3.4084074411853615,3.0480817253650785,2.4145035330390776,2.2962672778739774,2.776218597246557,5.1647668430011455,6.417487109949856
FOODS_3_021_TX_3_validation,2.4924538725926144,1.0327891792871904,1.0021973779099322,1.81473675009062,2.8677749293578967,1.4990099333377889,1.6285931040094241,1.4802561989336431,0.7839997446866565,1.7841906456251333,1.5124904333674902,1.9688362901289915,1.2858760343350597,1.4042943462326378,1.3049528486089832,1.3049528486089832,1.296082810684205,2.13282647824853,1.313956308942374,1.2223261949076434,1.932155327198293,2.282983486509817,1.13856070468012,1.1654021677127513,1.8565465165116186,2.0920130581694303,1.2858760343350597,1.7590438006291893
FOODS_3_022_TX_3_validation,0.08622543199405518,0.5227529910393613,0.5454760918623933,0.5424808774821093,0.5761108019771559,0.6429286609152048,0.6381449387918101,0.7839997446866565,0.7839997446866565,0.9737689149087059,0.8105844270277414,0.9923570306137595,0.9110322104608369,1.0259092199802056,0.947184232567621,0.947184232567621,0.8135796414080254,0.9737689149087059,0.844214351522788,1.0306929421036004,1.0259092199802056,0.947184232567621,0.7839997446866565,0.9737689149087059,0.8105844270277414,0.844214351522788,0.9110322104608369,0.9062484883374422
FOODS_3_023_TX_3_validation,0.6502612036150291,0.7266408821494227,0.83111717671585,0.7463687685921706,1.197899476993601,1.1038905434977375,1.0476090986971847,1.1207039906536103,0.801537279994481,1.1829397030205755,1.0144723181378041,1.201527818725629,1.2688029413624722,1.411141481686232,1.6229366293627199,1.3210936640807056,0.83111717671585,1.3590011766147347,0.8617518868306125,1.7163714492555393,1.6255466753602021,1.7353301865019608,1.0387347933343591,1.1829397030205755,0.8281219623355659,1.2019850824244234,1.4368154500153627,1.0991068213743427
FOODS_3_024_TX_3_validation,0.1708814148857526,0.8845954320111464,0.9073185328341784,0.9375639990102115,1.0472481761087604,1.1375557969300083,1.1498245604572237,1.2353173001730782,1.2353173001730782,1.4059287866879813,1.298208411453206,1.5338118355528525,1.8035475516148407,1.9362194327153013,1.6606848539069443,1.6606848539069443,1.5411837343665762,1.7401257586554184,1.9153250496702523,2.182128866087649,2.189627945313504,1.9015003836768751,1.7131973476278313,1.9280850660179594,1.7730227105252323,1.9153250496702523,2.0177340444257372,2.025233123651591
FOODS_3_025_TX_3_validation,1.13856070468012,1.2904970188913687,1.431277159109609,1.6386661196827847,1.3942042709669802,0.9110322104608369,1.2423960785004309,0.9703501004888933,1.3937803295958082,0.9737689149087059,0.9733122419285445,0.9923570306137595,1.6799916832076962,1.4267343781769208,1.138817485371667,1.138817485371667,1.5523952987554843,1.3613482742256942,1.1844475471165992,1.6056221969420006,2.913479595884561,1.5639487734755624,1.0327891792871904,1.3395610583328683,1.5471327036755307,1.3723142582835681,1.2471798006238257,1.6285931040094241
FOODS_3_026_TX_3_validation,0.3242535634976318,0.7091033468415981,0.7340938283642996,0.7288312332843461,0.5761108019771559,0.8315463974171111,0.8267626752937164,0.7839997446866565,0.7839997446866565,1.3414636413069105,0.9969347828299783,1.3600517570119641,0.9110322104608369,1.6940501918243203,1.2040936276388006,0.947184232567621,0.8135796414080254,1.1654021677127513,1.4750614213666213,1.8411146728200254,1.6532038674684342,1.2040936276388006,0.7839997446866565,0.9737689149087059,0.8105844270277414,0.844214351522788,1.0863530081899133,1.0815692860665185
FOODS_3_027_TX_3_validation,0.08622543199405518,0.7839997446866565,0.5454760918623933,0.5424808774821093,0.5761108019771559,1.4015310411690538,0.9585187173934052,1.0691009885916516,1.2554513443938875,1.236646726723828,1.303685638045884,1.2909681368193322,1.14792985389234,1.3936039463784078,0.947184232567621,1.138817485371667,0.8135796414080254,1.1654021677127513,0.844214351522788,1.3983876685018026,1.0259092199802056,0.947184232567621,0.9703501004888933,0.9737689149087059,0.8105844270277414,0.844214351522788,1.251265406054648,0.9062484883374422
FOODS_3_028_TX_3_validation,0.801537279994481,0.9878876357967178,1.158200820167411,0.5600184127899338,0.7822660737868867,0.9285697457686615,1.2640192192390773,0.9878876357967178,0.801537279994481,1.1829397030205755,0.8281219623355659,1.0098945659215852,1.117187482270568,1.0434467552880298,1.3224903839168074,1.3224903839168074,1.158200820167411,1.1829397030205755,1.2019850824244234,1.4159252038096268,1.2350800080920727,1.1563550206794913,0.9878876357967178,1.1829397030205755,0.8281219623355659,0.8617518868306125,1.117187482270568,1.1124037601471732
FOODS_3_029_TX_3_validation,1.7850103489515081,1.231565870522045,1.0928344377175534,1.7957560268455377,2.123495231589281,3.90802769230895,2.449549680722614,2.9230612407610455,2.5237159079250264,1.9866160074198502,2.326888152426913,3.591121368988064,3.7445853267305407,2.67563721278736,2.8506117240047453,2.8506117240047453,2.257644734623844,2.8968510370500624,2.9290607745558326,3.33956009737528,2.8313118809352735,2.8506117240047453,2.3443935321663045,1.9249832343994269,2.3062171692734186,2.38785480176505,3.40942798753684,2.8319681815790774
FOODS_3_030_TX_3_validation,22.263371096616943,18.25328909422739,18.440320388237435,17.82279310293137,23.03074134770922,23.27901091460455,29.15132720654267,20.122627690841792,17.421932834862726,17.317780656368733,18.689587299999783,20.634997115405792,25.119697481409766,26.77421413557392,21.897015802372863,18.038752201653715,15.66218858990062,19.133653937680098,20.37730325677802,22.351675654648933,24.79651221433652,20.16116555561071,17.103110749027866,17.44731488296078,16.746038857335236,20.670352348887242,22.84177640557708,25.65248166494447
FOODS_3_031_TX_3_validation,0.0981726906771028,0.9055603893852765,0.5574233505454409,1.0088820415130273,0.5880580606602035,0.6548759195982524,1.0420188220724078,0.795947003369704,0.9822973591719408,0.9857161735917535,0.8225316857107889,1.0043042892968084,0.9229794691438845,1.037856478663253,1.617346352737943,1.2044489650611925,0.825526900091073,0.9857161735917535,1.0447793467077424,1.0426402007866478,1.229489731467296,1.161081325938782,0.795947003369704,0.9857161735917535,1.0088820415130273,0.8561616102058356,0.9229794691438845,0.9181957470204898
FOODS_3_032_TX_3_validation,0.9556332295647023,0.7929054146638992,1.0111030478871756,1.005840452807222,0.8531200215000307,1.2560854706010687,1.6841136310615443,1.1358744533967076,0.979255770466136,1.1743078376899942,1.5560383736527736,1.2721098254994527,1.550784950281913,1.6535808279980853,1.201407376355388,1.14772315534891,1.1495689548368297,1.1846244195740618,1.1933532170938421,1.2541414295972262,1.9641261240367847,1.4923391597163302,0.979255770466136,1.1743078376899942,1.005840452807222,1.041737758001938,1.260171076031891,1.2513017484776738
FOODS_3_033_TX_3_validation,0.08622543199405518,0.8936131307022289,1.1406632848595868,0.5424808774821093,1.0195351492518645,0.6429286609152048,0.6381449387918101,0.7839997446866565,0.7839997446866565,0.9737689149087059,0.8105844270277414,1.1839902834178049,1.251265406054648,1.0259092199802056,0.947184232567621,0.947184232567621,1.0021973779099322,0.9737689149087059,0.844214351522788,1.2223261949076434,1.0259092199802056,0.947184232567621,0.7839997446866565,1.1654021677127513,0.8105844270277414,1.1844475471165992,0.9110322104608369,0.9062484883374422
FOODS_3_034_TX_3_validation,0.5143277004439606,0.7839997446866565,0.7340938283642996,1.1874111533538265,0.5761108019771559,0.6429286609152048,0.8267626752937164,0.9703501004888933,0.7839997446866565,1.3414636413069105,1.1354006897796332,0.9923570306137595,1.0996499469627439,1.0259092199802056,0.947184232567621,0.947184232567621,0.8135796414080254,0.9737689149087059,0.844214351522788,1.2223261949076434,1.0259092199802056,0.947184232567621,0.9703501004888933,0.9737689149087059,1.4260145640296553,0.844214351522788,0.9110322104608369,0.9062484883374422
FOODS_3_035_TX_3_validation,0.1037629673018797,0.801537279994481,0.83111717671585,1.0144723181378041,0.7822660737868867,0.9285697457686615,1.3173048837298742,1.1207039906536103,0.801537279994481,1.1829397030205755,0.8281219623355659,1.3775892923197883,0.9285697457686615,1.411141481686232,1.1563550206794913,0.9647217678754455,0.83111717671585,0.9913064502165304,0.8617518868306125,1.0482304774114246,1.7115877271321445,1.2100392416859693,0.9878876357967178,1.1829397030205755,1.0144723181378041,0.8617518868306125,1.117187482270568,1.0991068213743427
FOODS_3_036_TX_3_validation,0.07166185115479802,0.6945397660023409,0.7990160605687682,0.7142676524450888,0.5615472211378987,0.6283650800759476,0.6235813579525529,0.7694361638473992,0.955786519649636,1.150838586873494,0.7960208461884841,1.1694267025785476,0.8964686296215797,1.0113456391409483,0.9326206517283637,0.9326206517283637,0.9876337970706744,1.150838586873494,1.0182685071854378,1.0161293612643432,1.0113456391409483,0.9326206517283637,0.7694361638473992,1.150838586873494,0.7960208461884841,0.8296507706835308,0.8964686296215797,0.891684907498185
FOODS_3_037_TX_3_validation,0.6315300612011717,0.7091033468415981,1.1904063677341106,0.8105844270277414,0.5761108019771559,1.0863530081899133,0.6381449387918101,1.5430991197137076,1.13856070468012,1.3414636413069105,1.4260145640296553,0.9923570306137595,0.9110322104608369,1.2175424727842485,1.312976375991784,1.138817485371667,1.1406632848595868,0.9737689149087059,1.1844475471165992,1.3983876685018026,1.0259092199802056,1.138817485371667,0.7839997446866565,1.641909886752823,1.1651453870212043,0.844214351522788,1.251265406054648,0.9062484883374422
FOODS_3_038_TX_3_validation,0.10070592111624665,0.7235838359637896,0.5599565809845848,0.5569613666043007,0.5905912910993474,0.9255126995830284,0.6541728678292488,0.7984802338088479,0.7984802338088479,0.9882494040308973,0.8250649161499328,1.0068375197359523,0.9255126995830284,1.041937149017644,0.9616647216898124,1.1532979744938583,0.8280601305302169,0.9882494040308973,0.8586948406449795,1.0451734312257916,1.041937149017644,0.9616647216898124,0.7984802338088479,0.9882494040308973,0.8250649161499328,0.8586948406449795,1.1141304360849351,0.9222764173748809
FOODS_3_039_TX_3_validation,2.608018177572826,1.466263295806231,1.3687706954758472,1.2062238895782542,2.1271033286392194,4.191517551455101,3.5009879812505327,2.2513899325688045,1.600397244147443,2.3155588724168594,1.9048506762571835,2.2016524066564327,2.394761101116419,2.931370675612803,2.9439308618654527,1.9265880330427467,2.3230140644522153,2.518279953151902,2.104765341950149,1.6717660997534223,4.032740662671174,4.08472036475689,1.9009226833883717,2.144941657025179,1.5920867182112393,1.9492583034561486,2.921702102788204,2.7413145048844885
FOODS_3_040_TX_3_validation,0.3242535634976318,0.7839997446866565,0.5454760918623933,0.5424808774821093,1.0195351492518645,0.9110322104608369,0.6381449387918101,0.9703501004888933,0.7839997446866565,0.9737689149087059,0.9969347828299783,0.9923570306137595,0.9110322104608369,1.0259092199802056,0.947184232567621,0.947184232567621,0.8135796414080254,0.9737689149087059,0.844214351522788,1.0306929421036004,1.0259092199802056,0.947184232567621,0.9703501004888933,0.9737689149087059,0.8105844270277414,1.1844475471165992,1.0996499469627439,0.9062484883374422
FOODS_3_041_TX_3_validation,1.4820159780024442,1.5238041392189265,2.1628912406134515,1.3146670404163359,2.4794152986342146,1.2862529948647108,1.0389772333666034,1.5238041392189265,1.3105289400726412,1.5450108568960792,2.009305099050267,1.8199198635005596,1.7609430245198776,1.616914810029621,2.0997989989966688,1.4923391597163302,1.8707147815688152,2.5096480878213203,1.6374108701544516,2.246521038562988,3.4585617885710596,2.7402665602802876,1.3577369205719443,2.141732148225773,1.6614354342055941,2.3918532738676483,1.4735004643689167,1.3045738674690424
FOODS_3_042_TX_3_validation,2.9785272005964267,3.2109746870223734,3.9276455627111053,3.360670486885862,2.61121224480831,3.403645151986161,5.3835988581412835,3.580633548298706,2.976143377395711,4.565588512317255,4.075922102402223,5.329875225738639,3.980562070273189,5.1327843541288125,4.336639576369407,4.83371038778589,4.610847803173236,6.221765332112851,6.291413412244997,5.240625441994306,5.444785383755162,3.74549121869194,3.997770611568997,4.218605740328072,4.543177205011368,4.87214759698549,5.110279463545148,5.315432732501158
FOODS_3_043_TX_3_validation,0.08622543199405518,0.5227529910393613,0.5454760918623933,0.7288312332843461,0.5761108019771559,0.9110322104608369,0.6381449387918101,1.103166455345786,0.7839997446866565,0.9737689149087059,0.8105844270277414,1.1839902834178049,0.9110322104608369,1.0259092199802056,1.138817485371667,0.947184232567621,1.0021973779099322,0.9737689149087059,0.844214351522788,1.2223261949076434,1.0259092199802056,0.947184232567621,0.7839997446866565,0.9737689149087059,0.8105844270277414,0.844214351522788,1.0996499469627439,0.9062484883374422
FOODS_3_044_TX_3_validation,0.8283972749035307,0.7694361638473992,0.7990160605687682,0.9044269883984825,0.5615472211378987,0.6283650800759476,0.6235813579525529,0.955786519649636,0.7694361638473992,1.150838586873494,0.7960208461884841,0.9777934497745022,1.0850863661234866,1.2029788919449913,0.9326206517283637,0.9326206517283637,0.7990160605687682,1.150838586873494,0.8296507706835308,1.2077626140683861,1.3790403655391505,1.290389267769726,0.955786519649636,1.150838586873494,0.7960208461884841,0.8296507706835308,0.8964686296215797,0.891684907498185
FOODS_3_045_TX_3_validation,0.6502612036150291,0.7266408821494227,0.83111717671585,0.5600184127899338,0.8617518868306125,0.9285697457686615,0.6556824740996346,0.9878876357967178,0.801537279994481,0.9913064502165304,0.8281219623355659,1.0098945659215852,0.9285697457686615,1.0434467552880298,0.9647217678754455,0.9647217678754455,0.83111717671585,0.9913064502165304,1.2019850824244234,1.0482304774114246,1.0434467552880298,1.3224903839168074,0.801537279994481,1.1829397030205755,0.8281219623355659,1.0503696233325193,1.117187482270568,0.9237860236452667
FOODS_3_046_TX_3_validation,0.08622543199405518,0.5227529910393613,0.5454760918623933,0.5424808774821093,0.5761108019771559,0.6429286609152048,1.0300715633893605,0.7839997446866565,0.7839997446866565,1.1654021677127513,0.8105844270277414,0.9923570306137595,0.9110322104608369,1.0259092199802056,0.947184232567621,0.947184232567621,0.8135796414080254,1.1654021677127513,0.844214351522788,1.0306929421036004,1.0259092199802056,0.947184232567621,0.7839997446866565,0.9737689149087059,0.8105844270277414,0.844214351522788,0.9110322104608369,0.9062484883374422
FOODS_3_047_TX_3_validation,3.189488720807592,2.7584265246851962,3.696921454517406,3.5313920205594242,2.9251345121463794,4.519122348809694,5.108277951933416,3.5189229420818346,4.053747278930575,3.3765239426932037,2.8158801025025038,2.8922968016162383,4.522188097192421,4.559146990778991,4.011432527537468,3.531747729333163,3.422467228678651,2.711389988987148,2.8347303433003685,3.9675970323183947,4.3314929632551085,3.3013824696987983,3.4592246325607006,4.222467523428977,3.750773373410853,3.0024238855435943,4.275017864869943,5.141899462450464
FOODS_3_048_TX_3_validation,1.8802941167092246,1.7936885324464504,1.6021516079437494,2.0756014493427246,2.384789053382323,2.2101253175994895,1.9936937074400216,1.9879737533528876,2.5581094109538207,2.269792195313628,2.6150590050813087,2.8776290788988863,2.7169018546111565,2.3797559374989423,2.217944443166891,2.4987837690099344,2.0285363312494162,2.7868067981788354,3.349176730588306,3.1360829882691688,3.5579808210868316,2.977996668261544,2.0171194836618773,1.9249832343994269,2.0976042127792756,2.57562052806014,2.8844053954140096,3.0501718123197152
FOODS_3_049_TX_3_validation,0.6434773198842193,0.5347002497224089,0.9362004230007408,0.7407784919673936,0.7766757971621098,0.6548759195982524,0.838709933976764,0.795947003369704,0.795947003369704,0.9857161735917535,0.8225316857107889,1.0043042892968084,0.9229794691438845,1.037856478663253,1.7596271116102533,1.3155033874559288,0.825526900091073,0.9857161735917535,1.1963948057996465,1.0426402007866478,1.037856478663253,1.3249236346748314,0.795947003369704,0.9857161735917535,0.8225316857107889,0.8561616102058356,0.9229794691438845,0.9181957470204898
FOODS_3_050_TX_3_validation,0.5227529910393613,0.7091033468415981,0.5454760918623933,0.8105844270277414,1.1844475471165992,0.6429286609152048,0.9062484883374422,0.9703501004888933,0.7839997446866565,0.9737689149087059,0.8105844270277414,0.9923570306137595,0.9110322104608369,1.0259092199802056,1.3049528486089832,0.947184232567621,1.0021973779099322,1.1654021677127513,0.844214351522788,1.0306929421036004,1.3936039463784078,0.947184232567621,0.7839997446866565,0.9737689149087059,0.9969347828299783,1.032832088024695,0.9110322104608369,1.094866224839349
FOODS_3_051_TX_3_validation,3.1246256953096343,1.3676040910077618,1.3211370525068324,0.7288312332843461,1.3944608531110578,1.3361950619221326,2.8720168798808974,2.353045016537834,1.13856070468012,0.9737689149087059,1.1354006897796332,1.8027787613301869,2.484227530510797,3.973340611578744,2.1474350840705245,1.2040936276388006,1.0021973779099322,0.9737689149087059,1.180361941685777,1.2452357596199832,1.9763156979622756,1.729384572454792,1.13856070468012,0.9737689149087059,0.8105844270277414,1.4750614213666213,1.5418792803046701,2.9270362073573746
FOODS_3_053_TX_3_validation,0.801537279994481,0.7266408821494227,0.7516313636721241,0.5600184127899338,0.7822660737868867,0.6604661962230294,1.1124037601471732,0.801537279994481,1.1207039906536103,0.9913064502165304,1.4435520993374795,1.0098945659215852,0.9285697457686615,1.2350800080920727,0.9647217678754455,0.9647217678754455,1.0197349132177573,1.3590011766147347,1.0503696233325193,1.2398637302154676,1.0434467552880298,1.1563550206794913,0.801537279994481,0.9913064502165304,0.8281219623355659,0.8617518868306125,0.9285697457686615,1.1124037601471732
FOODS_3_054_TX_3_validation,1.0845927656296346,1.4095365822915757,1.740870798000771,1.1259702633832942,0.8236116008284496,1.1744154752818285,1.3863725306917325,1.0039388619792735,1.0039388619792735,1.578696723339834,1.4311654701136036,1.4174392630109973,1.363033211783734,1.458702305515365,1.5400545584425895,1.4262406673304138,1.3984933458395814,1.193134211422363,1.47750598343053,1.6769335258637836,1.5812711430021724,1.7093280976658718,1.8762081265126256,2.3823173015488974,1.325393944720674,1.0998867632058558,1.5519830452490397,2.0160308329720626
FOODS_3_055_TX_3_validation,0.7929054146638992,0.7180090168188409,0.5543817618396361,0.551386547459352,0.5850164719543987,0.8404520673943539,1.103771894816592,0.7929054146638992,0.979255770466136,1.3503693112841535,1.1443063597568761,1.0012627005910035,0.9199378804380797,1.4025096163556507,1.14772315534891,0.9560899025448637,1.1495689548368297,0.9826745848859486,1.6050852309897397,1.3256103227365914,1.0348148899574485,1.14772315534891,0.7929054146638992,0.9826745848859486,0.8194900970049841,1.0284408192291075,0.9199378804380797,1.103771894816592
FOODS_3_056_TX_3_validation,0.35091887540894634,0.6714488905315512,0.6941719913545832,0.7128263882852118,0.7605399958597968,0.8350687079357697,0.830284985812375,0.9408672570106204,1.1272176128128575,1.108412995142798,0.9891015506626163,1.1627344052383022,1.111343870313176,1.2039974477426698,1.0818283128017137,1.4553560656320954,0.9704471537319883,1.1300626064537103,1.2254328947391087,1.4004144226701072,1.2039974477426698,1.0818283128017137,0.9408672570106204,1.108412995142798,0.9891015506626163,1.0368151582372032,1.111343870313176,1.106560148189781
FOODS_3_057_TX_3_validation,0.5316586610166041,0.5316586610166041,0.8224853113852681,0.551386547459352,0.5850164719543987,0.6518343308924476,0.9151541583146849,0.7929054146638992,0.7929054146638992,0.9826745848859486,0.8194900970049841,1.0012627005910035,0.9199378804380797,1.0348148899574485,0.9560899025448637,0.9560899025448637,0.8224853113852681,0.9826745848859486,0.8531200215000307,1.0395986120808434,1.0348148899574485,0.9560899025448637,0.7929054146638992,1.1743078376899942,0.8194900970049841,0.8531200215000307,0.9199378804380797,1.103771894816592
FOODS_3_058_TX_3_validation,1.60313558921545,2.1101824278651953,1.5177530284474439,1.4662091358149212,1.1844475471165992,1.4487334369590443,1.094866224839349,1.1052869713217042,1.1052869713217042,1.3395610583328683,1.1354006897796332,1.1839902834178049,1.0996499469627439,1.0259092199802056,0.947184232567621,1.3049528486089832,1.0021973779099322,0.9737689149087059,0.844214351522788,1.2223261949076434,1.3936039463784078,1.3049528486089832,1.5430991197137076,1.53153620369767,1.0593738616282746,1.032832088024695,0.9110322104608369,1.094866224839349
FOODS_3_059_TX_3_validation,0.4611786687796397,0.9860329779148186,0.8224057229356134,1.6496652595188606,1.8740235191403058,2.4769400519883114,1.321836786402564,1.694640710289824,1.9197433652831615,1.8346045067906833,1.634421481881202,1.8935189506410368,1.7872722675411223,2.282215244151623,1.8577537026049924,1.7744902242782492,1.6157670849505736,2.8571735059090395,1.994618771357098,2.966500535330756,2.255847609718849,1.7744902242782492,1.5861871882292053,1.8010749066193334,1.958743293673071,1.700642181530913,3.0946894887972616,2.0826311499950525
FOODS_3_060_TX_3_validation,1.2994026888686117,1.1141926412989471,1.8289050151478166,1.2591330410887889,1.041737758001938,1.6909104526990175,1.1686606823473558,1.4026859995730512,0.7929054146638992,1.1846244195740618,0.8194900970049841,1.6694036724351196,1.3932525023443105,1.0348148899574485,1.6143047640321386,1.3124617987501244,1.440182829086852,1.650815556730066,1.9406264381255673,1.94563316048464,1.616914810029621,1.4430748268866223,1.112072125323029,1.7930963156023763,1.5098041820840777,1.3915180196835677,2.0109041488493,1.463947057944161
FOODS_3_061_TX_3_validation,0.8457076553965063,0.5316586610166041,0.5543817618396361,0.551386547459352,0.7736342084563049,0.6518343308924476,1.2513017484776738,0.7929054146638992,0.7929054146638992,0.9826745848859486,0.8194900970049841,1.0012627005910035,1.260171076031891,1.0348148899574485,0.9560899025448637,0.9560899025448637,0.8224853113852681,0.9826745848859486,1.1933532170938421,1.0395986120808434,1.0348148899574485,0.9560899025448637,0.7929054146638992,0.9826745848859486,0.8194900970049841,0.8531200215000307,0.9199378804380797,1.255387353908496
FOODS_3_062_TX_3_validation,0.30968998265837466,0.6945397660023409,0.9876337970706744,0.527917296642852,0.8296507706835308,0.6283650800759476,0.8121990944544591,0.955786519649636,0.7694361638473992,0.9592053340694486,0.7960208461884841,0.9777934497745022,0.8964686296215797,1.0113456391409483,0.9326206517283637,0.9326206517283637,0.7990160605687682,0.9592053340694486,0.8296507706835308,1.0161293612643432,1.0113456391409483,0.9326206517283637,0.7694361638473992,1.150838586873494,0.7960208461884841,1.0182685071854378,0.8964686296215797,0.891684907498185
FOODS_3_063_TX_3_validation,1.2352346100311171,0.9467275595874596,0.5454760918623933,0.8105844270277414,0.5761108019771559,1.2471798006238257,1.4144941925841437,0.7839997446866565,0.9703501004888933,0.9737689149087059,0.8105844270277414,0.9923570306137595,1.0996499469627439,1.2175424727842485,0.947184232567621,0.947184232567621,1.1406632848595868,0.9737689149087059,1.1844475471165992,1.0306929421036004,1.3936039463784078,1.3049528486089832,1.103166455345786,0.9737689149087059,0.9969347828299783,0.844214351522788,1.251265406054648,1.2464816839312531
FOODS_3_064_TX_3_validation,4.585459690038638,2.956940016150932,4.156633115350294,4.914669514139078,4.2841368273411415,5.292041431779094,3.6654487458237988,3.3577776219397286,3.468298253206745,3.4917312499028523,4.487702878785597,5.018521642119554,6.570090430418999,5.824786406799579,4.3903879019892775,3.6490676920879404,5.087792730917082,6.367007540419561,7.180990248051754,6.331159674725969,8.965274107532624,5.6753896701955355,3.7812584514035663,3.6509484414615576,4.037650253228105,5.126492569816443,5.998123835997162,6.1706586950282185
FOODS_3_065_TX_3_validation,0.5402905263471859,0.5402905263471859,0.5630136271702179,1.1529382250874574,0.9855749618825299,0.9285697457686615,1.2640192192390773,0.9878876357967178,0.801537279994481,0.9913064502165304,1.0144723181378041,1.0098945659215852,1.117187482270568,1.0434467552880298,0.9647217678754455,0.9647217678754455,0.83111717671585,1.3590011766147347,0.8617518868306125,1.2398637302154676,1.411141481686232,0.9647217678754455,0.801537279994481,0.9913064502165304,1.0144723181378041,0.8617518868306125,1.117187482270568,1.1124037601471732
FOODS_3_066_TX_3_validation,1.4916155310590784,1.3177223185025801,1.0111030478871756,1.1407773236400314,1.1892676116630199,2.28461501372328,3.386341907415781,2.130972046386341,1.5917653788168618,1.3390464810912086,1.1443063597568761,1.8116844313074298,2.9279269386484943,2.589060675110875,1.9556383833623532,2.4535217532723186,1.901481406006556,2.161012255197925,2.2731865731747853,3.335059669359831,4.049025657130103,2.1375679136347077,1.2325483587477046,1.3484667283101113,1.2997258855814944,1.3613657257467326,2.5510111584772157,3.0469682885255396
FOODS_3_067_TX_3_validation,0.6490675965089963,0.801537279994481,0.5630136271702179,1.1529382250874574,0.7822660737868867,1.26471733593165,1.0476090986971847,0.9878876357967178,0.801537279994481,1.1829397030205755,0.8281219623355659,1.0098945659215852,0.9285697457686615,1.2350800080920727,1.3224903839168074,0.9647217678754455,0.83111717671585,1.1829397030205755,1.613717096320321,1.635100081784958,1.6255466753602021,1.3210936640807056,0.9878876357967178,0.9913064502165304,1.0144723181378041,1.0370726845596887,1.4368154500153627,1.0991068213743427
FOODS_3_068_TX_3_validation,0.08622543199405518,0.5227529910393613,0.5454760918623933,0.5424808774821093,0.7647285384790622,1.0348552855127553,0.8267626752937164,0.9703501004888933,0.7839997446866565,1.1654021677127513,0.8105844270277414,0.9923570306137595,0.9110322104608369,1.0259092199802056,0.947184232567621,0.947184232567621,0.8135796414080254,0.9737689149087059,1.1844475471165992,1.0306929421036004,1.0259092199802056,0.947184232567621,0.7839997446866565,0.9737689149087059,0.8105844270277414,0.844214351522788,0.9110322104608369,0.9062484883374422
FOODS_3_069_TX_3_validation,0.09513110197129801,0.5316586610166041,0.5543817618396361,0.9278962392149824,0.5850164719543987,0.6518343308924476,0.6470506087690528,0.7929054146638992,0.7929054146638992,0.9826745848859486,1.1443063597568761,1.0012627005910035,1.1085556169399868,1.2264481427614915,0.9560899025448637,0.9560899025448637,1.0111030478871756,1.1743078376899942,1.7699918176871903,1.6264682164543767,1.3160569163118356,0.9560899025448637,0.7929054146638992,0.9826745848859486,0.8194900970049841,1.0284408192291075,1.0952586781671563,0.9151541583146849
FOODS_3_070_TX_3_validation,3.1029738615266123,5.74307990744376,4.3616586618163735,6.044870495900689,8.667667089551072,6.455542907364675,7.179433443124351,5.807966277573978,6.848268771780877,9.44670503352481,6.532885080445382,8.905835102088467,7.548476920777232,9.795322344615656,10.593301942368102,9.617328506239604,7.160832759197003,8.048719407421451,7.719293617546446,9.92859698687745,10.683733126520995,10.260483354861705,7.394741680096951,7.824866055858629,7.293603551576767,9.144459041027552,9.043126838722833,9.605912562723388
FOODS_3_071_TX_3_validation,4.657054489237234,4.92054656532331,2.4276067149991993,2.989547066540642,4.08553527383652,4.3934143895436195,3.4812300377621224,3.0770675031665413,3.5667171723482274,3.6397641915891707,2.8187260885425034,3.982296078802605,4.753611489200665,4.176584380155081,3.0128517740184337,4.114554340485493,4.755228648188623,3.6861823428015823,3.3962834075068957,5.276365507201194,6.166186064271424,5.882973271397818,5.481890961067082,4.0776536119606455,4.723061845317324,4.419524609750937,4.4233808918309805,4.79440514892934
FOODS_3_072_TX_3_validation,1.501482701494896,1.2851190572659013,0.8135796414080254,2.401454886759488,1.3723142582835681,1.0863530081899133,2.188594193403198,1.84352450556304,1.13856070468012,1.7841906456251333,1.339799873697138,1.1839902834178049,0.9110322104608369,2.552139151509464,1.7354646218149563,1.2040936276388006,0.9763074563088284,0.9737689149087059,0.844214351522788,1.0306929421036004,1.4867454387898773,1.312976375991784,0.9703501004888933,1.1654021677127513,1.5471327036755307,1.2069568014627743,1.251265406054648,1.5370955581812753
FOODS_3_073_TX_3_validation,0.09513110197129801,0.5316586610166041,0.5543817618396361,0.551386547459352,0.5850164719543987,0.6518343308924476,0.6470506087690528,0.7929054146638992,0.7929054146638992,0.9826745848859486,0.8194900970049841,1.0012627005910035,0.9199378804380797,1.0348148899574485,0.9560899025448637,0.9560899025448637,0.8224853113852681,0.9826745848859486,0.8531200215000307,1.0395986120808434,1.0348148899574485,0.9560899025448637,0.7929054146638992,0.9826745848859486,0.8194900970049841,0.8531200215000307,0.9199378804380797,0.9151541583146849
FOODS_3_074_TX_3_validation,1.7521931135990065,1.4897946529298354,1.2115367429909583,1.311950590861099,0.7858589137359102,1.107483383446761,1.7897870737118784,1.4897946529298354,0.9914804757457413,1.6630402620096707,1.0689123156244669,1.2051206586746526,1.2723957813114957,1.6219688500754534,1.8237288090261983,1.504563864995935,2.223119924122251,1.2598323058271501,1.6173099362693444,1.6386929217339814,2.2491923374178375,1.7389230264509843,1.4897946529298354,1.9116175414166199,1.3268917456959406,1.0406655245087122,1.4404082899643862,2.0183451320055106
FOODS_3_075_TX_3_validation,0.07166185115479802,0.5081894102001041,0.5309125110231361,0.7142676524450888,0.5615472211378987,0.8964686296215797,0.8121990944544591,0.7694361638473992,0.7694361638473992,1.150838586873494,1.120837108940376,0.9777934497745022,1.0850863661234866,1.0113456391409483,0.9326206517283637,1.1242539045324098,0.9876337970706744,0.9592053340694486,1.169883966277342,1.0161293612643432,1.2029788919449913,0.9326206517283637,0.7694361638473992,0.9592053340694486,0.7960208461884841,0.8296507706835308,1.0850863661234866,0.891684907498185
FOODS_3_076_TX_3_validation,5.580851492731898,2.5943381396611347,4.7199785938881655,5.391270280825203,6.412614044438252,8.07367557020526,8.726594125251404,6.192986565596145,3.7347463772011213,5.1201986613273665,3.8019352684952072,5.240740484268409,6.721517579940203,8.856914644209047,7.861864842346343,5.137008752994162,5.150527767911394,6.039864694523428,7.2999693296638695,7.536371477334043,8.20781360897367,6.751661695896598,4.078875224539943,5.503319226968134,5.03661305313964,6.614601904049843,7.502102716314864,9.328988586549151
FOODS_3_077_TX_3_validation,1.2206710291918599,1.1336139043554792,0.9617438754695712,0.7960208461884841,2.152767918738645,2.3579844091145308,1.3687585545506464,0.7694361638473992,0.7694361638473992,1.9763580063092598,1.993065631930213,2.5206228076433908,3.428023635531111,1.6850019040753363,2.254176747268295,2.9560213664808157,2.9170726914953593,3.051598870370805,3.278629075814398,4.3630233165030985,2.2754529644732284,1.7148209916155348,2.032191513643936,2.1078480859733406,1.6495581046497494,3.2596053912923852,3.81011242939749,2.1799215617974452
FOODS_3_078_TX_3_validation,0.09513110197129801,0.5316586610166041,0.5543817618396361,0.551386547459352,0.5850164719543987,0.6518343308924476,0.6470506087690528,1.112072125323029,0.979255770466136,0.9826745848859486,0.8194900970049841,1.0012627005910035,0.9199378804380797,1.0348148899574485,0.9560899025448637,0.9560899025448637,0.8224853113852681,1.3503693112841535,0.8531200215000307,1.0395986120808434,1.0348148899574485,0.9560899025448637,0.7929054146638992,0.9826745848859486,0.8194900970049841,0.8531200215000307,0.9199378804380797,0.9151541583146849
FOODS_3_079_TX_3_validation,3.9264538815479293,2.665322981889718,3.348122458008861,1.8664455529239965,1.0584826654182091,1.6187457266933183,3.7870821382236914,2.749779521896115,3.2707542370264746,2.9072710998765032,2.189690005325343,2.2379800083467374,1.8449159864969964,3.4527907690543573,2.606488817269347,2.606488817269347,2.3117369334472535,1.8817722756258641,2.0395740580310524,2.7858192031541154,4.362446392832948,3.6056340925445625,2.665322981889718,2.9807982565373363,1.8664455529239965,1.4032163331119956,1.6517037558581698,4.202656535650185
FOODS_3_080_TX_3_validation,10.103540327092764,9.782327508966299,8.313820707396697,5.704950010516684,9.077897136270886,10.691400315206398,10.203616423035026,8.06335981335916,8.499315372121986,7.4194473236807035,7.175569715272915,9.476493850206523,11.71530921408639,11.072545821472225,10.815800481130301,9.519228104791987,6.803279354516597,7.8606007992138505,8.836006600371306,11.996012681586677,13.05808127210896,13.104865198982163,10.275249942284786,9.619354316768122,7.179263671446122,8.668252033740384,10.005051930856517,10.942098683523875
FOODS_3_081_TX_3_validation,0.3362008221806794,0.5347002497224089,0.5574233505454409,1.4708578062623747,0.5880580606602035,0.6548759195982524,0.6500921974748577,0.795947003369704,0.795947003369704,0.9857161735917535,0.8225316857107889,1.0043042892968084,1.1115972056457912,1.037856478663253,1.3169001072920306,0.9591314912506685,0.825526900091073,1.1773494263957986,0.8561616102058356,1.0426402007866478,1.229489731467296,0.9591314912506685,0.795947003369704,0.9857161735917535,0.8225316857107889,0.8561616102058356,0.9229794691438845,0.9181957470204898
FOODS_3_082_TX_3_validation,0.08622543199405518,0.5227529910393613,0.5454760918623933,0.5424808774821093,0.5761108019771559,0.6429286609152048,0.6381449387918101,0.7839997446866565,0.7839997446866565,0.9737689149087059,0.8105844270277414,0.9923570306137595,0.9110322104608369,1.0259092199802056,0.947184232567621,0.947184232567621,0.8135796414080254,0.9737689149087059,0.844214351522788,1.0306929421036004,1.2175424727842485,0.947184232567621,0.7839997446866565,0.9737689149087059,0.8105844270277414,0.844214351522788,0.9110322104608369,0.9062484883374422
FOODS_3_083_TX_3_validation,1.3753072693302542,1.1732783084736247,0.36712207947706216,0.7708246680571506,0.8035758411742451,0.45920957888632896,1.732107253986273,0.7806113463027096,0.7498480793667103,0.7695024465977951,0.9092905750068051,0.9512115709835358,0.7049231380902008,1.9663284936292758,1.0340816394195018,0.9147929986656645,0.7760872631371041,0.935769587356103,0.6403242167180748,0.8210614041491439,1.0345868770233027,0.748525857907355,0.7498480793667103,0.7695024465977951,0.7708246680571506,0.8035758411742451,0.7049231380902008,1.5388133411846951
FOODS_3_084_TX_3_validation,1.1756801963702428,0.9467275595874596,0.5454760918623933,0.5424808774821093,0.5761108019771559,0.6429286609152048,1.2956681974917994,0.9703501004888933,0.9703501004888933,1.1654021677127513,0.8105844270277414,1.1839902834178049,1.5418792803046701,1.4267343781769208,1.3049528486089832,1.3049528486089832,0.8135796414080254,1.1654021677127513,0.844214351522788,1.4090780683560327,1.0259092199802056,0.947184232567621,1.103166455345786,0.9737689149087059,0.8105844270277414,0.844214351522788,0.9110322104608369,1.5370955581812753
FOODS_3_085_TX_3_validation,1.6083381215009376,0.8457076553965063,0.7429994983415423,0.8194900970049841,1.0284408192291075,1.2560854706010687,1.103771894816592,1.1141926412989471,0.979255770466136,0.9826745848859486,1.1443063597568761,1.1928959533950478,1.1085556169399868,1.2264481427614915,0.9560899025448637,1.3138585185862262,0.8224853113852681,1.1743078376899942,1.1933532170938421,1.707739583924958,1.427111338706572,1.756585522904449,1.030102928003778,0.9826745848859486,1.005840452807222,1.1933532170938421,1.4281835846847815,1.103771894816592
FOODS_3_086_TX_3_validation,9.048755005573865,5.4725173583743265,9.478100297759369,7.3829773468386986,8.742270769290297,13.25182424111685,16.660589192572026,9.819086954809311,7.168045434963349,8.588240103262727,6.255370990675531,8.426375874528059,12.784363176257902,13.330680595820187,10.354954480451593,8.614778654268912,9.862661975049324,8.697816579061664,10.259517343832965,12.73512525906969,11.791305229747183,9.021380297139126,6.411901551354783,9.751531233702167,8.402626344803341,8.031613841246939,12.622841815381427,13.332231243261875
FOODS_3_087_TX_3_validation,3.903772622372646,2.3112840689041243,1.6693842805689603,3.3560507904639683,2.2604671957475286,3.1901981234092243,3.6869471829278178,3.7595554910067266,3.3109563702106266,2.347837929238767,1.6641216854890066,1.822606114783972,2.015729123520601,2.926208598791872,3.8740731393241443,2.6973460566626235,2.9458794307368814,1.855575375735356,2.2758728244581974,2.246144078033337,4.318474141588478,4.619695795213534,2.6343826875369465,2.7258621258986317,2.0648432891432633,1.9433126894089798,3.100954323066297,3.78648195480408
FOODS_3_088_TX_3_validation,0.08622543199405518,0.5227529910393613,0.7340938283642996,0.5424808774821093,1.0195351492518645,0.6429286609152048,0.6381449387918101,0.7839997446866565,0.7839997446866565,0.9737689149087059,0.9969347828299783,0.9923570306137595,0.9110322104608369,1.0259092199802056,0.947184232567621,1.138817485371667,0.8135796414080254,0.9737689149087059,1.032832088024695,1.0306929421036004,1.0259092199802056,0.947184232567621,0.7839997446866565,0.9737689149087059,0.8105844270277414,1.1844475471165992,0.9110322104608369,0.9062484883374422
FOODS_3_089_TX_3_validation,1.6268226970209332,1.7881121805700406,3.0518320074826573,3.006238728693961,2.2477855957384563,2.014668296043009,2.283461197061905,1.7101315992451045,1.7101315992451045,2.221573377679007,2.0343165323182726,2.108201818780376,2.0177340444257372,2.189627945313504,1.9015003836768751,1.9015003836768751,1.7427772443491996,1.9809412884253492,1.9153250496702523,2.182128866087649,2.189627945313504,1.9015003836768751,1.9941413333541473,3.0219297777678946,3.123726118792085,2.2486467813181488,2.319744515086736,2.6297924589536357
FOODS_3_090_TX_3_validation,82.32320248511753,62.6554260931504,50.971375938252834,47.86045238247821,73.35795584233236,85.49173786720392,83.80068612717315,65.1767463381038,56.0196316971815,51.7764276466171,50.03398795067151,74.40878727684942,101.93125381013336,92.05985848501372,67.6729344469041,62.134688734834505,50.280581495493365,56.77646272474174,67.10770837534515,87.03644886190042,83.6080209104691,68.08137814650091,56.56548436409444,52.00357477415227,52.63772340316707,69.84646155464617,84.32049761581578,91.35287915687802
FOODS_3_091_TX_3_validation,1.0475795050177386,1.1645376535199334,0.599845945584091,0.5968507312038069,1.1203870946821415,0.9654020641825346,1.3248955702351484,1.0247199542105918,0.8383695984083541,1.0281387686304049,0.864954280749439,1.0467268843354582,0.9654020641825346,1.2734597664211929,1.1931873390933643,1.1931873390933643,1.0565672316316304,1.2197720214344485,0.8985842052444857,1.2766960486293406,1.0818265136171499,1.3663240467831306,1.0247199542105918,1.0281387686304049,0.864954280749439,1.2458187452907465,1.154019800684441,1.1507835184762933
FOODS_3_092_TX_3_validation,0.3417910988054563,0.7266408821494227,0.5630136271702179,0.5600184127899338,0.5936483372849805,0.6604661962230294,0.6556824740996346,0.801537279994481,0.801537279994481,0.9913064502165304,0.8281219623355659,1.0098945659215852,0.9285697457686615,1.0434467552880298,0.9647217678754455,0.9647217678754455,0.83111717671585,0.9913064502165304,0.8617518868306125,1.0482304774114246,1.0434467552880298,0.9647217678754455,0.801537279994481,0.9913064502165304,0.8281219623355659,0.8617518868306125,0.9285697457686615,0.9237860236452667
FOODS_3_093_TX_3_validation,1.8561333947597431,1.4695373360134847,1.2872986218149254,1.3214830769486747,2.466280720816243,3.189973254298546,3.4775338313412147,1.8932111558817837,1.4480933030739844,1.920546835356965,1.6642946381935477,3.378421157412817,3.032407171347877,3.724407038902586,2.434635397433089,1.6024572163375275,1.8844647434345552,1.8423400597813189,2.9586214434530396,2.8416738694479036,3.2074374333001203,2.3099938366954085,1.5861871882292053,1.8843383849460766,1.900851759665514,2.575880431926968,2.803361797597977,2.9799699575129446
FOODS_3_094_TX_3_validation,1.6867526727268205,1.3105289400726412,1.0111030478871756,0.551386547459352,0.7736342084563049,0.6518343308924476,1.887849303380267,1.2325483587477046,1.5238041392189265,1.2279920586964723,1.1443063597568761,1.368957426989207,0.9199378804380797,1.6097441447958487,1.201407376355388,1.321882045969027,1.0111030478871756,1.3503693112841535,0.8531200215000307,1.0395986120808434,1.2493577074738313,1.3138585185862262,1.112072125323029,1.1743078376899942,0.8194900970049841,0.8531200215000307,0.9199378804380797,1.5460012281585183
FOODS_3_095_TX_3_validation,0.10070592111624665,0.5372334801615528,0.5599565809845848,0.5569613666043007,1.1989280362387904,0.6574091500373963,0.842790604331155,0.7984802338088479,0.9848305896110847,0.9882494040308973,1.0114152719521712,1.0068375197359523,0.9255126995830284,1.2335704018216869,1.1532979744938583,0.9616647216898124,1.0166778670321244,0.9882494040308973,0.8586948406449795,1.0451734312257916,1.041937149017644,0.9616647216898124,0.7984802338088479,0.9882494040308973,0.8250649161499328,1.0473125771468863,0.9255126995830284,0.9222764173748809
FOODS_3_096_TX_3_validation,0.4146323049544455,0.9914804757457413,1.4524075343664566,0.5636112527389573,1.0406655245087122,0.6640590361720529,0.8478930505505644,1.414910704852656,0.9914804757457413,0.9948992901655539,0.8317148022845894,1.8239091365870346,1.1904387940517163,1.2386728480410962,1.1599478606285147,1.1599478606285147,1.0233277531667808,1.3625940165637582,1.0406655245087122,1.243456570164491,1.2386728480410962,1.1599478606285147,0.9914804757457413,1.186532542969599,0.8317148022845894,1.2055779223734469,0.932162585717685,0.9273788635942902
FOODS_3_097_TX_3_validation,1.1481774851947364,1.8243122820777715,1.2648145067524854,1.1874111533538265,1.5794437814767874,1.3928755418146594,0.9062484883374422,0.7839997446866565,0.9467275595874596,0.9737689149087059,0.8105844270277414,1.3707421568661942,1.6799916832076962,1.4267343781769208,1.3049528486089832,1.747679852927206,1.631948459614075,1.5511517455487431,1.681646831117941,1.66275727389319,2.229084610432563,1.814190355030006,1.4802561989336431,1.5361051869188362,1.8757587399968871,2.2758728244581974,1.6589636156518677,1.4635700974145098
FOODS_3_098_TX_3_validation,0.10735580725090313,0.9147435059590769,0.7552242036211476,0.8317148022845894,0.7858589137359102,0.6640590361720529,0.6592753140486581,0.8051301199435045,0.8051301199435045,1.186532542969599,0.8317148022845894,1.0134874058706087,0.932162585717685,1.4147343216352555,1.1599478606285147,1.3260832238658309,0.8347100166648734,1.3625940165637582,1.0539624632815427,1.243456570164491,1.2386728480410962,0.968314607824469,0.8051301199435045,0.9948992901655539,1.0180651580868276,0.865344726779636,0.932162585717685,0.9273788635942902
FOODS_3_099_TX_3_validation,11.320256461382677,9.195864010930709,6.91264259247627,5.928841131997147,5.820209809609427,5.788105291912282,8.397247053990002,8.183929791056192,7.703229233216807,8.476776392596905,4.980257077329999,6.565486800233144,7.124704504866383,8.94742837185421,8.946421354119698,8.709030834089972,7.0396327877076175,6.998704839600268,7.790843310172224,7.729341947419574,10.084495278150499,10.496710556565997,7.992018009315322,8.069794821023162,7.0828990369731475,6.075150874959424,6.194445259031634,9.344746539575478
FOODS_3_100_TX_3_validation,0.6490675965089963,1.1228245066295284,0.9417906996255178,0.5600184127899338,0.5936483372849805,1.9337085869111073,0.9860404791723297,0.801537279994481,0.801537279994481,0.9913064502165304,1.0144723181378041,1.201527818725629,1.1038905434977375,1.411141481686232,1.6229366293627199,1.2100392416859693,0.83111717671585,1.1829397030205755,1.0503696233325193,1.2398637302154676,1.0434467552880298,1.3305139112996083,1.1207039906536103,0.9913064502165304,0.8281219623355659,0.8617518868306125,1.5594168156124943,1.177292547677937
FOODS_3_101_TX_3_validation,3.8991946579101726,2.3589578450492614,1.8199594579910785,1.8479375434674417,2.2472260364667216,3.1859257010278137,4.732433631593144,3.609372267119358,2.231147926376841,2.8704931126080018,2.0557136762012016,2.19146529710712,4.225904155624952,5.967423355067481,4.272669371567289,2.497362268883025,2.8521535645925695,2.344555361798513,1.995573011694858,3.1877307842776537,4.431292576824997,4.423915180132961,2.20605645979868,2.5510453791444005,2.2887246517187396,1.995573011694858,2.391719524320248,3.181076928746447
FOODS_3_102_TX_3_validation,0.5227529910393613,0.7091033468415981,0.8135796414080254,0.7288312332843461,0.5761108019771559,1.3045510705454448,0.9062484883374422,0.7839997446866565,0.7839997446866565,1.1654021677127513,0.8105844270277414,0.9923570306137595,0.9110322104608369,1.2175424727842485,0.947184232567621,0.947184232567621,0.8135796414080254,1.1654021677127513,0.844214351522788,1.0306929421036004,1.2175424727842485,0.947184232567621,0.7839997446866565,1.1654021677127513,0.8105844270277414,0.844214351522788,0.9110322104608369,1.094866224839349
FOODS_3_103_TX_3_validation,0.1037629673018797,0.5402905263471859,0.5630136271702179,1.1529382250874574,1.0503696233325193,0.6604661962230294,1.0476090986971847,0.801537279994481,1.1207039906536103,0.9913064502165304,1.0144723181378041,1.0098945659215852,1.117187482270568,1.2350800080920727,0.9647217678754455,0.9647217678754455,1.4488146944174332,1.3590011766147347,1.0503696233325193,1.0482304774114246,1.0434467552880298,0.9647217678754455,0.801537279994481,0.9913064502165304,1.0144723181378041,1.0503696233325193,0.9285697457686615,0.9237860236452667
FOODS_3_104_TX_3_validation,0.979255770466136,1.4026859995730512,0.5543817618396361,0.8194900970049841,0.5850164719543987,1.260171076031891,1.103771894816592,0.7929054146638992,0.979255770466136,0.9826745848859486,1.005840452807222,1.0012627005910035,0.9199378804380797,1.2264481427614915,0.9560899025448637,0.9560899025448637,0.8224853113852681,0.9826745848859486,1.4839670913438643,1.2312318648848863,1.4025096163556507,1.14772315534891,0.979255770466136,0.9826745848859486,1.005840452807222,0.8531200215000307,1.1085556169399868,1.103771894816592
FOODS_3_105_TX_3_validation,0.7553471883045055,0.5081894102001041,0.5309125110231361,0.7142676524450888,0.5615472211378987,0.6283650800759476,0.6235813579525529,0.7694361638473992,0.7694361638473992,1.3269000604676533,0.7960208461884841,1.1694267025785476,1.2367018252153907,1.0113456391409483,1.290389267769726,1.1242539045324098,0.7990160605687682,0.9592053340694486,0.8296507706835308,1.2077626140683861,1.3790403655391505,1.1242539045324098,0.7694361638473992,0.9592053340694486,0.7960208461884841,0.8296507706835308,0.8964686296215797,0.891684907498185
FOODS_3_106_TX_3_validation,2.2481014552223852,2.66343144739069,1.5974218517993635,1.3934077945325707,1.2358659126106661,1.3261735334319136,2.527871831689562,2.017155566897681,1.9587764352201391,3.2977723933797334,1.8541201662185793,1.854793306182173,2.5975249581431554,2.9125571575665554,2.457167256128801,1.9015003836768751,2.8521535645925695,2.302194703674665,1.9153250496702523,3.0469363698833285,2.9549178156904037,2.1912039273217943,1.7131973476278313,2.221573377679007,1.7730227105252323,1.9153250496702523,2.3147710085257143,3.51162087948486
FOODS_3_107_TX_3_validation,1.3067368969289792,1.60313558921545,1.322615886779702,0.9189905692377397,1.180361941685777,1.9386179617577999,2.4642563897816596,1.2851190572659013,1.2585859811704043,1.7841906456251333,1.3173532916997484,1.6604980024578766,1.4731235038392656,2.1975597661482986,1.814190355030006,2.1075721719323353,1.2648145067524854,1.3414636413069105,1.9181863566768569,1.4362877846016766,1.2404520374965884,1.8539763734618449,1.4802561989336431,1.1654021677127513,0.8105844270277414,1.3524600557694897,1.7540221507088074,1.276322627910304
FOODS_3_108_TX_3_validation,1.842881382114423,1.8748332866652522,1.5381179859838494,1.6741349775528118,1.9925072633121312,2.109800562969297,2.1172996421951518,1.9910755849714206,2.5730166396737464,2.2305333688083118,2.353386450392243,2.108201818780376,2.319744515086736,2.5190999467788973,2.720745975144569,2.6301108849401196,3.0957480333157212,2.302194703674665,1.995573011694858,2.182128866087649,2.483116256974553,2.1823397095199155,1.9618421836028659,2.3048368560057524,1.8510032918501684,2.2173355203312526,2.097982006450341,2.105481085676196
FOODS_3_109_TX_3_validation,5.5753237103083775,3.371974864024436,5.999163527273221,4.497407462343845,7.152080009648056,10.162922002666008,9.31220843216271,5.459806274841985,2.868205425870727,4.069780024258153,3.1085827726833353,4.384757781981873,5.384726607363283,6.3336465735801655,4.291153075101832,4.478797561072017,3.0806046872069714,2.711389988987148,3.019835314915077,3.72922603952397,4.849378348404996,3.664021548856026,3.0002006191326127,5.282767204474017,4.302334548159747,5.712555113183192,7.762891869523406,8.219765447639308
FOODS_3_110_TX_3_validation,0.06335783569985415,0.7515916505110124,0.36712207947706216,0.5251111088532782,0.5578622819703731,0.7049231380902008,0.6214438587002745,0.5888638356102093,0.5888638356102093,0.7695024465977951,0.6098404243006493,0.9512115709835358,0.8681747625463708,1.462818919305299,1.3813746073488933,0.748525857907355,0.6128356386809334,0.7695024465977951,0.6403242167180748,0.8210614041491439,0.820044059506919,0.748525857907355,0.8826644342236029,0.7695024465977951,0.6098404243006493,0.6403242167180748,0.8681747625463708,0.7039057934479762
FOODS_3_111_TX_3_validation,0.961208048709651,0.7235838359637896,0.8280601305302169,0.5569613666043007,1.1989280362387904,0.9255126995830284,1.1108941538767874,0.9848305896110847,0.7984802338088479,0.9882494040308973,1.0114152719521712,1.0068375197359523,0.9255126995830284,1.041937149017644,1.1532979744938583,0.9616647216898124,1.0166778670321244,0.9882494040308973,0.8586948406449795,1.0451734312257916,1.041937149017644,1.3194333377311744,0.7984802338088479,1.1798826568349425,0.8250649161499328,1.0473125771468863,1.1141304360849351,1.1108941538767874
FOODS_3_112_TX_3_validation,2.5785756639520017,1.532391407247878,1.0596828247251462,0.8194900970049841,1.6050852309897397,2.3729249504834393,2.3626098746925277,1.5442211847215679,1.2325483587477046,1.1743078376899942,0.8194900970049841,1.2158055181073877,1.4281835846847815,1.6097441447958487,1.5263383052133654,1.3124617987501244,1.0111030478871756,1.7930963156023763,1.6789605798345286,1.6264682164543767,2.765999258944915,3.4937050723667586,1.4916155310590784,1.1743078376899942,1.1407773236400314,1.1892676116630199,2.069652453890087,1.9741089815486321
FOODS_3_113_TX_3_validation,1.8244983264247383,1.2199748012766405,1.4120801901700084,1.6411884217822237,1.4182108470382653,1.0451134177968342,1.2289474321753446,1.5410597051828832,2.792654731567424,2.045176540366287,2.0449233474803754,1.7476196216714504,1.7886338644514426,2.619848621205182,2.694247677179239,2.9965948980222703,2.010775309161233,1.9662483875614123,2.110161835820531,2.0591762728316527,2.6725831795333392,2.9965948980222703,2.3328024629209003,2.242864166619415,1.8363103909862315,1.8081513651595296,1.894781451169739,2.146521866538025
FOODS_3_114_TX_3_validation,0.9703501004888933,0.7839997446866565,1.1939489493503836,0.5424808774821093,0.5761108019771559,1.251265406054648,1.094866224839349,1.3937803295958082,1.103166455345786,1.3414636413069105,0.9969347828299783,1.3600517570119641,0.9110322104608369,1.3936039463784078,1.138817485371667,0.947184232567621,0.8135796414080254,1.3414636413069105,0.844214351522788,1.0306929421036004,1.3936039463784078,1.138817485371667,0.9703501004888933,0.9737689149087059,0.8105844270277414,0.844214351522788,1.0996499469627439,1.094866224839349
FOODS_3_115_TX_3_validation,1.4897946529298354,1.279716356427252,1.8372829713881196,1.5956795581602627,1.1084563493663673,1.9373014268601307,2.374834579972133,1.0423276332833826,0.8051301199435045,1.360691433589716,1.153002028919636,1.0134874058706087,1.2683101758806734,1.6219688500754534,1.504563864995935,1.504563864995935,1.6414869136102672,1.5606901995449354,1.1084563493663673,1.4195180437586503,1.6219688500754534,1.7389230264509843,1.4897946529298354,2.1539568535053784,1.8852971939930794,1.2164952554589665,1.5630096555615178,1.6620118750363677
FOODS_3_116_TX_3_validation,2.2860170895227627,2.258347489054021,2.066560378920185,1.5536705512959452,2.1282469548546064,1.7855681160687158,2.8510494256593946,1.9653849049117047,1.6954386983811676,1.9133921651540224,1.7583298096612954,2.0010281342696543,1.894781451169739,2.6725831795333392,2.442474355264865,2.498150550063913,2.016945262004012,2.8968510370500624,2.102127954985716,2.142439751158396,2.426374656394691,2.498150550063913,1.9794484324902104,2.5346613427618414,2.4550993319037824,1.8883993271841353,1.9750294131943447,1.965476006769589
FOODS_3_117_TX_3_validation,10.622178368958673,8.751707819007713,5.506664460636149,7.9240045759756255,10.313593176531239,13.38050976632184,11.677930298235019,9.349098317036574,9.455472792450685,6.660242562687907,6.804403035014508,8.415203447144282,12.283320708268635,11.458760872284524,11.225569716545246,8.966591716541352,8.226350032915876,8.341605408902934,9.277193889275992,12.377820808901525,10.592225773244472,11.34509071737972,8.561347267992666,7.740045331681442,7.811888307720979,10.165964694569015,10.986264802054722,12.194459736030435
FOODS_3_118_TX_3_validation,3.1623190656101294,2.9135862458082857,3.6539928376852666,1.8673897066989145,2.469983748247052,2.1937261734480127,2.633232315111389,2.366814475660215,2.2250275200825205,2.5961654495187108,2.5159727015732876,2.3335671736691856,1.894781451169739,3.2509943527858494,2.442474355264865,2.8074840219447434,2.623054460822914,2.9725865272870604,2.102127954985716,2.142439751158396,3.2509943527858494,2.694247677179239,3.165384813992856,3.8760849617027175,2.6150666995018264,2.9784962657631002,2.4585617597411957,2.6362980634941158
FOODS_3_119_TX_3_validation,0.7874483044515873,0.801537279994481,0.5630136271702179,0.9365281045455642,0.5936483372849805,0.6604661962230294,1.0476090986971847,0.801537279994481,0.9878876357967178,1.1829397030205755,1.0144723181378041,1.201527818725629,0.9285697457686615,1.2350800080920727,1.3224903839168074,1.1563550206794913,1.158200820167411,0.9913064502165304,1.2019850824244234,1.0482304774114246,1.0434467552880298,1.1563550206794913,0.9878876357967178,0.9913064502165304,0.8281219623355659,0.8617518868306125,0.9285697457686615,0.9237860236452667
FOODS_3_120_TX_3_validation,23.210091183034738,24.785004558129348,24.68914842483843,21.487415946542434,20.00314993196275,26.540900479420372,26.59749296279381,19.40233608323672,19.265510024435127,18.94454269637648,19.949580630060158,22.60425749210898,27.266047620017027,29.529379342686426,27.73944753876341,25.74772119318913,21.369429697239788,24.805304774982897,20.43693620545018,28.66207591058691,36.91708601220976,29.736314898728544,27.30598988160176,24.66407920228016,22.056296241517575,18.80501702854221,26.548526745896165,30.501554625767824
FOODS_3_121_TX_3_validation,2.416012730859514,1.789242773624094,1.1677217308177454,1.005840452807222,1.5883494514540304,2.702756523335335,3.3205631920706904,1.532391407247878,1.2325483587477046,1.3503693112841535,1.1443063597568761,1.576191955429405,2.0161060840502523,2.2203832559728207,1.5263383052133654,1.4923391597163302,0.8224853113852681,1.3503693112841535,1.0284408192291075,1.2541414295972262,1.9641261240367847,1.5263383052133654,1.5917653788168618,1.3390464810912086,1.005840452807222,1.6050852309897397,2.050156485452922,2.5161248382230093
FOODS_3_122_TX_3_validation,1.2006826011551046,0.7839997446866565,1.5523952987554843,1.1777946521978806,1.180361941685777,0.6429286609152048,0.6381449387918101,1.103166455345786,0.7839997446866565,1.1757187495968189,0.8105844270277414,1.3600517570119641,1.5418792803046701,1.4267343781769208,0.947184232567621,1.138817485371667,0.8135796414080254,1.3414636413069105,0.844214351522788,1.9600041761829365,1.6165378494999698,1.4950254109997427,0.9703501004888933,1.1654021677127513,0.8105844270277414,1.1844475471165992,1.0863530081899133,1.0815692860665185
FOODS_3_123_TX_3_validation,0.9541654320728487,0.5227529910393613,0.5454760918623933,0.7288312332843461,0.5761108019771559,0.9110322104608369,1.0815692860665185,0.7839997446866565,0.7839997446866565,0.9737689149087059,0.9969347828299783,0.9923570306137595,0.9110322104608369,1.0259092199802056,0.947184232567621,0.947184232567621,0.8135796414080254,0.9737689149087059,0.844214351522788,1.0306929421036004,1.3936039463784078,0.947184232567621,0.7839997446866565,0.9737689149087059,0.8105844270277414,0.844214351522788,1.0996499469627439,1.2464816839312531
FOODS_3_124_TX_3_validation,2.43571191210418,2.4708065367813834,0.8714723449253431,0.8225316857107889,2.6620483721345782,1.5286460591627589,3.014035244974103,2.5957809089527863,1.66187707616817,1.342088069797013,1.0088820415130273,1.6289828168425304,3.418579373582215,2.366578694336015,3.4810406369916955,3.4944991302792037,2.156338038486924,1.8706720270013983,1.314311646364766,2.8083861554512164,2.42503862683815,3.1269086499681658,2.0892568757934673,1.472701097933511,1.1438189123458358,1.7540381405854149,1.833307560943454,2.016097065091966
FOODS_3_125_TX_3_validation,1.1553057815239063,1.1176469444679773,1.0166778670321244,0.7433117224065375,0.5905912910993474,1.2657458951768392,1.7750717296666276,1.9826456837613655,1.0356777471487262,0.9882494040308973,0.8250649161499328,1.0068375197359523,1.5563597694268614,1.8849923532667086,1.5319131243583137,1.3180366178950726,1.0166778670321244,0.9882494040308973,1.0473125771468863,1.2597162487421745,1.2564799665340267,1.1636145563779259,0.9848305896110847,1.1798826568349425,0.8250649161499328,0.8586948406449795,1.1141304360849351,1.2625096129686915
FOODS_3_126_TX_3_validation,2.131719882661452,1.1583628277095392,1.1546717840505663,1.4116038545378722,1.369997591077314,1.823421651963114,2.332413518043026,1.4862018129808119,0.801537279994481,1.3590011766147347,1.1529382250874574,1.0098945659215852,2.183878484027979,3.0419033809445715,1.4548796505282982,1.835981023484762,1.1763535961483267,1.3590011766147347,1.7289992843732966,1.6717660997534223,2.507916720477245,1.6922288715876972,1.2411802240782859,1.3590011766147347,0.8281219623355659,1.369997591077314,2.0195360141798817,3.01962552159888
FOODS_3_127_TX_3_validation,1.1367626756148188,0.5402905263471859,0.9417906996255178,1.8740840518194428,1.1048635094173438,1.823421651963114,1.7969007350666109,1.1445063187272888,1.5507556341834763,1.3476783464217899,1.1494091889706126,1.6780355377657008,1.6679724415121,1.5789492150019233,1.3210936640807056,1.1666716025635588,1.0197349132177573,1.1829397030205755,1.0370726845596887,1.6231597322498248,1.8724988196435237,1.2100392416859693,0.801537279994481,0.9913064502165304,1.1529382250874574,1.0503696233325193,2.0195360141798817,2.021687341716743
FOODS_3_128_TX_3_validation,1.030102928003778,0.7929054146638992,0.933158834294936,1.005840452807222,0.9769430965519481,0.6518343308924476,1.2513017484776738,0.7929054146638992,1.112072125323029,0.9826745848859486,0.8194900970049841,1.368957426989207,0.9199378804380797,1.2264481427614915,0.9560899025448637,0.9560899025448637,0.8224853113852681,1.3503693112841535,0.8531200215000307,1.2312318648848863,1.0348148899574485,1.14772315534891,0.979255770466136,0.9826745848859486,1.005840452807222,0.8531200215000307,0.9199378804380797,1.255387353908496
FOODS_3_129_TX_3_validation,0.5227529910393613,1.16330891573492,0.9763074563088284,0.5424808774821093,0.844214351522788,1.6820047827217746,1.4416800847310978,0.7839997446866565,0.7839997446866565,0.9737689149087059,0.8105844270277414,0.9923570306137595,1.4192779147075385,1.3936039463784078,0.947184232567621,0.947184232567621,1.0021973779099322,0.9737689149087059,0.844214351522788,1.0306929421036004,1.3936039463784078,0.947184232567621,0.7839997446866565,1.3414636413069105,0.8105844270277414,1.032832088024695,1.6799916832076962,1.276322627910304
FOODS_3_130_TX_3_validation,1.3676040910077618,0.5227529910393613,0.5454760918623933,0.5424808774821093,1.1844475471165992,1.7638275227525841,1.7878919092063785,1.13856070468012,0.9703501004888933,1.8648353017129207,1.1651453870212043,1.3600517570119641,1.2471798006238257,1.6008384748186058,1.2040936276388006,0.947184232567621,1.137134248742742,1.1654021677127513,1.1844475471165992,1.2223261949076434,1.6008384748186058,1.3151480500335369,0.7839997446866565,0.9737689149087059,0.8105844270277414,1.032832088024695,1.251265406054648,1.7590438006291893
FOODS_3_131_TX_3_validation,2.9282791466722218,2.2074392292004155,1.6461568920764487,2.5855193819996463,2.059185484192517,2.809987407970398,2.7434256014137355,2.7313383079953164,2.4611855770202933,2.257557067483351,2.5204811935338385,2.4831015163037553,2.391719524320248,2.566379735301298,3.0230931959876,2.2335645854456425,2.325408364915879,2.603901601551791,2.2486467813181488,2.815203440796862,4.199370146120794,3.696070691305745,2.4040662967465942,2.0113485443447026,3.191870132637105,2.2486467813181488,2.8130531563531247,3.574466715590675
FOODS_3_132_TX_3_validation,0.39350192969759756,1.2904970188913687,1.351233160168023,1.8565465165116186,1.3723142582835681,1.3361950619221326,1.0300715633893605,0.7839997446866565,1.103166455345786,0.9737689149087059,1.2908202156042514,1.3600517570119641,0.9110322104608369,1.8363309506966305,1.3151480500335369,1.138817485371667,1.0021973779099322,1.3414636413069105,1.5961795610124967,1.4362877846016766,1.6008384748186058,1.3151480500335369,0.7839997446866565,1.641909886752823,1.3173532916997484,1.180361941685777,1.5418792803046701,1.3833221353899037
FOODS_3_133_TX_3_validation,7.2384745764920435,3.565910004194663,4.375302434159531,2.413901693272787,3.246161029949809,4.230322691984173,5.059006495785121,6.1825176831953375,4.966119516592446,4.007336407570335,3.3980009467583625,5.250131786910387,5.520216060838076,6.996607284321602,5.335297127652853,4.515942087792585,4.126957524427474,4.097465788561191,4.668775433072763,5.890407495118245,8.874032179957773,7.558191223568293,4.720668240987895,5.668260270676885,3.9975087738762958,4.668775433072763,5.338282052920963,7.1085908199668175
FOODS_3_134_TX_3_validation,3.062187094350885,2.1795981394067945,1.0012021836832423,1.890312076008893,0.8634201855754856,1.5548591124635753,2.2084947752892212,1.4568669197371729,1.4467064128833618,1.1838497641496504,1.1332063384469913,1.1992917477770826,1.258517905472657,1.4416259054989713,1.148523672276895,1.6620143118448496,1.1534100883617864,1.4842960095955628,1.0236875378817176,1.7934627596212913,1.7819646546565775,2.364001778800741,1.14519409376331,1.0077882905554911,1.2684006868723952,0.7088204543336433,1.8412384696371749,1.4956720703534563
FOODS_3_135_TX_3_validation,7.75655458059574,6.56801060412937,4.764688657718093,2.9748027889246056,7.62273684820864,9.863607834345324,7.7643279134758965,7.9079358258008785,8.037979374665696,6.399375872717269,5.294072113994321,8.761404744656515,9.72386124296894,8.704074239606488,7.746748616516373,8.776728830113704,5.638983365165287,7.188270364840414,7.845552147260222,9.84982261045845,8.856267422142444,7.746748616516373,6.848258464510341,6.23304445264578,4.917710243825676,8.35789600480087,10.589599525913572,9.512688091276226
FOODS_3_136_TX_3_validation,8.141950204536752,6.312525283917018,8.259501097335008,7.940648284465892,10.389354742164565,8.9618392158786,9.563228676090372,8.254843287850038,7.302337989441109,9.930406702336235,6.859350950616903,9.140422521808128,11.694953471689091,13.931658900741867,9.94679675525971,8.341279654450771,7.5055755888464635,7.29211976339716,9.452380268847099,12.30524092460736,12.665148647485642,10.170751854968263,6.778353351215851,7.853316115801749,6.455091664556122,7.1993198617499985,8.859330231843407,10.322523501731345
FOODS_3_137_TX_3_validation,0.6327236683072046,0.7091033468415981,0.5454760918623933,0.7288312332843461,0.844214351522788,0.6429286609152048,0.6381449387918101,0.7839997446866565,0.7839997446866565,0.9737689149087059,0.9969347828299783,0.9923570306137595,0.9110322104608369,1.2175424727842485,1.138817485371667,0.947184232567621,1.0021973779099322,0.9737689149087059,1.032832088024695,1.2223261949076434,1.3936039463784078,1.3049528486089832,0.7839997446866565,0.9737689149087059,0.8105844270277414,1.032832088024695,0.9110322104608369,0.9062484883374422
FOODS_3_138_TX_3_validation,2.57394776658533,1.3676040910077618,0.9763074563088284,1.7552696564231318,2.4976185332177976,1.6589636156518677,1.7510126575654708,3.311167570212114,1.3676040910077618,1.1654021677127513,1.1318716536627884,2.3905620892767065,2.0222319222812657,2.2365906716085813,2.7773558456268552,2.4014978980927086,1.322615886779702,0.9737689149087059,1.6970096638145353,3.33235882318742,1.926034974206107,3.8114064840183626,1.8541093913395443,1.53153620369767,1.6266858645341213,1.3942042709669802,1.6658205222096831,1.4635700974145098
FOODS_3_139_TX_3_validation,0.6472041574293961,1.2730664702925956,0.8280601305302169,0.7433117224065375,1.408941342233249,1.1141304360849351,1.0460994924267988,0.9848305896110847,0.7984802338088479,0.9882494040308973,0.8250649161499328,1.0068375197359523,1.2657458951768392,1.2335704018216869,0.9616647216898124,0.9616647216898124,1.0166778670321244,1.3559441304291018,1.4895419104888126,1.2368066840298346,1.041937149017644,1.3194333377311744,1.1176469444679773,1.1798826568349425,0.8250649161499328,1.4895419104888126,1.1141304360849351,0.9222764173748809
FOODS_3_140_TX_3_validation,0.7266408821494227,1.4113178649036324,0.993844991616653,0.5600184127899338,0.7822660737868867,0.9285697457686615,0.9237860236452667,0.801537279994481,1.1207039906536103,0.9913064502165304,1.4435520993374795,1.201527818725629,1.2688029413624722,1.0434467552880298,0.9647217678754455,1.7652173882350302,1.1763535961483267,1.1829397030205755,1.2019850824244234,1.2398637302154676,1.0434467552880298,0.9647217678754455,1.1228245066295284,1.3590011766147347,0.8281219623355659,0.8617518868306125,1.117187482270568,1.1124037601471732
FOODS_3_141_TX_3_validation,0.09513110197129801,0.7180090168188409,0.7429994983415423,0.551386547459352,1.0284408192291075,1.0437609554899983,0.8356683452709591,0.7929054146638992,0.979255770466136,0.9826745848859486,0.8194900970049841,1.1928959533950478,0.9199378804380797,1.0348148899574485,0.9560899025448637,0.9560899025448637,0.8224853113852681,0.9826745848859486,0.8531200215000307,1.0395986120808434,1.0348148899574485,0.9560899025448637,0.7929054146638992,0.9826745848859486,0.8194900970049841,1.1933532170938421,0.9199378804380797,0.9151541583146849
FOODS_3_142_TX_3_validation,0.6490675965089963,0.5402905263471859,0.5630136271702179,0.5600184127899338,0.7822660737868867,0.6604661962230294,0.8443002106015409,0.801537279994481,0.9878876357967178,0.9913064502165304,0.8281219623355659,1.0098945659215852,0.9285697457686615,1.0434467552880298,0.9647217678754455,0.9647217678754455,0.83111717671585,1.1829397030205755,0.8617518868306125,1.4159252038096268,1.0434467552880298,1.1563550206794913,0.801537279994481,0.9913064502165304,0.8281219623355659,0.8617518868306125,0.9285697457686615,0.9237860236452667
FOODS_3_143_TX_3_validation,0.5227529910393613,1.103166455345786,0.9242531643176932,0.9969347828299783,0.7647285384790622,0.9110322104608369,1.2464816839312531,0.7839997446866565,0.7839997446866565,1.1654021677127513,0.8105844270277414,1.1839902834178049,1.6799916832076962,1.4267343781769208,0.947184232567621,0.947184232567621,0.8135796414080254,0.9737689149087059,0.844214351522788,1.6056221969420006,1.9357027935302331,1.2040936276388006,0.9703501004888933,0.9737689149087059,0.9969347828299783,0.844214351522788,1.2471798006238257,1.2423960785004309
FOODS_3_144_TX_3_validation,2.4278320545622587,1.9312686005210944,1.322615886779702,1.1354006897796332,1.6970096638145353,2.979137858307044,3.8085795587154716,1.8259521763786573,1.3132151913560537,1.3414636413069105,1.1354006897796332,1.2068998481301447,1.4937224081259708,2.8076950221058086,1.7778252799388035,1.4950254109997427,1.431277159109609,1.641909886752823,1.681646831117941,2.2386380168573186,1.9264566908015681,1.4457610781700347,1.5148984692416836,1.341732732374621,1.1318716536627884,1.3524600557694897,2.066429638528493,2.7766638776013455
FOODS_3_145_TX_3_validation,0.09513110197129801,0.5316586610166041,0.5543817618396361,0.551386547459352,0.9769430965519481,0.6518343308924476,0.6470506087690528,0.7929054146638992,0.7929054146638992,0.9826745848859486,0.8194900970049841,1.0012627005910035,0.9199378804380797,1.0348148899574485,0.9560899025448637,0.9560899025448637,0.8224853113852681,0.9826745848859486,0.8531200215000307,1.2312318648848863,1.0348148899574485,0.9560899025448637,0.7929054146638992,0.9826745848859486,0.8194900970049841,0.8531200215000307,0.9199378804380797,0.9151541583146849
FOODS_3_146_TX_3_validation,3.1959603146383393,3.451121559122253,1.9921366326990027,1.3401552111195298,1.364407314452537,2.326279826439856,3.992191257627441,2.25556468632976,1.7922843623298983,1.472701097933511,1.559079962358578,1.3862058365999934,1.259127059306873,2.7758064218096363,1.9307627868037027,1.729739909877184,1.6323037970364669,2.158966922251475,2.082487374753767,1.3286519114423958,3.264405858294156,1.9307627868037027,2.6302484818167673,2.3130951622443,1.5128457707898821,1.5803997202019742,2.4987358943027385,3.41993068064574
FOODS_3_147_TX_3_validation,0.9413573105605211,1.9953212304940033,1.7470746407979292,1.175108400914468,2.0772292724414925,2.310740355864152,2.7008729674958754,2.130972046386341,2.5129862771647336,1.7649268928656556,1.0566876103448621,1.2158055181073877,1.0952586781671563,1.4956511087671203,1.1580397372329776,1.3916841527082606,0.9852131262860712,0.9826745848859486,0.8531200215000307,1.0395986120808434,1.0348148899574485,0.9560899025448637,0.7929054146638992,0.9826745848859486,0.8194900970049841,0.8531200215000307,0.9199378804380797,0.9151541583146849
FOODS_3_148_TX_3_validation,0.23811474880638867,2.0383024252390407,1.5493998732869738,2.0319077076982075,2.5923004240516976,2.4057686382565273,2.2892269991312437,1.7281465165787635,1.8941017634758703,2.1120552302487257,2.451404582118022,3.40115367373155,2.8861758797148513,3.5909219666238643,2.683530584236612,2.4175347496764084,2.1483749931780793,2.4271501202008716,2.3605890356940606,2.987414236879995,4.479483800206301,3.03104606112098,2.327241807893272,2.1120552302487257,2.176353078654443,2.6091238541049617,3.2989198174662637,4.526418980458168
FOODS_3_149_TX_3_validation,0.1708814148857526,0.8845954320111464,0.9073185328341784,0.9375639990102115,2.923532097192145,0.9829409335429256,0.6381449387918101,0.7839997446866565,0.9703501004888933,0.9737689149087059,0.8105844270277414,1.4531932494234336,0.9110322104608369,1.0259092199802056,0.947184232567621,0.947184232567621,0.8135796414080254,0.9737689149087059,0.844214351522788,1.0306929421036004,1.0259092199802056,0.947184232567621,0.7839997446866565,0.9737689149087059,0.8105844270277414,1.7847416839000225,1.1778371282424605,0.9062484883374422
FOODS_3_150_TX_3_validation,14.498913630401326,13.114695574712803,13.012628333278524,15.061269103004895,14.649141315839278,17.84313805516003,19.625898389158433,14.054437393089781,11.197606741444227,13.630650932598824,13.272443749431007,17.412216303799422,17.969036851545898,20.12056135710945,16.128326431637586,14.549958237252437,15.668015231374174,17.25217357651067,15.84111250369389,16.89810219533295,18.96383740542115,17.17247653157024,13.471953967658298,17.451651600275415,16.586710127916305,15.614289735825883,18.450674978609506,19.285159178875222
FOODS_3_151_TX_3_validation,3.3936349413112,2.9501171769295875,3.5040822264112297,3.7134819979694518,2.858995213866801,2.6913609033150836,3.162582015005503,3.1557885416824507,3.65148781233641,3.943474314057245,3.155274404867546,4.032831063329804,2.839083965219971,4.4891893451456015,2.9362238016084135,4.715221046590905,4.31887987677782,4.981556380929339,3.887329237480763,4.887988385062791,6.737286195364284,3.869363967934676,3.9591185511032814,5.049224985483932,4.565916737525509,3.887329237480763,3.5244672420123657,4.2770246268080925
FOODS_3_152_TX_3_validation,1.2352346100311171,1.16330891573492,1.8199993451705736,2.816555694208437,3.247065625193415,2.3693541076507225,2.3622329141628766,1.2851190572659013,0.7839997446866565,1.3395610583328683,2.0479259531661556,2.1791224164438514,2.0222319222812657,1.6532038674684342,1.3151480500335369,0.947184232567621,1.0021973779099322,2.203871826491643,1.5800443827795823,1.66275727389319,2.2365906716085813,1.4950254109997427,0.7839997446866565,1.7841906456251333,1.8757587399968871,2.404420545989116,1.4731235038392656,1.4144941925841437
FOODS_3_153_TX_3_validation,1.145015051715648,0.8577992463337883,1.1590648902338954,1.1932493453676447,1.2254328947391087,1.6767686911531225,1.501065642251513,1.7915096337021315,1.2140880461000247,1.3000462479468404,0.9891015506626163,1.3543676580423447,1.3280846478464747,2.4115283831001664,1.6462564926972192,1.3631690623617612,0.9704471537319883,1.9349447465553145,1.31595005657346,1.4004144226701072,1.459960245063276,1.6914175910482445,1.2140880461000247,1.3000462479468404,1.5265164558323732,1.4239889626660593,1.4673362026960086,1.2951778846916866
FOODS_3_154_TX_3_validation,5.253196482823812,3.893905451936829,4.727191699262198,2.6575052577607217,2.2421976306996565,2.438498847977394,3.542571102969869,2.879481391345855,2.5040120648533715,3.1467852409965653,2.400805825499303,2.717854001910127,1.7407691252256152,2.926585559321523,2.1851717408724434,1.7869421427284935,1.6666980292855478,2.5096480878213203,3.7696123790839873,4.216682503778951,2.85569865545668,2.7402665602802876,2.8567574130683386,4.375512599536287,2.388593108136985,2.072587663783955,3.337714072301982,4.14817960203169
FOODS_3_155_TX_3_validation,0.5227529910393613,0.5227529910393613,0.5454760918623933,0.5424808774821093,0.844214351522788,0.6429286609152048,0.9062484883374422,0.9703501004888933,0.7839997446866565,0.9737689149087059,0.9969347828299783,0.9923570306137595,0.9110322104608369,1.0259092199802056,0.947184232567621,0.947184232567621,1.0021973779099322,0.9737689149087059,0.844214351522788,1.0306929421036004,1.0259092199802056,0.947184232567621,0.7839997446866565,0.9737689149087059,0.8105844270277414,1.032832088024695,0.9110322104608369,1.094866224839349
FOODS_3_156_TX_3_validation,1.6308475152448692,1.9857027299469985,1.2707601207996542,0.9365281045455642,0.7822660737868867,1.117187482270568,1.97541441631294,1.3191608054032224,1.8418498173855957,1.2366239240270536,0.8281219623355659,1.0098945659215852,0.9285697457686615,1.421831881540462,1.6229366293627199,1.5349701705439467,1.0683146900557274,0.9913064502165304,1.2019850824244234,1.0482304774114246,1.0434467552880298,1.1666716025635588,1.1228245066295284,1.3590011766147347,0.8281219623355659,0.8617518868306125,1.117187482270568,1.6927454963921256
FOODS_3_157_TX_3_validation,0.9601110461200181,0.9642650948952841,1.0197349132177573,1.522456662337356,1.021650347004336,1.117187482270568,1.259933613808255,1.1207039906536103,0.9878876357967178,1.1829397030205755,1.8740840518194428,1.3917961132247703,1.5594168156124943,1.4357432040371532,1.6229366293627199,1.5009710250469115,1.0683146900557274,1.3570985936406925,0.8617518868306125,1.4266156036638569,1.2350800080920727,1.1666716025635588,1.2761235164782285,1.1829397030205755,1.4435520993374795,0.8617518868306125,1.117187482270568,1.2640192192390773
FOODS_3_158_TX_3_validation,0.7239760823669686,0.577122844761059,0.599845945584091,0.7832010870060437,0.6304806556988536,0.6972985146369025,0.694062232428755,0.8383695984083541,0.8383695984083541,1.0281387686304049,1.051304636551677,1.0467268843354582,1.154019800684441,1.0818265136171499,1.1931873390933643,1.0015540862893189,0.8679494951297231,1.2197720214344485,0.8985842052444857,1.0850627958252976,1.0818265136171499,1.3663240467831306,0.8383695984083541,1.0281387686304049,0.864954280749439,0.8985842052444857,0.9654020641825346,0.9621657819743871
FOODS_3_159_TX_3_validation,0.979255770466136,1.112072125323029,0.7429994983415423,0.551386547459352,0.5850164719543987,1.1085556169399868,1.103771894816592,0.979255770466136,0.979255770466136,0.9826745848859486,1.4349202340068983,1.0012627005910035,1.1085556169399868,1.0348148899574485,0.9560899025448637,0.9560899025448637,1.1495689548368297,0.9826745848859486,1.041737758001938,1.0395986120808434,1.0348148899574485,1.14772315534891,0.979255770466136,0.9826745848859486,0.8194900970049841,0.8531200215000307,1.1085556169399868,1.103771894816592
FOODS_3_160_TX_3_validation,0.8483939066799187,0.5227529910393613,0.5454760918623933,0.5424808774821093,0.5761108019771559,0.6429286609152048,1.0815692860665185,0.7839997446866565,0.9703501004888933,0.9737689149087059,0.9969347828299783,0.9923570306137595,0.9110322104608369,1.0259092199802056,0.947184232567621,0.947184232567621,0.8135796414080254,0.9737689149087059,0.844214351522788,1.0306929421036004,1.0259092199802056,0.947184232567621,0.7839997446866565,0.9737689149087059,0.8105844270277414,0.844214351522788,0.9110322104608369,1.2464816839312531
FOODS_3_161_TX_3_validation,0.5227529910393613,0.5227529910393613,0.5454760918623933,0.5424808774821093,0.844214351522788,0.6429286609152048,0.9062484883374422,0.7839997446866565,0.7839997446866565,0.9737689149087059,0.8105844270277414,1.1839902834178049,0.9110322104608369,1.0259092199802056,0.947184232567621,0.947184232567621,0.8135796414080254,0.9737689149087059,1.032832088024695,1.0306929421036004,1.0259092199802056,0.947184232567621,0.7839997446866565,0.9737689149087059,0.8105844270277414,1.032832088024695,0.9110322104608369,1.094866224839349
FOODS_3_162_TX_3_validation,0.08622543199405518,0.5227529910393613,0.5454760918623933,0.5424808774821093,0.5761108019771559,0.6429286609152048,0.6381449387918101,0.7839997446866565,0.7839997446866565,0.9737689149087059,0.8105844270277414,0.9923570306137595,0.9110322104608369,1.0259092199802056,0.947184232567621,0.947184232567621,0.8135796414080254,0.9737689149087059,0.844214351522788,1.0306929421036004,1.0259092199802056,0.947184232567621,0.7839997446866565,0.9737689149087059,0.8105844270277414,0.844214351522788,0.9110322104608369,0.9062484883374422
FOODS_3_163_TX_3_validation,0.5227529910393613,0.9703501004888933,1.137134248742742,1.4260145640296553,1.8996894932297634,1.3928755418146594,1.6752079610843014,1.2851190572659013,0.9703501004888933,0.9737689149087059,0.9969347828299783,1.2068998481301447,1.897317147338363,1.569940389141691,1.2040936276388006,1.3049528486089832,0.8135796414080254,0.9737689149087059,1.1844475471165992,1.4090780683560327,1.6008384748186058,1.2040936276388006,0.9703501004888933,1.3414636413069105,0.9969347828299783,1.5961795610124967,1.4512334911558535,1.2423960785004309
FOODS_3_164_TX_3_validation,0.07166185115479802,0.5081894102001041,0.5309125110231361,0.7142676524450888,0.5615472211378987,0.8964686296215797,0.6235813579525529,0.7694361638473992,0.955786519649636,0.9592053340694486,1.120837108940376,0.9777934497745022,0.8964686296215797,1.0113456391409483,1.1242539045324098,0.9326206517283637,0.9876337970706744,0.9592053340694486,0.8296507706835308,1.0161293612643432,1.0113456391409483,0.9326206517283637,0.7694361638473992,0.9592053340694486,0.7960208461884841,0.8296507706835308,1.0850863661234866,0.891684907498185
FOODS_3_165_TX_3_validation,0.1037629673018797,0.5402905263471859,0.5630136271702179,0.5600184127899338,0.5936483372849805,0.6604661962230294,0.6556824740996346,0.801537279994481,0.801537279994481,1.3590011766147347,1.0144723181378041,1.0098945659215852,0.9285697457686615,1.0434467552880298,1.1563550206794913,0.9647217678754455,0.83111717671585,0.9913064502165304,0.8617518868306125,1.0482304774114246,1.0434467552880298,0.9647217678754455,0.801537279994481,0.9913064502165304,0.8281219623355659,0.8617518868306125,0.9285697457686615,0.9237860236452667
FOODS_3_166_TX_3_validation,1.2353173001730782,1.2353173001730782,1.587599883467858,1.6741349775528118,2.312477573707394,2.014668296043009,2.3659127730411744,2.036624832317889,2.6390058852508624,2.2305333688083118,1.7730227105252323,2.108201818780376,3.500547016468922,2.7992431475424904,2.2335645854456425,2.7112890952208404,2.260746566242376,1.9809412884253492,2.511105722379183,3.4191192221651363,2.9549178156904037,2.2335645854456425,2.039822764927803,2.257557067483351,1.8510032918501684,2.1766188714632935,2.613482032956641,2.7464913497964623
FOODS_3_167_TX_3_validation,1.2585859811704043,0.9467275595874596,1.0021973779099322,1.4260145640296553,1.1844475471165992,1.3045510705454448,1.7492384285854126,1.13856070468012,1.5148984692416836,1.2306783099798848,0.9969347828299783,1.3600517570119641,1.7540221507088074,1.569940389141691,1.3151480500335369,1.499594394220909,1.1406632848595868,1.3414636413069105,1.032832088024695,1.6056221969420006,1.569940389141691,1.4950254109997427,1.103166455345786,1.1654021677127513,0.9969347828299783,1.032832088024695,1.0863530081899133,1.2423960785004309
FOODS_3_168_TX_3_validation,0.7266408821494227,0.7266408821494227,0.5630136271702179,1.5646702389833549,1.021650347004336,0.6604661962230294,1.2640192192390773,1.1207039906536103,1.4113178649036324,1.6594474220606472,1.3457454877443067,1.0098945659215852,0.9285697457686615,1.9440100078904683,1.8201359690771748,1.3210936640807056,1.1546717840505663,1.1829397030205755,1.0503696233325193,1.0482304774114246,1.421831881540462,1.1666716025635588,0.801537279994481,0.9913064502165304,1.0144723181378041,0.8617518868306125,0.9285697457686615,1.1124037601471732
FOODS_3_169_TX_3_validation,1.7151449820352371,1.1445063187272888,1.3136203459920293,0.5600184127899338,0.7822660737868867,1.4368154500153627,0.8443002106015409,0.9642650948952841,1.6204990842339886,1.3476783464217899,1.1529382250874574,1.201527818725629,1.5594168156124943,1.9447116193904654,1.5009710250469115,1.4517066922172035,1.0197349132177573,1.6594474220606472,1.1048635094173438,2.219881023579518,2.245599497468814,2.1084308643272505,1.1445063187272888,1.3590011766147347,0.990849777236369,0.8617518868306125,1.4368154500153627,1.0991068213743427
FOODS_3_170_TX_3_validation,0.39350192969759756,0.5227529910393613,0.8135796414080254,1.1318716536627884,0.5761108019771559,1.0996499469627439,0.8267626752937164,1.103166455345786,0.7839997446866565,1.3414636413069105,0.9969347828299783,1.1839902834178049,1.5418792803046701,2.229084610432563,1.2040936276388006,0.947184232567621,1.0021973779099322,1.1654021677127513,0.844214351522788,1.2452357596199832,1.4042943462326378,1.138817485371667,0.7839997446866565,1.1654021677127513,1.1354006897796332,0.844214351522788,1.0996499469627439,0.9062484883374422
FOODS_3_171_TX_3_validation,0.39350192969759756,0.5227529910393613,0.5454760918623933,0.5424808774821093,0.5761108019771559,0.6429286609152048,0.6381449387918101,0.7839997446866565,0.7839997446866565,0.9737689149087059,0.8105844270277414,0.9923570306137595,0.9110322104608369,1.0259092199802056,0.947184232567621,0.947184232567621,0.8135796414080254,0.9737689149087059,0.844214351522788,1.0306929421036004,1.0259092199802056,1.138817485371667,0.7839997446866565,0.9737689149087059,0.8105844270277414,0.844214351522788,0.9110322104608369,0.9062484883374422
FOODS_3_172_TX_3_validation,3.19647011162313,1.6794225438774468,1.8840476693968382,1.885550768272947,2.6068608210310957,3.164079269710845,2.943153589688642,2.4445734729252377,2.1370436951500285,2.7427158273469288,1.9080523238294045,2.765053067505258,2.538079115536884,2.7242936583042003,3.5588581075998937,2.9045827065131995,2.507464047402477,2.1174555901808283,1.951771467922658,2.3506980398663964,4.014776293270393,3.4378659751627216,2.2373753095352313,2.1676621612058313,2.1909275408947897,2.7249248024133568,3.034080153576919,3.7491047162112587
FOODS_3_173_TX_3_validation,0.35056695028954166,0.3476844650767705,0.36712207947706216,0.3641268650967781,0.8035758411742451,0.7049231380902008,0.4581922342441043,0.5888638356102093,0.5888638356102093,0.7695024465977951,0.9092905750068051,0.7849444302252275,0.7049231380902008,0.9863112002652273,0.748525857907355,0.748525857907355,0.6128356386809334,0.7695024465977951,0.6403242167180748,0.9873285449074524,0.9863112002652273,0.9147929986656645,0.5888638356102093,0.7695024465977951,0.6098404243006493,0.8035758411742451,0.8681747625463708,0.7039057934479762
FOODS_3_174_TX_3_validation,3.227178715214032,1.1434706598149187,0.5599565809845848,1.2031668433926213,0.7792090276012537,0.8460268865393026,2.572166098561033,1.9003510796316276,1.288007625127437,1.3559441304291018,0.8250649161499328,1.6749784915800678,1.3058309539032298,1.8631598051493325,1.5319131243583137,1.2069821955003364,0.8280601305302169,1.3559441304291018,1.9565668880022167,1.3451882817751104,1.2564799665340267,2.1107961746727932,1.0356777471487262,0.9882494040308973,0.8250649161499328,1.0340156383740557,0.9255126995830284,1.8897919815208002
FOODS_3_175_TX_3_validation,0.08019375106596696,0.4117573098668658,0.4332957098647255,0.43030049548444144,0.4607842879018668,1.0150417129645926,0.4581922342441043,0.5888638356102093,0.5888638356102093,0.7695024465977951,0.6098404243006493,0.7849444302252275,1.0197902216382753,0.820044059506919,0.748525857907355,0.748525857907355,0.7760872631371041,0.7695024465977951,0.6403242167180748,0.8210614041491439,0.820044059506919,0.748525857907355,0.5888638356102093,0.7695024465977951,0.6098404243006493,0.6403242167180748,0.7049231380902008,0.7039057934479762
FOODS_3_176_TX_3_validation,3.820473185423287,1.8109420163075172,1.7366096643479403,1.2729433682757045,1.1592024422227667,1.0451134177968342,3.4830387177318034,3.116630497652973,1.9769759741571087,2.008246712726171,1.556736299678672,1.8750731882176634,2.0063128622475044,2.8865804211757964,2.5846483951977395,2.454065424510269,1.8199233747552728,1.9662483875614123,1.8245505093110064,2.075575416983129,2.688982323684816,3.4868276420742523,1.9800417225398355,2.2544552358648193,1.7583298096612954,1.8245505093110064,1.9111805953212158,3.9279474787874964
FOODS_3_177_TX_3_validation,0.8457076553965063,0.5316586610166041,0.5543817618396361,0.551386547459352,0.5850164719543987,0.6518343308924476,1.0904749560437614,0.979255770466136,0.7929054146638992,0.9826745848859486,0.8194900970049841,1.1928959533950478,0.9199378804380797,1.0348148899574485,0.9560899025448637,0.9560899025448637,0.8224853113852681,0.9826745848859486,1.041737758001938,1.0395986120808434,1.2264481427614915,0.9560899025448637,0.7929054146638992,0.9826745848859486,0.8194900970049841,0.8531200215000307,0.9199378804380797,1.255387353908496
FOODS_3_178_TX_3_validation,2.854710360501479,2.8229150726931267,2.3489231756105178,4.038370336673744,2.2540140725477698,1.923778369073227,2.676748964286872,2.43418576764484,3.877817031673493,2.5528817535512407,3.6179391839183745,2.9717904025837276,2.3216583600941476,2.942360643915017,4.153740175414739,3.651781365799257,3.5019041893281257,4.315197266882906,2.802402575749969,3.409159622459297,3.278195127977424,4.921638329486207,3.4202583863454046,3.396380954722484,4.468303742509964,2.722141964374796,2.9401856181532304,2.678665637780553
FOODS_3_179_TX_3_validation,0.5372334801615528,0.5372334801615528,0.5599565809845848,0.5569613666043007,0.8586948406449795,0.9255126995830284,0.9222764173748809,0.7984802338088479,0.7984802338088479,0.9882494040308973,0.8250649161499328,1.0068375197359523,0.9255126995830284,1.041937149017644,0.9616647216898124,0.9616647216898124,1.0166778670321244,0.9882494040308973,0.8586948406449795,1.0451734312257916,1.041937149017644,0.9616647216898124,0.7984802338088479,0.9882494040308973,0.8250649161499328,1.0473125771468863,1.1141304360849351,1.1108941538767874
FOODS_3_180_TX_3_validation,0.09513110197129801,0.5316586610166041,0.5543817618396361,0.8194900970049841,0.5850164719543987,0.6518343308924476,0.6470506087690528,0.979255770466136,0.7929054146638992,0.9826745848859486,0.8194900970049841,1.0012627005910035,0.9199378804380797,1.0348148899574485,0.9560899025448637,0.9560899025448637,1.0111030478871756,0.9826745848859486,1.041737758001938,1.2312318648848863,1.0348148899574485,0.9560899025448637,0.7929054146638992,0.9826745848859486,1.005840452807222,0.8531200215000307,0.9199378804380797,0.9151541583146849
FOODS_3_181_TX_3_validation,0.6404357311784145,1.112072125323029,0.5543817618396361,1.005840452807222,1.4839670913438643,1.1085556169399868,1.4528553848128924,0.979255770466136,0.7929054146638992,1.1743078376899942,1.4349202340068983,1.368957426989207,1.1085556169399868,1.2264481427614915,1.3138585185862262,0.9560899025448637,0.8224853113852681,1.3503693112841535,1.4839670913438643,1.707739583924958,1.3160569163118356,1.14772315534891,0.979255770466136,0.9826745848859486,1.005840452807222,1.041737758001938,1.2560854706010687,0.9151541583146849
FOODS_3_182_TX_3_validation,0.08622543199405518,0.5227529910393613,0.9763074563088284,1.1354006897796332,0.5761108019771559,0.9110322104608369,0.8267626752937164,0.7839997446866565,0.9703501004888933,0.9737689149087059,0.8105844270277414,0.9923570306137595,0.9110322104608369,1.0259092199802056,0.947184232567621,0.947184232567621,0.8135796414080254,0.9737689149087059,0.844214351522788,1.0306929421036004,1.3936039463784078,0.947184232567621,0.7839997446866565,1.3414636413069105,0.9969347828299783,0.844214351522788,1.0996499469627439,0.9062484883374422
FOODS_3_183_TX_3_validation,1.0387347933343591,1.788170587800107,1.675329894616129,1.3457454877443067,1.7202936196119898,1.8388978375682308,2.3712417400231094,1.600397244147443,2.4653120782796374,2.4986644113008287,1.171091001068373,2.3675013352767973,2.0312407481414985,1.5789492150019233,1.5349701705439467,2.4621536186029003,1.2707601207996542,1.6594474220606472,1.9492583034561486,2.7841845307002524,2.1254692651301457,1.5349701705439467,2.2855172349384136,1.8566467617751021,1.518436047414659,2.281818438505367,2.293807177358785,1.6584190350873442
FOODS_3_184_TX_3_validation,1.0193617539850124,0.7266408821494227,0.83111717671585,0.7463687685921706,0.8617518868306125,1.1038905434977375,0.8443002106015409,0.801537279994481,0.801537279994481,0.9913064502165304,0.8281219623355659,1.3775892923197883,1.117187482270568,1.0434467552880298,1.1563550206794913,1.835981023484762,1.1763535961483267,1.3590011766147347,1.4925989566744455,1.0482304774114246,1.2350800080920727,1.3224903839168074,0.9642650948952841,1.1829397030205755,0.8281219623355659,1.0503696233325193,1.2688029413624722,0.9237860236452667
FOODS_3_185_TX_3_validation,3.473414520511152,3.2579519478524666,2.43719003251043,2.2083188750461042,5.734326082586467,6.170135099804565,4.680986900225427,2.863428061286846,2.8549133545127967,3.5818410532194283,2.0353440435743653,5.092345339858437,5.421237352815346,5.848981499494949,3.978025430874132,3.459254758809811,2.8495264940485714,1.855575375735356,4.040484944968726,3.892683925352502,6.028642783664832,3.8406934131049395,3.7934693128119985,3.515531063445834,2.0353440435743653,4.573303259643599,5.619774638323418,5.726988787179853
FOODS_3_186_TX_3_validation,0.7839997446866565,0.7839997446866565,1.0021973779099322,0.7288312332843461,1.0195351492518645,0.6429286609152048,1.094866224839349,0.7839997446866565,1.103166455345786,1.1654021677127513,0.8105844270277414,0.9923570306137595,0.9110322104608369,1.2175424727842485,0.947184232567621,0.947184232567621,1.0021973779099322,0.9737689149087059,0.844214351522788,1.2223261949076434,1.2175424727842485,1.138817485371667,0.9703501004888933,1.1654021677127513,0.8105844270277414,1.1844475471165992,0.9110322104608369,1.094866224839349
FOODS_3_187_TX_3_validation,0.3242535634976318,0.9467275595874596,0.7340938283642996,2.4036125760061853,1.9376062929608013,1.3116748516539858,0.6381449387918101,1.103166455345786,1.103166455345786,1.641909886752823,1.339799873697138,1.3707421568661942,1.251265406054648,1.0259092199802056,1.6053990940548957,1.2040936276388006,1.296082810684205,1.641909886752823,1.2069568014627743,1.2223261949076434,1.3936039463784078,1.1491340672557346,1.103166455345786,0.9737689149087059,2.017094736743499,1.098917895370175,0.9110322104608369,0.9062484883374422
FOODS_3_188_TX_3_validation,0.5227529910393613,0.5227529910393613,0.9242531643176932,0.5424808774821093,0.844214351522788,0.6429286609152048,1.2464816839312531,0.7839997446866565,0.9703501004888933,0.9737689149087059,0.8105844270277414,0.9923570306137595,0.9110322104608369,1.0259092199802056,0.947184232567621,0.947184232567621,0.8135796414080254,1.1654021677127513,1.032832088024695,1.0306929421036004,1.0259092199802056,0.947184232567621,0.7839997446866565,0.9737689149087059,0.8105844270277414,1.032832088024695,0.9110322104608369,1.094866224839349
FOODS_3_189_TX_3_validation,0.7839997446866565,0.7839997446866565,0.9242531643176932,0.5424808774821093,0.5761108019771559,0.9110322104608369,1.094866224839349,0.9703501004888933,1.103166455345786,0.9737689149087059,0.8105844270277414,0.9923570306137595,0.9110322104608369,1.3936039463784078,0.947184232567621,1.138817485371667,0.8135796414080254,0.9737689149087059,0.844214351522788,1.0306929421036004,1.0259092199802056,1.138817485371667,0.9703501004888933,0.9737689149087059,0.8105844270277414,0.844214351522788,1.0996499469627439,1.094866224839349
FOODS_3_190_TX_3_validation,0.5676330271039279,1.824720463090845,1.605253439562282,1.2876362691396415,2.824754016388919,3.235188667390937,1.9566421573659007,1.796790364064983,3.1719008517686675,2.5064228079721613,1.8541201662185793,2.401690130441425,2.391719524320248,2.2728914236402473,1.9015003836768751,2.501885600628466,2.4418141472913546,3.350628615787124,2.2486467813181488,2.182128866087649,2.2728914236402473,1.9847638620036179,2.802007749260762,2.2305333688083118,2.0343165323182726,2.511105722379183,2.5815143529971922,2.3301454125302765
FOODS_3_191_TX_3_validation,1.5619539918308996,1.9910755849714206,1.2573908029636087,1.7142960904853453,1.7783578141973122,2.316678766704009,2.585471667722906,2.017155566897681,2.5730166396737464,2.272915567278415,1.8510032918501684,2.4376738202457693,2.097982006450341,2.812588258439946,2.457167256128801,2.1823397095199155,2.031638162867948,2.614015863134562,2.4577295478558945,2.182128866087649,2.566379735301298,2.1912039273217943,1.9941413333541473,1.9280850660179594,2.0343165323182726,1.9153250496702523,2.319744515086736,2.796887202095231
FOODS_3_192_TX_3_validation,1.1414492725416558,0.7984802338088479,1.155143773981778,1.3053007047264427,1.2481145497993367,1.261660289746017,1.430522121621582,0.9848305896110847,1.4082608187179995,1.3559441304291018,1.0114152719521712,1.3745322461341554,1.1141304360849351,1.2335704018216869,0.9616647216898124,0.9616647216898124,1.155143773981778,0.9882494040308973,0.8586948406449795,1.2368066840298346,1.041937149017644,1.1532979744938583,0.9848305896110847,1.1798826568349425,1.1498811789018244,1.4895419104888126,1.2657458951768392,1.2625096129686915
FOODS_3_193_TX_3_validation,0.08622543199405518,0.5227529910393613,0.5454760918623933,0.5424808774821093,0.7647285384790622,0.6429286609152048,0.8267626752937164,0.7839997446866565,0.7839997446866565,0.9737689149087059,0.8105844270277414,0.9923570306137595,0.9110322104608369,1.2175424727842485,0.947184232567621,0.947184232567621,0.8135796414080254,0.9737689149087059,0.844214351522788,1.0306929421036004,1.0259092199802056,0.947184232567621,0.7839997446866565,0.9737689149087059,0.8105844270277414,0.844214351522788,0.9110322104608369,0.9062484883374422
FOODS_3_194_TX_3_validation,0.8457076553965063,0.7180090168188409,0.9852131262860712,0.551386547459352,0.5850164719543987,0.6518343308924476,1.0904749560437614,0.7929054146638992,0.979255770466136,0.9826745848859486,0.8194900970049841,1.1928959533950478,1.260171076031891,1.0348148899574485,1.14772315534891,1.14772315534891,1.0111030478871756,0.9826745848859486,0.8531200215000307,1.2312318648848863,1.0348148899574485,0.9560899025448637,0.7929054146638992,1.3503693112841535,0.8194900970049841,0.8531200215000307,0.9199378804380797,1.255387353908496
FOODS_3_195_TX_3_validation,0.08622543199405518,0.5227529910393613,0.5454760918623933,0.5424808774821093,0.5761108019771559,0.6429286609152048,0.6381449387918101,0.7839997446866565,0.7839997446866565,0.9737689149087059,0.8105844270277414,0.9923570306137595,0.9110322104608369,1.0259092199802056,0.947184232567621,0.947184232567621,0.8135796414080254,0.9737689149087059,0.844214351522788,1.0306929421036004,1.0259092199802056,0.947184232567621,0.7839997446866565,0.9737689149087059,0.8105844270277414,0.844214351522788,0.9110322104608369,0.9062484883374422
FOODS_3_196_TX_3_validation,0.33873405261982326,0.7235838359637896,0.7485743174864911,1.6704341874377862,0.9105543947261034,0.6574091500373963,0.6541728678292488,0.7984802338088479,0.7984802338088479,0.9882494040308973,1.8710270056338099,1.5785425383621863,1.1977920478106305,1.041937149017644,0.9616647216898124,0.9616647216898124,1.155143773981778,1.3540415474550596,1.1948424308079681,1.0451734312257916,1.4096318754158461,0.9616647216898124,0.7984802338088479,0.9882494040308973,1.0114152719521712,0.8586948406449795,0.9255126995830284,0.9222764173748809
FOODS_3_197_TX_3_validation,0.08622543199405518,0.5227529910393613,0.5454760918623933,0.8105844270277414,0.5761108019771559,0.8315463974171111,0.6381449387918101,1.103166455345786,0.7839997446866565,0.9737689149087059,0.9969347828299783,0.9923570306137595,1.0996499469627439,1.0259092199802056,0.947184232567621,0.947184232567621,0.8135796414080254,1.1654021677127513,0.844214351522788,1.0306929421036004,1.2175424727842485,0.947184232567621,0.7839997446866565,0.9737689149087059,0.9969347828299783,0.844214351522788,0.9110322104608369,0.9062484883374422
FOODS_3_198_TX_3_validation,0.3042357817052446,0.4860489347070683,0.8621829959396639,0.5057768211498156,0.5394067456448622,1.4115848566340854,0.7662399468309342,0.7272283052405076,0.7272283052405076,1.2593260898150251,0.7538129875815925,0.9355855911676103,0.8542607710146881,0.9706852204493025,0.8904127931214721,1.2228152971170978,0.9200598264180471,1.083264616220866,0.7874429120766392,1.140188643415758,0.9706852204493025,0.8904127931214721,0.7272283052405076,0.916997475462557,0.7538129875815925,0.7874429120766392,1.4597417288127847,0.8510244888065406
FOODS_3_199_TX_3_validation,0.5227529910393613,0.7839997446866565,0.7340938283642996,0.5424808774821093,0.7647285384790622,0.6429286609152048,0.9062484883374422,0.7839997446866565,0.7839997446866565,1.1654021677127513,0.9969347828299783,0.9923570306137595,0.9110322104608369,1.2175424727842485,0.947184232567621,0.947184232567621,0.8135796414080254,1.3414636413069105,1.1844475471165992,1.0306929421036004,1.0259092199802056,0.947184232567621,0.9703501004888933,0.9737689149087059,0.8105844270277414,0.844214351522788,0.9110322104608369,1.094866224839349
FOODS_3_200_TX_3_validation,1.0327891792871904,0.5227529910393613,2.3592763518061832,1.1651453870212043,1.3524600557694897,1.251265406054648,1.7590438006291893,1.8666708277761677,1.2851190572659013,1.3395610583328683,1.1354006897796332,1.3600517570119641,1.0996499469627439,1.4042943462326378,1.499594394220909,1.138817485371667,0.8135796414080254,1.641909886752823,1.3723142582835681,1.8411146728200254,1.4267343781769208,1.138817485371667,0.7839997446866565,2.0859110394503695,1.339799873697138,1.1844475471165992,1.2471798006238257,1.2464816839312531
FOODS_3_201_TX_3_validation,1.2851190572659013,2.2791796473973807,1.170407982101158,1.5099079711795633,2.2758728244581974,1.1778371282424605,2.0616459164050984,1.2851190572659013,1.8243122820777715,1.341732732374621,1.8565465165116186,1.5290565101423716,1.1778371282424605,1.6008384748186058,1.814190355030006,1.529024556496778,1.170407982101158,1.3395610583328683,1.3524600557694897,1.2223261949076434,1.4042943462326378,1.312976375991784,1.60313558921545,1.341732732374621,1.5471327036755307,1.3723142582835681,1.0996499469627439,1.2464816839312531
FOODS_3_202_TX_3_validation,29.30086509294351,21.994354030958892,22.060930926690872,18.94774685943449,23.192449373768763,29.147151097928592,34.897825066834756,26.221765381731103,22.863141663898187,23.375274397651992,21.18953260989694,26.232797659431107,32.449518556586504,37.194010526863345,27.08715436664654,25.927771769213297,23.983026984946953,26.763865878264514,25.511463386968185,34.307605414940234,37.580144224675074,28.99639662623962,23.342603121517158,24.765583355128932,22.504213575411494,24.626005929419883,29.617021684310682,38.07669042727508
FOODS_3_203_TX_3_validation,0.33873405261982326,0.5372334801615528,2.16278047176756,1.878647307858423,0.9105543947261034,0.6574091500373963,0.6541728678292488,0.7984802338088479,0.7984802338088479,1.3540415474550596,1.3053007047264427,1.6749784915800678,1.1977920478106305,1.041937149017644,0.9616647216898124,0.9616647216898124,1.5668757878776756,1.554040313410279,1.3168448768039098,1.0451734312257916,1.041937149017644,0.9616647216898124,0.7984802338088479,2.1473069673707217,1.515379001229026,1.1018064632317108,0.9255126995830284,0.9222764173748809
FOODS_3_204_TX_3_validation,0.6315300612011717,0.5227529910393613,0.7340938283642996,0.9733122419285445,0.5761108019771559,1.0996499469627439,0.8267626752937164,0.7839997446866565,0.9703501004888933,0.9737689149087059,0.8105844270277414,0.9923570306137595,0.9110322104608369,1.0259092199802056,0.947184232567621,0.947184232567621,0.8135796414080254,1.7841906456251333,1.098917895370175,1.2223261949076434,1.0259092199802056,1.138817485371667,0.7839997446866565,0.9737689149087059,1.2908202156042514,0.844214351522788,1.0996499469627439,0.9062484883374422
FOODS_3_205_TX_3_validation,2.2626379941857597,2.2233191155872447,2.26554799812662,1.7552640612785686,1.8050856167768028,2.188752666886991,1.6679758035513608,1.6954386983811676,1.6954386983811676,1.9133921651540224,1.7583298096612954,2.0010281342696543,1.9750294131943447,2.9802255158955466,2.2188716845817065,2.498150550063913,1.8083323055098683,1.9662483875614123,2.110161835820531,2.388648274297046,2.6725831795333392,3.6054726948868687,2.996809097048111,3.1506652999484777,2.2740317508548036,2.110161835820531,2.478756726777276,2.2267698285626327
FOODS_3_206_TX_3_validation,0.39350192969759756,0.5227529910393613,0.9763074563088284,0.7288312332843461,0.7647285384790622,1.8097308656945914,1.30212144522923,0.9703501004888933,1.3937803295958082,0.9737689149087059,0.9969347828299783,1.1839902834178049,1.0863530081899133,1.3936039463784078,0.947184232567621,1.138817485371667,1.0021973779099322,1.3414636413069105,0.844214351522788,1.2223261949076434,1.3936039463784078,1.138817485371667,0.7839997446866565,1.3414636413069105,0.8105844270277414,0.844214351522788,1.6799916832076962,1.1682837218177047
FOODS_3_207_TX_3_validation,1.440831697279411,0.5227529910393613,0.8135796414080254,0.5424808774821093,0.5761108019771559,1.0863530081899133,1.7590438006291893,1.13856070468012,1.103166455345786,1.1654021677127513,0.8105844270277414,1.3600517570119641,1.5418792803046701,1.569940389141691,1.2040936276388006,0.947184232567621,0.8135796414080254,1.1654021677127513,0.844214351522788,1.2452357596199832,1.2404520374965884,0.947184232567621,0.7839997446866565,1.1654021677127513,0.8105844270277414,0.844214351522788,1.251265406054648,1.2464816839312531
FOODS_3_208_TX_3_validation,0.5347002497224089,1.1172342300047515,0.988254714991876,0.5544281361651568,0.8561616102058356,1.34814232060518,1.5490428168643227,1.0331445167095823,0.795947003369704,0.9857161735917535,0.8225316857107889,1.1959375421008522,0.9229794691438845,1.4162416049156852,0.9591314912506685,1.1507647440547144,0.825526900091073,0.9857161735917535,1.1963948057996465,1.2342734535906907,1.229489731467296,0.9591314912506685,1.1151137140288334,1.353410899989958,0.8225316857107889,1.0447793467077424,1.5538265389877175,1.2797411771457594
FOODS_3_209_TX_3_validation,0.7266408821494227,0.5402905263471859,0.5630136271702179,0.5600184127899338,0.7822660737868867,0.8490839327249357,0.9237860236452667,0.801537279994481,0.801537279994481,1.1829397030205755,0.8281219623355659,1.0098945659215852,0.9285697457686615,1.0434467552880298,1.3224903839168074,1.3224903839168074,0.83111717671585,0.9913064502165304,1.0503696233325193,1.0482304774114246,1.2350800080920727,0.9647217678754455,0.801537279994481,0.9913064502165304,0.8281219623355659,0.8617518868306125,0.9285697457686615,1.1124037601471732
FOODS_3_210_TX_3_validation,0.39350192969759756,0.5227529910393613,0.5454760918623933,0.5424808774821093,0.5761108019771559,0.6429286609152048,0.6381449387918101,0.7839997446866565,0.7839997446866565,0.9737689149087059,0.8105844270277414,0.9923570306137595,0.9110322104608369,1.0259092199802056,0.947184232567621,0.947184232567621,0.8135796414080254,0.9737689149087059,0.844214351522788,1.0306929421036004,1.0259092199802056,1.138817485371667,0.7839997446866565,0.9737689149087059,0.8105844270277414,0.844214351522788,0.9110322104608369,0.9062484883374422
FOODS_3_211_TX_3_validation,1.235589947453509,0.9586748182705072,0.5574233505454409,0.7407784919673936,0.5880580606602035,0.8434936561001587,1.2543433371834782,0.795947003369704,0.795947003369704,0.9857161735917535,1.0088820415130273,1.0043042892968084,0.9229794691438845,1.037856478663253,1.617346352737943,2.107927509354728,1.0627244134309506,0.9857161735917535,1.1963948057996465,1.2342734535906907,1.229489731467296,1.5115416529039563,1.480611536356035,0.9857161735917535,0.8225316857107889,0.8561616102058356,0.9229794691438845,1.2584289426143005
FOODS_3_212_TX_3_validation,0.3331592334748746,0.9556332295647023,0.5543817618396361,0.9278962392149824,0.5850164719543987,0.8404520673943539,0.8356683452709591,0.7929054146638992,0.7929054146638992,1.1743078376899942,1.005840452807222,1.0012627005910035,1.1085556169399868,1.0348148899574485,1.3138585185862262,1.6143047640321386,1.0596828247251462,0.9826745848859486,0.8531200215000307,1.0395986120808434,1.4025096163556507,0.9560899025448637,1.2674916511476473,0.9826745848859486,0.8194900970049841,0.8531200215000307,0.9199378804380797,0.9151541583146849
FOODS_3_213_TX_3_validation,0.7091033468415981,0.9703501004888933,0.9763074563088284,0.8105844270277414,0.844214351522788,0.6429286609152048,0.9062484883374422,0.7839997446866565,0.7839997446866565,0.9737689149087059,0.8105844270277414,0.9923570306137595,0.9110322104608369,1.0259092199802056,0.947184232567621,0.947184232567621,0.8135796414080254,0.9737689149087059,0.844214351522788,1.0306929421036004,1.0259092199802056,0.947184232567621,0.9703501004888933,1.3414636413069105,0.9969347828299783,1.032832088024695,0.9110322104608369,1.094866224839349
FOODS_3_214_TX_3_validation,0.23811474880638867,0.9701056749879348,0.9928287758109667,1.0230742419870016,1.321376155587454,1.4243613430877782,1.6614342816336656,1.7281465165787635,1.6925082534932474,1.8712397004787948,1.7553993647733752,2.0387634704129396,2.3077654009445268,3.233541872162282,2.410812354638076,2.08547054790764,1.9267474085799654,2.164911452656116,2.0992952139010175,2.6863467154173355,4.000117251936348,2.683530584236612,2.167113718389133,2.1120552302487257,1.9569928747559981,2.0992952139010175,2.818988857855402,4.526418980458168
FOODS_3_215_TX_3_validation,4.276984106598695,2.365802946247457,2.462939061709418,2.8505676037208767,3.59639435351403,2.672220376211803,3.9995974819915374,3.948192290280699,2.1959503242604304,2.242864166619415,2.0976042127792756,2.974186356382796,2.6589234847247876,3.4650163676542016,3.228541158446313,2.694247677179239,2.873994067796367,2.329862460934577,2.371455657613573,2.912178379525938,4.038781007519679,4.431794561854213,2.6841896816465436,3.0584994356836366,2.5159727015732876,3.1889316537309997,2.868006251262533,4.087822660677618
FOODS_3_216_TX_3_validation,0.08622543199405518,0.7839997446866565,0.5454760918623933,0.5424808774821093,0.5761108019771559,0.6429286609152048,0.6381449387918101,0.7839997446866565,0.7839997446866565,0.9737689149087059,0.8105844270277414,1.1839902834178049,0.9110322104608369,1.0259092199802056,0.947184232567621,1.138817485371667,0.8135796414080254,0.9737689149087059,0.844214351522788,1.2223261949076434,1.0259092199802056,0.947184232567621,0.9703501004888933,0.9737689149087059,0.8105844270277414,0.844214351522788,0.9110322104608369,0.9062484883374422
FOODS_3_217_TX_3_validation,1.112072125323029,0.9556332295647023,1.0111030478871756,1.3430997570380903,0.7736342084563049,0.6518343308924476,0.9151541583146849,0.979255770466136,0.979255770466136,1.1743078376899942,0.8194900970049841,1.0012627005910035,1.260171076031891,1.0348148899574485,0.9560899025448637,0.9560899025448637,1.0111030478871756,0.9826745848859486,0.8531200215000307,1.2312318648848863,1.0348148899574485,1.14772315534891,1.112072125323029,1.1743078376899942,0.8194900970049841,0.8531200215000307,0.9199378804380797,1.103771894816592
FOODS_3_218_TX_3_validation,0.5227529910393613,0.5227529910393613,1.351233160168023,0.7288312332843461,0.7647285384790622,0.6429286609152048,0.9062484883374422,0.9703501004888933,0.9703501004888933,0.9737689149087059,0.8105844270277414,0.9923570306137595,0.9110322104608369,1.2175424727842485,0.947184232567621,0.947184232567621,1.0021973779099322,0.9737689149087059,0.844214351522788,1.0306929421036004,1.0259092199802056,0.947184232567621,0.7839997446866565,1.641909886752823,1.0593738616282746,0.844214351522788,0.9110322104608369,1.094866224839349
FOODS_3_219_TX_3_validation,2.4055881032652806,1.5715115743282857,2.754134590190675,1.6129744171114593,1.3265710850971433,1.5913098183590053,2.0530744370405603,1.707029767626572,1.707029767626572,2.5479435475258687,2.0410207753372656,1.8750731882176634,1.9111805953212158,2.0660220105583735,1.8983985520583426,2.217944443166891,2.000969234523708,1.9662483875614123,1.8245505093110064,2.3917255631485523,3.235691810044662,3.955463986173395,2.4885259951080876,3.646982036260442,2.5842591628408043,2.632404747184797,1.964542472012249,2.1629210106895016
FOODS_3_220_TX_3_validation,0.09513110197129801,0.5316586610166041,0.5543817618396361,0.551386547459352,0.5850164719543987,0.6518343308924476,0.8356683452709591,0.7929054146638992,0.7929054146638992,0.9826745848859486,1.1443063597568761,1.0012627005910035,0.9199378804380797,1.0348148899574485,0.9560899025448637,0.9560899025448637,0.8224853113852681,0.9826745848859486,0.8531200215000307,1.0395986120808434,1.0348148899574485,0.9560899025448637,0.7929054146638992,0.9826745848859486,0.8194900970049841,0.8531200215000307,0.9199378804380797,0.9151541583146849
FOODS_3_221_TX_3_validation,0.6460105503233632,0.5372334801615528,0.9907879454310199,0.8250649161499328,0.5905912910993474,1.1141304360849351,0.6541728678292488,0.7984802338088479,0.7984802338088479,0.9882494040308973,1.0114152719521712,1.1984707725399961,0.9255126995830284,1.4096318754158461,0.9616647216898124,0.9616647216898124,0.8280601305302169,0.9882494040308973,0.8586948406449795,1.0451734312257916,1.2335704018216869,1.1532979744938583,0.7984802338088479,1.3559441304291018,1.0114152719521712,0.8586948406449795,1.1141304360849351,0.9222764173748809
FOODS_3_222_TX_3_validation,0.5347002497224089,0.9822973591719408,0.5574233505454409,0.8225316857107889,1.0447793467077424,0.9229794691438845,0.9181957470204898,0.795947003369704,0.795947003369704,1.1773494263957986,0.8225316857107889,1.1959375421008522,0.9229794691438845,1.037856478663253,1.3169001072920306,1.1507647440547144,1.0141446365929805,0.9857161735917535,1.1963948057996465,1.2342734535906907,1.037856478663253,0.9591314912506685,0.9822973591719408,0.9857161735917535,1.0088820415130273,1.0447793467077424,1.1115972056457912,1.1068134835223964
FOODS_3_223_TX_3_validation,0.08622543199405518,0.5227529910393613,0.7340938283642996,0.7288312332843461,0.5761108019771559,0.8315463974171111,0.6381449387918101,0.7839997446866565,0.9703501004888933,0.9737689149087059,0.8105844270277414,1.3600517570119641,0.9110322104608369,1.2175424727842485,0.947184232567621,0.947184232567621,0.8135796414080254,1.3414636413069105,0.844214351522788,1.0306929421036004,1.0259092199802056,0.947184232567621,0.7839997446866565,0.9737689149087059,0.8105844270277414,0.844214351522788,0.9110322104608369,0.9062484883374422
FOODS_3_224_TX_3_validation,1.5363898125203233,1.1445063187272888,0.7516313636721241,1.0144723181378041,1.197899476993601,0.6604661962230294,2.269476256238787,1.4862018129808119,1.1207039906536103,1.1829397030205755,1.1529382250874574,1.0098945659215852,0.9285697457686615,1.61837601012643,1.3210936640807056,1.3224903839168074,1.158200820167411,1.3590011766147347,1.4925989566744455,1.2398637302154676,1.421831881540462,1.1563550206794913,0.9878876357967178,0.9913064502165304,1.0144723181378041,1.2019850824244234,0.9285697457686615,1.6927454963921256
FOODS_3_225_TX_3_validation,0.08622543199405518,0.9703501004888933,1.0021973779099322,0.5424808774821093,0.5761108019771559,1.0996499469627439,1.0300715633893605,1.103166455345786,0.9703501004888933,0.9737689149087059,0.8105844270277414,0.9923570306137595,0.9110322104608369,1.2175424727842485,0.947184232567621,0.947184232567621,1.0021973779099322,0.9737689149087059,0.844214351522788,1.0306929421036004,1.0259092199802056,0.947184232567621,0.9703501004888933,1.1654021677127513,0.8105844270277414,0.844214351522788,1.0996499469627439,0.9062484883374422
FOODS_3_226_TX_3_validation,12.582610770906117,11.19125269269972,8.939196388711371,8.777377394385045,8.822584113291233,12.708944028886833,15.27096566951118,13.10688176333772,9.649281784960104,9.506714783437422,7.528510504520528,10.033844166211093,10.576954782102016,13.910269810854297,13.315394089919572,11.839940469857831,10.201927371370926,9.33096938230178,8.826498573382562,10.406783004394526,10.96166243365607,11.469870776612698,10.966214090750501,11.306766122861962,8.331245925625526,7.403800682944147,10.088029432648222,12.288860399188554
FOODS_3_227_TX_3_validation,9.916868124464528,6.654237895664513,3.630781946860189,6.833150898392985,8.782673006780241,12.792818934344465,9.816871703479565,6.938365747047313,5.872045147232287,3.8969697177409626,4.596533304046778,7.638711103490797,10.920457176845309,10.414787571479126,7.715610049332697,5.811094822801263,4.167719129719529,5.655322027956588,8.541404985564837,9.583110254194072,11.914062938660996,11.574001601632125,7.364073420721702,4.703625054969132,5.394392383121966,8.172447068435021,10.701663975981253,10.545494122667902
FOODS_3_228_TX_3_validation,6.9534341256687435,5.171983650096418,5.056701861664254,3.907099024925779,7.3599676297348235,7.669809165801741,9.354241726934314,5.940283523616341,5.087314612152976,4.7297608870147565,5.291984802098112,5.677097085688192,6.95142893955363,8.576376805931675,6.331512506047657,6.548494101454474,4.886424605798874,6.101006164006104,7.443475787487962,7.0162908852841985,8.576376805931675,8.179812882163636,6.314502520596811,4.990997731044585,4.399471942150562,6.378955569721522,5.793548825208307,8.118689007964237
FOODS_3_229_TX_3_validation,0.801537279994481,0.5402905263471859,1.158200820167411,0.990849777236369,0.5936483372849805,1.26471733593165,0.9237860236452667,1.1207039906536103,0.801537279994481,1.3590011766147347,0.8281219623355659,1.201527818725629,0.9285697457686615,1.2350800080920727,1.1563550206794913,0.9647217678754455,0.83111717671585,0.9913064502165304,0.8617518868306125,1.2398637302154676,1.2350800080920727,1.1563550206794913,0.801537279994481,1.1829397030205755,1.1529382250874574,0.8617518868306125,1.2688029413624722,1.1124037601471732
FOODS_3_230_TX_3_validation,1.7388352432642502,2.8743259499562175,1.306142520929105,0.9365281045455642,1.7145471991223595,2.0312407481414985,2.3527639986148006,2.2855172349384136,2.0669438669326277,1.8566467617751021,2.0179369643808487,2.980364531411988,2.8858052239132252,3.124507764938945,1.7389077591833795,2.1084308643272505,1.8869669491240095,2.164557198876252,1.9103118086186202,1.9807620653934945,3.301694432188794,1.9265880330427467,2.6247540233150213,1.7782372006698963,1.2677649064193701,1.369997591077314,1.4368154500153627,2.2061317287110227
FOODS_3_231_TX_3_validation,2.232347371546462,1.6252433547523084,0.8714723449253431,0.5544281361651568,1.4064081117941052,2.570774847874521,1.930638974733157,1.235589947453509,1.2705332398534517,1.1773494263957986,1.0088820415130273,1.0043042892968084,1.9281183102863304,1.8669085430187469,2.273457803094154,1.814545692452398,1.0627244134309506,0.9857161735917535,1.1963948057996465,1.2571830183030306,1.612785733501653,2.6124943278728745,1.9851215285695154,1.2310336474022767,0.8225316857107889,1.4870086800496687,1.6919389418907436,1.4669886466499653
FOODS_3_232_TX_3_validation,2.6097921473542436,1.2393135964550401,1.0197349132177573,0.5600184127899338,0.8617518868306125,0.8490839327249357,1.1124037601471732,1.1657150205025606,1.1207039906536103,0.9913064502165304,1.0144723181378041,1.0098945659215852,1.117187482270568,1.0434467552880298,0.9647217678754455,0.9647217678754455,0.83111717671585,1.3590011766147347,0.8617518868306125,1.7163714492555393,1.9447116193904654,3.0080039702082857,1.301500080712492,1.1829397030205755,0.8281219623355659,1.0503696233325193,1.1038905434977375,1.259933613808255
FOODS_3_233_TX_3_validation,4.410518710054374,4.5276661020141304,4.971815604665179,2.6673724281965385,3.658536069431688,3.4172199668821537,4.3864045463913515,3.7595554910067266,2.889348561781672,3.156652411432382,4.445109417126563,3.667157087014779,2.839083965219971,3.328420023697983,3.130580887112397,3.8689453190141343,2.632768247402655,3.621079138510129,3.284481227547192,2.4695005758113138,3.9260620326120153,3.8069228232544514,3.7595554910067266,4.840586153391355,3.1546117646008853,2.991380907472391,2.6913609033150836,4.360005704542802
FOODS_3_234_TX_3_validation,7.279899425973005,6.752740246996193,6.041131970033844,6.405163734217275,7.807350590783457,7.9604834944147385,12.896894677501198,9.513360828769946,9.47199048726315,10.643780965443076,9.228893589828948,9.593466040807916,8.481059734181795,12.836243195140899,13.839950516737078,13.407815943651142,11.711781713597837,12.442811327154025,8.193683471156659,12.674333888362373,12.841416685188022,11.994170997661257,8.958635153195834,10.030078681545533,8.849576844940804,7.6362588867284265,10.346637022378042,11.857585927214599
FOODS_3_235_TX_3_validation,0.42833885444068515,1.1272176128128575,0.6941719913545832,0.7128263882852118,0.7605399958597968,0.8350687079357697,0.830284985812375,0.9408672570106204,0.9408672570106204,1.108412995142798,1.175451906464854,1.1627344052383022,1.111343870313176,1.2039974477426698,1.0818283128017137,1.0818283128017137,1.1590648902338954,1.1300626064537103,1.0368151582372032,1.2087811698660647,1.2039974477426698,1.2734615656057562,1.1272176128128575,1.108412995142798,0.9891015506626163,1.0368151582372032,1.111343870313176,1.106560148189781
FOODS_3_236_TX_3_validation,2.33850686568321,1.2851190572659013,1.137134248742742,1.5471327036755307,1.3723142582835681,0.9110322104608369,1.9617236300444174,1.3132151913560537,1.5148984692416836,1.341732732374621,1.1318716536627884,0.9923570306137595,1.0996499469627439,1.2404520374965884,0.947184232567621,1.499594394220909,1.431277159109609,0.9737689149087059,1.1844475471165992,1.3983876685018026,1.8363309506966305,1.814190355030006,1.13856070468012,1.3414636413069105,0.9969347828299783,1.032832088024695,1.0996499469627439,1.9972147567486616
FOODS_3_237_TX_3_validation,2.488785665465243,1.3404392275335066,1.6035191842473535,1.6741349775528118,2.4557286035099493,1.8807668089527962,2.585471667722906,2.2074392292004155,2.036624832317889,1.9280850660179594,2.6415573030466386,2.440740858179907,2.0177340444257372,2.483116256974553,1.9015003836768751,1.9015003836768751,1.7427772443491996,2.603901601551791,2.4577295478558945,2.182128866087649,2.189627945313504,1.9015003836768751,1.7131973476278313,1.9280850660179594,2.1122971136432116,1.9153250496702523,2.0177340444257372,2.6297924589536357
FOODS_3_238_TX_3_validation,5.209746661616706,2.0207824483653316,1.6378940736612437,2.214264489093274,2.088077651378544,2.024737949380834,5.095157909778124,3.266075238786964,1.5410232725784592,1.7718409791998881,1.881704354044056,2.5553751609320825,2.245805812671498,2.6676254561258674,3.185753240333428,1.7765899748335672,1.3510080828242603,2.211528340961412,1.9103118086186202,2.6088756581692194,4.288991371266637,2.6961107515573883,1.5039455114564186,1.3476783464217899,1.3083577509120756,1.197899476993601,1.9337085869111073,4.227130083500167
FOODS_3_239_TX_3_validation,0.9467275595874596,3.163158226990799,1.2111480563387067,0.5424808774821093,1.032832088024695,1.4487334369590443,1.094866224839349,0.7839997446866565,1.1481774851947364,1.1654021677127513,1.1354006897796332,0.9923570306137595,0.9110322104608369,1.0259092199802056,0.947184232567621,1.3049528486089832,0.8135796414080254,1.3414636413069105,1.1844475471165992,1.2223261949076434,1.2175424727842485,1.3049528486089832,1.6759763820388816,1.2306783099798848,0.8105844270277414,1.032832088024695,0.9110322104608369,1.094866224839349
FOODS_3_240_TX_3_validation,0.40890954638932914,1.2353173001730782,0.9073185328341784,1.123914354812449,1.2358659126106661,1.6837521974921794,1.5272536994377277,1.5085380892624811,1.5085380892624811,1.6872695362480286,1.571429200542609,1.9658477285769094,2.319744515086736,2.189627945313504,1.9015003836768751,1.9847638620036179,1.7427772443491996,1.9809412884253492,1.995573011694858,3.2911532982514604,2.5457225303779207,2.1912039273217943,1.7911779289527674,1.9280850660179594,1.7730227105252323,1.9153250496702523,2.391719524320248,2.2865269454446318
FOODS_3_241_TX_3_validation,1.4916155310590784,1.7192921061485218,1.3199296354962895,0.9278962392149824,0.7736342084563049,1.2560854706010687,1.4654006599029548,1.4026859995730512,0.9556332295647023,0.9826745848859486,1.1443063597568761,1.0012627005910035,1.550784950281913,1.427111338706572,1.6143047640321386,1.3124617987501244,1.440182829086852,0.9826745848859486,1.041737758001938,1.4179837383332756,1.7029558618015632,1.5263383052133654,1.5917653788168618,1.3390464810912086,0.8194900970049841,0.8531200215000307,1.260171076031891,1.7679494706064323
FOODS_3_242_TX_3_validation,0.06335783569985415,0.3476844650767705,0.6128356386809334,0.3641268650967781,0.3946106575142034,0.8802439358192757,0.6214438587002745,0.5888638356102093,0.5888638356102093,0.7695024465977951,0.6098404243006493,0.9512115709835358,1.0197902216382753,0.9863112002652273,0.9147929986656645,0.9147929986656645,0.6128356386809334,0.935769587356103,0.6403242167180748,0.9873285449074524,0.820044059506919,0.748525857907355,0.5888638356102093,0.935769587356103,0.6098404243006493,0.6403242167180748,1.0197902216382753,0.7039057934479762
FOODS_3_243_TX_3_validation,1.056252886949448,1.2206243993091412,1.5631511115964607,2.0418575990976486,1.3101719409456665,2.818332986167306,1.9728880924300463,1.4938451883985442,1.5757135067920598,1.9966556434807652,1.8363103909862315,2.5712538890679397,2.62869819401648,2.4057174514713138,1.7570463754377437,1.8868074828129382,1.7280843434852626,2.587517565169232,2.875298530856686,2.8861550630776915,2.639246232511315,2.176511026457858,1.7764850280888305,2.5346613427618414,2.6510325462992776,2.479128750430191,3.96396317144202,2.7946108534487872
FOODS_3_244_TX_3_validation,0.06335783569985415,0.3476844650767705,0.36712207947706216,0.3641268650967781,0.6403242167180748,0.45920957888632896,0.4581922342441043,0.8826644342236029,0.5888638356102093,0.7695024465977951,0.7708246680571506,0.7849444302252275,0.7049231380902008,0.820044059506919,0.748525857907355,0.748525857907355,0.6128356386809334,0.7695024465977951,0.8035758411742451,0.8210614041491439,0.820044059506919,0.748525857907355,0.5888638356102093,0.7695024465977951,0.6098404243006493,0.8035758411742451,0.7049231380902008,0.7039057934479762
FOODS_3_245_TX_3_validation,6.437963551412289,3.5947617152345024,4.50405097028164,4.392976207139769,2.7063452258850096,4.622332533654247,5.674177025298087,4.328334553207436,3.0953209919779545,3.802989855114074,3.155274404867546,3.704193482539753,5.649396701613732,4.974512869248932,5.24558643472313,5.040314596303769,3.0762380746403255,3.6406329301954825,4.580141349251035,4.836757504817409,6.451244364147712,5.441088776961615,3.848282619492906,4.647537740650571,4.3265253920649585,3.664485186959548,4.497857834386856,5.0757497705508605
FOODS_3_246_TX_3_validation,0.08622543199405518,0.5227529910393613,0.7340938283642996,1.1318716536627884,0.5761108019771559,0.6429286609152048,1.628946838826003,1.0327891792871904,1.3937803295958082,0.9737689149087059,0.8105844270277414,0.9923570306137595,1.0996499469627439,1.4042943462326378,1.138817485371667,0.947184232567621,0.8135796414080254,0.9737689149087059,1.1844475471165992,1.0306929421036004,1.3936039463784078,0.947184232567621,0.7839997446866565,0.9737689149087059,1.1354006897796332,0.844214351522788,0.9110322104608369,0.9062484883374422
FOODS_3_247_TX_3_validation,0.4054491883806452,0.5347002497224089,0.5574233505454409,0.7407784919673936,0.5880580606602035,0.8434936561001587,0.6500921974748577,0.795947003369704,1.1151137140288334,0.9857161735917535,0.8225316857107889,1.0043042892968084,0.9229794691438845,1.037856478663253,1.1507647440547144,0.9591314912506685,1.0141446365929805,1.1773494263957986,1.0447793467077424,1.0426402007866478,1.037856478663253,1.1507647440547144,0.795947003369704,0.9857161735917535,0.8225316857107889,0.8561616102058356,0.9229794691438845,0.9181957470204898
FOODS_3_248_TX_3_validation,1.9325606161869517,0.9541654320728487,1.0021973779099322,0.7288312332843461,0.5761108019771559,0.8315463974171111,1.2956681974917994,1.2585859811704043,1.103166455345786,0.9737689149087059,0.8105844270277414,0.9923570306137595,0.9110322104608369,1.3936039463784078,1.138817485371667,1.3049528486089832,0.8135796414080254,0.9737689149087059,0.844214351522788,1.0306929421036004,1.3936039463784078,1.6053990940548957,1.0327891792871904,1.1654021677127513,0.8105844270277414,0.844214351522788,0.9110322104608369,1.5370955581812753
FOODS_3_249_TX_3_validation,1.460035906777679,2.0639153697646133,1.322615886779702,1.3440751078989028,1.032832088024695,1.0996499469627439,1.094866224839349,1.103166455345786,1.1052869713217042,2.0051647455507835,2.277105516464073,1.8948189145309138,1.4512334911558535,1.3936039463784078,1.747679852927206,3.2879447924463143,1.586850614250166,1.491961302362192,1.9181863566768569,1.4362877846016766,1.6940501918243203,2.102485250280081,2.4650379918153726,1.5556092388378622,1.0593738616282746,1.180361941685777,1.0996499469627439,1.2423960785004309
FOODS_3_250_TX_3_validation,0.6490675965089963,1.180846451042744,1.1546717840505663,0.8281219623355659,0.9855749618825299,0.8490839327249357,0.8443002106015409,0.9878876357967178,0.9878876357967178,0.9913064502165304,1.0144723181378041,1.0098945659215852,0.9285697457686615,1.7115877271321445,1.3210936640807056,1.1563550206794913,0.83111717671585,1.6594474220606472,1.212902415509943,1.0482304774114246,2.295639515497462,1.3210936640807056,0.801537279994481,1.3590011766147347,1.1494091889706126,0.8617518868306125,0.9285697457686615,1.0991068213743427
FOODS_3_251_TX_3_validation,0.09513110197129801,0.7929054146638992,0.7429994983415423,0.551386547459352,0.5850164719543987,0.6518343308924476,0.6470506087690528,0.7929054146638992,0.7929054146638992,0.9826745848859486,0.8194900970049841,1.0012627005910035,0.9199378804380797,1.0348148899574485,1.14772315534891,0.9560899025448637,1.0111030478871756,1.1743078376899942,0.8531200215000307,1.0395986120808434,1.2264481427614915,0.9560899025448637,0.979255770466136,0.9826745848859486,0.8194900970049841,0.8531200215000307,0.9199378804380797,0.9151541583146849
FOODS_3_252_TX_3_validation,38.358766872417895,31.911573225568066,29.58415450718565,22.205793306796732,35.984477683139936,49.53508860004614,49.08719408844474,33.28930277942572,26.727652326898713,32.13002712874319,28.54079257015765,38.974186622149396,52.40548761166044,45.5606546939862,36.669955505321155,37.61131380953415,34.34999488253709,34.51546239848987,42.61693791505368,52.53353357043225,48.87205918734573,39.18120871355867,36.94898477553824,38.350082648710256,34.385376451101685,42.357559129025105,48.2791449227149,51.89746492473538
FOODS_3_253_TX_3_validation,0.8429608557427879,0.8936131307022289,0.9763074563088284,0.5424808774821093,0.5761108019771559,0.9110322104608369,0.8267626752937164,0.9703501004888933,0.7839997446866565,1.641909886752823,1.6266858645341213,1.2747960767828652,0.9110322104608369,1.0259092199802056,1.3049528486089832,0.947184232567621,1.137134248742742,1.1757187495968189,1.1844475471165992,1.0306929421036004,1.3936039463784078,1.3049528486089832,0.7839997446866565,1.3414636413069105,0.8105844270277414,0.844214351522788,1.0996499469627439,0.9062484883374422
FOODS_3_254_TX_3_validation,0.6714488905315512,0.6714488905315512,0.6941719913545832,0.9891015506626163,0.7605399958597968,1.3280846478464747,1.106560148189781,0.9408672570106204,1.275793104458772,1.108412995142798,1.3296769502035315,1.1627344052383022,1.111343870313176,1.5874513109298947,1.3631690623617612,1.0818283128017137,1.3132899339725728,1.1300626064537103,1.2254328947391087,1.4004144226701072,1.459960245063276,1.0818283128017137,0.9408672570106204,1.108412995142798,1.175451906464854,1.0368151582372032,1.4673362026960086,1.2951778846916866
FOODS_3_255_TX_3_validation,1.2638178650623042,0.5402905263471859,0.5630136271702179,0.5600184127899338,1.2552707469152202,1.117187482270568,1.3132057327996236,0.801537279994481,0.801537279994481,0.9913064502165304,0.8281219623355659,1.201527818725629,1.7658768314009827,1.3246887816424169,1.1563550206794913,1.1563550206794913,0.83111717671585,1.6594474220606472,1.1048635094173438,1.6231597322498248,1.9447116193904654,1.3210936640807056,0.801537279994481,0.9913064502165304,0.990849777236369,0.8617518868306125,1.26471733593165,1.7765813359370135
FOODS_3_256_TX_3_validation,0.08622543199405518,0.5227529910393613,0.5454760918623933,0.7288312332843461,0.5761108019771559,0.6429286609152048,0.6381449387918101,0.7839997446866565,0.7839997446866565,0.9737689149087059,0.9969347828299783,0.9923570306137595,0.9110322104608369,1.0259092199802056,0.947184232567621,0.947184232567621,0.8135796414080254,0.9737689149087059,0.844214351522788,1.0306929421036004,1.0259092199802056,0.947184232567621,0.7839997446866565,0.9737689149087059,0.8105844270277414,0.844214351522788,0.9110322104608369,0.9062484883374422
FOODS_3_257_TX_3_validation,1.4467773113265798,2.3663959754399455,1.189002861325003,1.0144723181378041,1.0503696233325193,1.535984342516394,2.01267851585651,1.9896381367378853,1.2352346100311171,1.1654021677127513,0.8105844270277414,1.3600517570119641,1.3006076365276218,1.2579895728044126,1.517131929528733,1.5009710250469115,1.0683146900557274,1.6594474220606472,1.212902415509943,1.4159252038096268,1.2350800080920727,1.1666716025635588,1.8418498173855957,1.2366239240270536,1.1494091889706126,1.0503696233325193,1.117187482270568,1.2640192192390773
FOODS_3_258_TX_3_validation,2.2097369596952,3.4249406175807446,1.608454755228585,2.1519810460572613,2.371097334789447,1.7140797421409983,2.046556014876608,2.5742236037630892,3.154188457246257,2.0997459826837286,2.1909275408947897,2.502735844496827,3.263132795583839,2.2097097248690405,3.027352875720125,4.1504780905141345,2.1643127220009513,1.852411012707938,3.927656468071225,3.0320117738002357,2.465435903998123,3.3795025213278684,4.433046940066205,2.422198721044455,2.1909275408947897,2.3553757775998667,2.352692460635964,1.7847742977408487
FOODS_3_259_TX_3_validation,3.7349556648690707,2.918528458479291,3.0024718880286483,4.725035192618594,3.702874230267545,2.087416754973876,2.3106953581343452,3.2574080157491836,2.6736188466751374,3.872335104379802,3.219581500695929,3.6070334649395916,2.536967805314801,3.228765353512213,2.4776301725666663,2.12842849304674,2.425705196827935,3.469927453005789,3.296386361520103,4.46154680949682,3.903378301652933,3.3348353324300546,2.7495281323917062,2.3131115036889605,3.7574413593459877,2.792078143917215,2.9955908035235743,3.384398740158056
FOODS_3_260_TX_3_validation,0.15798841066368594,0.734520495500204,0.757243596323236,0.7758979932538647,0.8236116008284496,0.8981403129044225,0.8933565907810278,1.0039388619792735,1.0039388619792735,1.1714846001114507,1.2385235114335067,1.2258060102069548,1.5520346955065027,1.5812711430021724,1.4262406673304138,1.1448999177703665,1.0335187587006418,1.193134211422363,1.0998867632058558,1.5278155721553235,1.8769515561659027,1.4262406673304138,1.0039388619792735,1.1714846001114507,1.0521731556312708,1.0998867632058558,1.3911562528151273,1.3863725306917325
FOODS_3_261_TX_3_validation,2.340715121447853,0.9601110461200181,1.158200820167411,0.9365281045455642,1.0503696233325193,0.9285697457686615,2.3278463111159686,1.3191608054032224,0.9878876357967178,1.1829397030205755,1.0144723181378041,1.6780355377657008,1.1868459541026928,2.2150973014561233,1.2100392416859693,0.9647217678754455,0.83111717671585,0.9913064502165304,1.197899476993601,1.2398637302154676,1.2579895728044126,0.9647217678754455,0.801537279994481,1.1829397030205755,0.8281219623355659,1.0503696233325193,1.117187482270568,1.834358933944584
FOODS_3_262_TX_3_validation,0.08019375106596696,0.5727415536233659,0.6813318762965018,0.7814440751943356,0.4607842879018668,0.9388899377278617,0.6876174890879382,0.6529366804003048,0.6529366804003048,0.8415211497971824,0.839320905672719,1.6420187520953053,1.0479176614992933,0.8920627627063057,0.8161211682812692,0.8161211682812692,0.6813318762965018,0.8415211497971824,0.8841412520627182,0.8952990449144534,0.8920627627063057,0.8161211682812692,0.6529366804003048,1.0077882905554911,0.6783366619162178,0.7088204543336433,0.9388899377278617,0.7724020310635447
FOODS_3_263_TX_3_validation,8.08346781199124,5.733272293155915,6.592238211490705,7.219590631304371,5.330421651217684,7.14407444662718,7.134010564507678,5.777375733786937,5.823888958926856,7.819293456619616,6.509403911477212,7.705806250173729,8.864046923864882,8.959806235047767,9.03053094948479,7.746601722635865,5.870731439927119,6.640736873440126,8.194688993382163,9.4546274424467,11.339674919729772,8.659344596166479,6.120907801836072,5.8711972513839195,6.878083924186646,6.459417298383797,7.153244129578305,8.792701651356325
FOODS_3_264_TX_3_validation,0.1037629673018797,0.801537279994481,0.5630136271702179,0.5600184127899338,0.5936483372849805,0.6604661962230294,0.6556824740996346,0.801537279994481,0.801537279994481,0.9913064502165304,0.8281219623355659,1.0098945659215852,0.9285697457686615,1.0434467552880298,0.9647217678754455,0.9647217678754455,0.83111717671585,0.9913064502165304,0.8617518868306125,1.0482304774114246,1.0434467552880298,0.9647217678754455,0.9878876357967178,0.9913064502165304,0.8281219623355659,0.8617518868306125,0.9285697457686615,0.9237860236452667
FOODS_3_265_TX_3_validation,0.1037629673018797,0.7266408821494227,1.1546717840505663,0.5600184127899338,0.8617518868306125,1.26471733593165,1.3173048837298742,0.801537279994481,0.9878876357967178,1.8724918161826893,1.323298905746917,1.0098945659215852,0.9285697457686615,1.411141481686232,1.3224903839168074,1.3224903839168074,0.993844991616653,0.9913064502165304,1.4925989566744455,1.0482304774114246,1.0434467552880298,0.9647217678754455,0.801537279994481,1.3590011766147347,0.8281219623355659,1.0503696233325193,1.2688029413624722,0.9237860236452667
FOODS_3_266_TX_3_validation,0.41103946500542204,0.5402905263471859,0.5630136271702179,0.5600184127899338,0.5936483372849805,0.6604661962230294,0.6556824740996346,0.801537279994481,0.801537279994481,0.9913064502165304,0.8281219623355659,1.0098945659215852,0.9285697457686615,1.0434467552880298,0.9647217678754455,0.9647217678754455,0.83111717671585,1.1829397030205755,0.8617518868306125,1.2398637302154676,1.0434467552880298,1.1563550206794913,0.801537279994481,0.9913064502165304,0.8281219623355659,0.8617518868306125,0.9285697457686615,0.9237860236452667
FOODS_3_267_TX_3_validation,0.8429608557427879,0.7839997446866565,0.8135796414080254,0.5424808774821093,1.032832088024695,1.0996499469627439,0.6381449387918101,1.103166455345786,0.7839997446866565,1.1654021677127513,0.9969347828299783,1.3600517570119641,1.0996499469627439,1.2175424727842485,1.138817485371667,1.3049528486089832,1.431277159109609,0.9737689149087059,1.4750614213666213,1.3983876685018026,1.3936039463784078,1.3049528486089832,0.9703501004888933,1.1654021677127513,0.8105844270277414,1.032832088024695,1.0996499469627439,0.9062484883374422
FOODS_3_268_TX_3_validation,0.08622543199405518,0.5227529910393613,0.7340938283642996,0.7288312332843461,0.5761108019771559,0.6429286609152048,1.0300715633893605,0.9703501004888933,0.7839997446866565,0.9737689149087059,0.8105844270277414,0.9923570306137595,1.251265406054648,1.2175424727842485,0.947184232567621,0.947184232567621,1.1406632848595868,0.9737689149087059,0.844214351522788,1.2223261949076434,1.0259092199802056,0.947184232567621,0.7839997446866565,0.9737689149087059,0.8105844270277414,0.844214351522788,0.9110322104608369,0.9062484883374422
FOODS_3_269_TX_3_validation,0.09513110197129801,0.9025188006794717,0.5543817618396361,0.7377369032615888,0.5850164719543987,1.1085556169399868,0.6470506087690528,0.7929054146638992,0.7929054146638992,0.9826745848859486,1.005840452807222,1.0012627005910035,0.8474068256171171,1.0259092199802056,0.947184232567621,1.747679852927206,1.0623690760085587,0.9737689149087059,0.844214351522788,1.0306929421036004,1.0259092199802056,0.947184232567621,0.9467275595874596,0.9737689149087059,0.8105844270277414,0.844214351522788,1.0996499469627439,0.9062484883374422
FOODS_3_270_TX_3_validation,0.09513110197129801,0.7929054146638992,0.5543817618396361,0.551386547459352,0.7736342084563049,0.6518343308924476,0.6470506087690528,1.4026859995730512,0.7929054146638992,0.9826745848859486,0.8194900970049841,1.368957426989207,1.1085556169399868,1.2264481427614915,0.9560899025448637,0.9560899025448637,0.8224853113852681,0.9826745848859486,0.8531200215000307,1.0395986120808434,1.0348148899574485,0.9560899025448637,0.979255770466136,0.9826745848859486,0.8194900970049841,0.8531200215000307,0.9199378804380797,0.9151541583146849
FOODS_3_271_TX_3_validation,0.10735580725090313,0.5438833662962094,0.5666064671192413,0.5636112527389573,0.5972411772340039,0.6640590361720529,0.6592753140486581,0.8051301199435045,0.8051301199435045,0.9948992901655539,0.8317148022845894,1.0134874058706087,0.932162585717685,1.0470395952370533,0.968314607824469,0.968314607824469,0.8347100166648734,0.9948992901655539,0.865344726779636,1.051823317360448,1.0470395952370533,0.968314607824469,0.8051301199435045,0.9948992901655539,0.8317148022845894,0.865344726779636,0.932162585717685,0.9273788635942902
FOODS_3_272_TX_3_validation,0.5897886888991482,0.3476844650767705,0.36712207947706216,0.6098404243006493,0.3946106575142034,0.45920957888632896,0.4581922342441043,0.8826644342236029,0.7498480793667103,0.7695024465977951,0.6098404243006493,0.7849444302252275,0.8681747625463708,0.820044059506919,0.9147929986656645,1.0809283619029808,0.6128356386809334,0.7695024465977951,0.8035758411742451,0.8210614041491439,0.820044059506919,1.0809283619029808,0.5888638356102093,0.7695024465977951,0.7708246680571506,0.6403242167180748,0.7049231380902008,0.7039057934479762
FOODS_3_273_TX_3_validation,0.7091033468415981,0.9467275595874596,0.7340938283642996,0.5424808774821093,0.7647285384790622,0.9110322104608369,1.094866224839349,0.7839997446866565,1.103166455345786,1.1654021677127513,0.8105844270277414,1.1839902834178049,0.9110322104608369,1.0259092199802056,0.947184232567621,1.138817485371667,1.0021973779099322,1.1654021677127513,0.844214351522788,1.0306929421036004,1.2175424727842485,0.947184232567621,1.103166455345786,0.9737689149087059,0.8105844270277414,0.844214351522788,1.0996499469627439,1.094866224839349
FOODS_3_274_TX_3_validation,0.15618851402181613,1.2322154685545457,1.261795365275914,1.6008850680802842,1.434609991189742,1.4729624392181735,1.0403296956734394,1.2322154685545457,1.4185658243567814,1.8064440782914417,1.7583298096612954,1.7640187658229272,1.6969941025103201,1.8126134979601705,1.6575830222884118,2.222298644820548,1.739675412730667,2.0495118658881575,1.8245505093110064,2.075575416983129,2.0660220105583735,1.8983985520583426,1.788076097334235,2.008246712726171,2.0449233474803754,1.8245505093110064,1.9111805953212158,1.90162718889646
FOODS_3_275_TX_3_validation,0.8483939066799187,0.9703501004888933,0.7340938283642996,1.5471327036755307,1.6382781207342432,1.4512334911558535,1.4144941925841437,1.3937803295958082,0.9703501004888933,0.9737689149087059,1.1318716536627884,1.567286285452162,1.7605660639902265,1.9357027935302331,1.3151480500335369,0.947184232567621,1.1406632848595868,1.3414636413069105,1.180361941685777,1.4090780683560327,1.4042943462326378,0.947184232567621,0.9703501004888933,0.9737689149087059,0.9969347828299783,1.4750614213666213,1.0996499469627439,1.2464816839312531
FOODS_3_276_TX_3_validation,0.10735580725090313,0.5438833662962094,0.5666064671192413,0.5636112527389573,0.5972411772340039,0.6640590361720529,0.6592753140486581,0.8051301199435045,0.8051301199435045,0.9948992901655539,0.8317148022845894,1.0134874058706087,0.932162585717685,1.0470395952370533,0.968314607824469,0.968314607824469,0.8347100166648734,0.9948992901655539,0.865344726779636,1.051823317360448,1.0470395952370533,0.968314607824469,0.8051301199435045,0.9948992901655539,0.8317148022845894,0.865344726779636,0.932162585717685,0.9273788635942902
FOODS_3_277_TX_3_validation,1.560739053473386,1.2851190572659013,1.137134248742742,0.7288312332843461,1.180361941685777,1.2471798006238257,2.2557854699702644,1.2352346100311171,1.5148984692416836,1.2306783099798848,1.5753333541475547,1.3858504991776015,1.7540221507088074,2.590313425884231,1.7311463923431212,2.102485250280081,2.2823681115440264,1.7855109070037924,1.681646831117941,2.5998668323089866,3.726272249080109,2.1139949721078297,1.3132151913560537,1.5361051869188362,1.2618192923722014,1.3524600557694897,1.6658205222096831,2.9485585647160635
FOODS_3_278_TX_3_validation,1.5356151299210234,3.860731924183989,2.066884902990014,2.836527659030293,2.5832366865581857,3.6283360972217795,2.5853537336256296,2.017155566897681,2.2380120164511808,2.5611596407271713,2.432714471645677,2.7311621319068182,3.1851836672466414,4.765938997230904,2.8412835369847116,2.2335645854456425,2.4925031080574747,2.614015863134562,2.8347303433003685,2.975866849323243,4.454635910973627,3.217429016499167,2.2105049775831422,2.0113485443447026,3.191870132637105,2.9942776124688013,2.781876077980784,3.1737777470748454
FOODS_3_279_TX_3_validation,0.09513110197129801,0.5316586610166041,0.5543817618396361,0.551386547459352,0.7736342084563049,0.6518343308924476,0.6470506087690528,0.7929054146638992,1.112072125323029,0.9826745848859486,0.8194900970049841,1.1928959533950478,0.9199378804380797,1.0348148899574485,0.9560899025448637,0.9560899025448637,0.8224853113852681,0.9826745848859486,0.8531200215000307,1.0395986120808434,1.0348148899574485,0.9560899025448637,0.7929054146638992,0.9826745848859486,0.8194900970049841,0.8531200215000307,0.9199378804380797,0.9151541583146849
FOODS_3_280_TX_3_validation,0.1037629673018797,0.5402905263471859,0.5630136271702179,0.5600184127899338,0.5936483372849805,0.9285697457686615,0.8443002106015409,0.801537279994481,0.801537279994481,1.1829397030205755,1.0144723181378041,1.0098945659215852,1.2688029413624722,1.411141481686232,0.9647217678754455,0.9647217678754455,0.83111717671585,0.9913064502165304,0.8617518868306125,1.0482304774114246,1.2350800080920727,0.9647217678754455,0.801537279994481,0.9913064502165304,0.8281219623355659,0.8617518868306125,1.117187482270568,0.9237860236452667
FOODS_3_281_TX_3_validation,4.3156259366548575,3.5866729201668366,3.42980139463938,2.898906404890004,4.534506458451448,6.576066699078219,6.35727138841617,3.6406752542165806,3.6478642310248595,4.537366846457935,3.9815779130328206,5.359193420528036,7.794504636474858,9.665656413893633,6.722411547557544,5.455562893180471,4.504912544558431,4.176902118326795,5.81375866865978,6.590499013935981,7.8964976758101395,6.028182309603691,4.02268937722699,4.432029587522105,3.2693920458991883,5.499620221803267,6.278360308293565,7.554813796188459
FOODS_3_282_TX_3_validation,11.541472782719516,12.312809597671702,10.237042693377155,9.876700868938977,12.010193993676701,9.600930118221806,10.953749202794471,10.953713290570954,11.44736352063234,9.14850767823298,8.134395511736173,9.649896218293431,9.201374691423874,10.175458595350864,12.36172117849525,11.126552967409284,8.400150564054242,8.877865949187079,10.46964998142672,9.16851105554246,12.633182230517322,15.02371350180216,13.215681665472278,10.041684215701334,8.566145682510845,9.098423492040013,7.35693544292992,9.496138309929094
FOODS_3_283_TX_3_validation,0.3331592334748746,0.5316586610166041,0.5543817618396361,0.551386547459352,0.7736342084563049,1.4281835846847815,1.308673018399293,0.7929054146638992,0.7929054146638992,1.1743078376899942,0.8194900970049841,1.0012627005910035,1.1085556169399868,1.0348148899574485,0.9560899025448637,0.9560899025448637,1.0111030478871756,1.3503693112841535,0.8531200215000307,1.2312318648848863,1.2264481427614915,0.9560899025448637,0.7929054146638992,0.9826745848859486,0.8194900970049841,0.8531200215000307,1.260171076031891,0.9151541583146849
FOODS_3_284_TX_3_validation,0.08622543199405518,0.5227529910393613,0.5454760918623933,0.5424808774821093,0.5761108019771559,0.6429286609152048,0.6381449387918101,0.7839997446866565,0.7839997446866565,0.9737689149087059,0.8105844270277414,0.9923570306137595,0.9110322104608369,1.0259092199802056,0.947184232567621,0.947184232567621,0.8135796414080254,0.9737689149087059,0.844214351522788,1.0306929421036004,1.0259092199802056,0.947184232567621,0.7839997446866565,0.9737689149087059,0.8105844270277414,0.844214351522788,0.9110322104608369,0.9062484883374422
FOODS_3_285_TX_3_validation,0.7442177387610728,1.9935272182175572,2.047623363866361,1.2729433682757045,1.5026322467488984,2.1937261734480127,1.38724862053112,1.406974755111377,1.9935272182175572,1.9133921651540224,1.6625078250716017,2.0842916125963984,1.9750294131943447,1.90726877620343,1.6459919530430074,1.970070961139681,2.016945262004012,2.8968510370500624,2.102127954985716,2.0591762728316527,2.3790948678722903,1.8868074828129382,1.9794484324902104,1.9966556434807652,2.0196236314543365,2.110161835820531,2.1967919218307395,1.8852280447449832
FOODS_3_286_TX_3_validation,0.1037629673018797,0.7266408821494227,0.7516313636721241,0.8281219623355659,0.5936483372849805,1.117187482270568,0.6556824740996346,1.1207039906536103,0.9878876357967178,0.9913064502165304,0.8281219623355659,1.0098945659215852,1.117187482270568,1.2350800080920727,0.9647217678754455,0.9647217678754455,1.0197349132177573,0.9913064502165304,0.8617518868306125,1.2398637302154676,1.0434467552880298,0.9647217678754455,0.801537279994481,0.9913064502165304,1.0144723181378041,0.8617518868306125,1.117187482270568,0.9237860236452667
FOODS_3_287_TX_3_validation,0.35056695028954166,0.3476844650767705,0.6128356386809334,0.7725682392014525,0.3946106575142034,0.45920957888632896,0.6214438587002745,0.7498480793667103,0.5888638356102093,0.7695024465977951,0.6098404243006493,0.7849444302252275,0.8681747625463708,0.9863112002652273,0.748525857907355,0.748525857907355,0.6128356386809334,0.7695024465977951,0.8035758411742451,0.9873285449074524,1.1623726738593865,0.9147929986656645,0.5888638356102093,0.935769587356103,0.9092905750068051,0.6403242167180748,0.7049231380902008,0.7039057934479762
FOODS_3_288_TX_3_validation,7.379058028068161,4.183286763833788,4.879858880309643,5.492338997057489,5.68853589638427,3.790966574302692,6.736112711035201,7.114781220813654,4.284791287670329,4.776913379639236,5.16491566578952,6.7771793797483415,5.530205467740579,7.902585858127917,8.464977134391747,5.77235769514767,5.965304318636513,5.7667481543932375,6.475859143259003,7.2982069662513105,7.2717670338210425,8.51426797729911,5.590557303419001,5.53725848946722,5.456350980371873,6.242063787017509,5.42072536387873,6.516719636024337
FOODS_3_289_TX_3_validation,0.8457076553965063,0.7929054146638992,0.5543817618396361,0.551386547459352,0.5850164719543987,0.8404520673943539,1.2513017484776738,0.7929054146638992,0.979255770466136,0.9826745848859486,0.8194900970049841,1.1928959533950478,0.9199378804380797,1.0348148899574485,0.9560899025448637,0.9560899025448637,0.8224853113852681,0.9826745848859486,0.8531200215000307,1.0395986120808434,1.2264481427614915,0.9560899025448637,0.979255770466136,0.9826745848859486,0.8194900970049841,0.8531200215000307,0.9199378804380797,1.255387353908496
FOODS_3_290_TX_3_validation,2.036624832317889,1.9587764352201391,3.2957544651438986,2.052647927818475,3.361703376655193,3.1474403653042353,2.366424805969261,3.1719008517686675,3.288920524536981,2.6397286541207947,2.092791437323244,2.7311621319068182,2.781876077980784,3.458770763952683,3.501734870794178,2.8114376338046982,3.851274350444357,3.10819255066584,4.063437052471752,4.108156618746034,3.4059454629318533,3.0400624289427984,2.734404056378043,4.869272117308548,3.122143182660647,3.4448442799637213,3.601072781181882,3.1232676585774333
FOODS_3_291_TX_3_validation,1.501482701494896,1.0327891792871904,1.0021973779099322,0.9733122419285445,1.032832088024695,1.8097308656945914,1.7076439471817728,1.2352346100311171,0.9703501004888933,1.1654021677127513,0.8105844270277414,1.3600517570119641,1.4192779147075385,1.4042943462326378,1.747679852927206,2.282983486509817,2.2823681115440264,2.163698506481337,1.3723142582835681,1.0306929421036004,2.153231064935741,1.529024556496778,1.3132151913560537,1.3395610583328683,1.2908202156042514,1.032832088024695,1.6799916832076962,2.01267851585651
FOODS_3_292_TX_3_validation,3.8666705445203675,2.0160969404603444,2.9537862356211337,3.647130578679101,3.6848292845416,4.519448766502536,6.008765254942861,3.396284862329435,2.7874255439397793,3.2769504070575945,3.9459317529540914,3.4049121291187974,4.2443334901387875,5.742405044883684,3.573292798564383,2.9642811255659787,2.4439929149726387,2.8194075535405974,3.019438231429956,3.4269361367232043,4.747871760910466,4.669879367128606,2.6624400114945117,3.0601612584218008,3.6579293910997763,3.536793646222234,3.7244381234650277,4.4670115526676
FOODS_3_293_TX_3_validation,1.1756801963702428,0.5227529910393613,0.7340938283642996,0.5424808774821093,0.5761108019771559,0.6429286609152048,1.2956681974917994,0.7839997446866565,0.7839997446866565,1.641909886752823,1.0593738616282746,0.9923570306137595,0.9110322104608369,1.0259092199802056,0.947184232567621,0.947184232567621,0.9763074563088284,0.9737689149087059,0.844214351522788,1.0306929421036004,1.0259092199802056,0.947184232567621,0.7839997446866565,0.9737689149087059,0.8105844270277414,0.844214351522788,0.9110322104608369,1.5370955581812753
FOODS_3_294_TX_3_validation,0.3242535634976318,0.7091033468415981,0.5454760918623933,0.7288312332843461,0.5761108019771559,0.6429286609152048,0.6381449387918101,0.7839997446866565,0.7839997446866565,0.9737689149087059,0.8105844270277414,0.9923570306137595,0.9110322104608369,1.0259092199802056,0.947184232567621,0.947184232567621,0.8135796414080254,0.9737689149087059,0.844214351522788,1.0306929421036004,1.0259092199802056,0.947184232567621,0.7839997446866565,0.9737689149087059,0.8105844270277414,0.844214351522788,0.9110322104608369,0.9062484883374422
FOODS_3_295_TX_3_validation,7.292219371444707,3.7095016994597008,4.207330245769853,4.237575711945886,5.287541104745847,6.762936650105407,8.850781545369173,6.626294064289413,6.593462809602,6.083421732693063,4.383667155390215,6.302083564595595,7.667363303096071,8.913455652676758,7.844003197508077,8.110181287089889,5.445916611440396,6.225810474781582,5.715578857209002,8.895604480092071,12.640479763592829,9.298977387372922,6.36599631770479,5.872291927213307,5.676935010224475,6.523341525003254,7.2483530084560535,10.9586722713748
FOODS_3_296_TX_3_validation,1.27485423142712,0.7091033468415981,0.5454760918623933,0.5424808774821093,0.5761108019771559,0.8315463974171111,0.8267626752937164,0.7839997446866565,0.7839997446866565,1.641909886752823,1.0593738616282746,0.9923570306137595,0.9110322104608369,1.6940501918243203,2.1075721719323353,1.2040936276388006,1.6406324187292507,1.3613482742256942,1.4750614213666213,1.0306929421036004,2.2837848348052865,2.6220200112885377,1.3027353858177282,1.1757187495968189,0.8105844270277414,0.844214351522788,0.9110322104608369,1.0815692860665185
FOODS_3_297_TX_3_validation,0.7694361638473992,0.955786519649636,1.1260997040203296,0.7960208461884841,0.750164957639805,0.6283650800759476,0.891684907498185,0.7694361638473992,0.7694361638473992,1.150838586873494,0.7960208461884841,1.3454881761727069,0.8964686296215797,1.0113456391409483,0.9326206517283637,0.9326206517283637,0.7990160605687682,0.9592053340694486,1.169883966277342,1.2077626140683861,1.0113456391409483,1.1242539045324098,0.955786519649636,1.150838586873494,0.982371201990721,0.8296507706835308,0.8964686296215797,1.0803026440000918
FOODS_3_298_TX_3_validation,0.06335783569985415,0.3476844650767705,0.5303737039332317,0.3641268650967781,0.3946106575142034,0.6224612033424991,0.4581922342441043,0.5888638356102093,0.8826644342236029,0.7695024465977951,0.6098404243006493,0.7849444302252275,0.7049231380902008,0.820044059506919,0.9147929986656645,0.748525857907355,0.6128356386809334,0.935769587356103,0.6403242167180748,0.8210614041491439,0.820044059506919,0.748525857907355,0.5888638356102093,0.7695024465977951,0.6098404243006493,0.6403242167180748,0.7049231380902008,0.7039057934479762
FOODS_3_299_TX_3_validation,0.5529401262399913,1.2322154685545457,1.5747421808418651,1.5536705512959452,1.8214847609282796,2.205151811038468,1.4036477646825969,1.2322154685545457,1.2322154685545457,1.603924868996255,1.7583298096612954,2.0174272784211316,1.9111805953212158,1.8126134979601705,1.768637444683148,2.222298644820548,2.3105011361959535,2.2957203890268056,1.904798471335612,2.075575416983129,2.687291188166193,2.2304627538271107,1.788076097334235,2.5462524120072456,2.078098536459308,2.126560979972008,2.4951558709287527,2.1629210106895016
FOODS_3_300_TX_3_validation,3.7119122698482747,3.3542645242707643,1.7275228702481802,1.881704354044056,3.2333822994229795,4.149651770819442,2.005901504296094,2.113664064236713,2.4709836058625423,1.4782913745582877,1.6529073589571213,2.889171987821213,4.413173664082293,2.43133758027063,1.5349701705439467,2.4621536186029003,1.9101132713371372,1.581170394736104,2.5834207755264895,4.717606817263191,2.7077426569137386,2.9439308618654527,2.771400998533055,1.7358765425460492,1.518436047414659,2.179381036596575,3.8702842422978896,2.52174706869278
FOODS_3_301_TX_3_validation,0.08622543199405518,0.9703501004888933,1.0021973779099322,0.9733122419285445,0.5761108019771559,1.2471798006238257,0.6381449387918101,0.9703501004888933,1.103166455345786,0.9737689149087059,0.9969347828299783,0.9923570306137595,1.7540221507088074,1.4267343781769208,1.3049528486089832,1.138817485371667,0.8135796414080254,0.9737689149087059,1.032832088024695,1.4090780683560327,1.2175424727842485,0.947184232567621,0.9703501004888933,1.1654021677127513,1.1354006897796332,0.844214351522788,1.251265406054648,0.9062484883374422
FOODS_3_302_TX_3_validation,2.3413277837835778,3.654738275759262,3.249939281285502,3.041679316477139,2.670674786628793,1.8530297403688398,2.4618657329677758,2.269938558299425,2.5267297563295577,3.070090504929041,3.2562534739464595,3.671266960366501,2.6916852687460064,2.4221165956227906,2.509741619309317,2.6270090533215877,2.634645530068318,2.73905774624706,3.666885500308158,3.9897977725401246,2.9221750654743492,3.0081859672676745,3.773476547247192,3.7662310459370674,2.6432239144627143,2.962159433681762,3.0786302181421217,2.9797100536461163
FOODS_3_303_TX_3_validation,0.09513110197129801,0.7929054146638992,0.5543817618396361,0.8194900970049841,0.7736342084563049,0.8404520673943539,0.6470506087690528,0.7929054146638992,0.7929054146638992,0.9826745848859486,0.8194900970049841,1.0012627005910035,1.260171076031891,1.0348148899574485,1.14772315534891,1.756585522904449,1.0596828247251462,0.9826745848859486,1.041737758001938,1.2312318648848863,1.7029558618015632,1.201407376355388,1.1141926412989471,0.9826745848859486,1.005840452807222,0.8531200215000307,0.9199378804380797,1.0904749560437614
FOODS_3_304_TX_3_validation,1.486527456906536,1.1264173465785519,1.4524075343664566,1.447144939286503,1.2588635868642437,0.6640590361720529,0.6592753140486581,1.414910704852656,0.8051301199435045,1.6630402620096707,1.0689123156244669,1.8239091365870346,1.4638351569651094,1.0470395952370533,1.1599478606285147,1.1599478606285147,1.1582646239995897,0.9948992901655539,1.0406655245087122,1.243456570164491,1.2386728480410962,1.7688102281840536,1.2946575112620935,1.186532542969599,1.0180651580868276,0.865344726779636,0.932162585717685,0.9273788635942902
FOODS_3_305_TX_3_validation,1.2679926188232602,1.1172342300047515,0.5574233505454409,1.1993584120368739,1.1923092003688243,1.4606806956420917,1.6405403626924715,1.138916042102512,1.1151137140288334,1.7961379043081807,1.1655007244435962,1.1959375421008522,1.1115972056457912,1.4162416049156852,1.617346352737943,1.2044489650611925,0.988254714991876,0.9857161735917535,1.0447793467077424,1.0426402007866478,1.229489731467296,1.3249236346748314,1.1151137140288334,0.9857161735917535,1.4379618227127027,1.1963948057996465,0.9229794691438845,1.5490428168643227
FOODS_3_306_TX_3_validation,3.9843766125242963,5.031943498730827,3.7748628479359545,2.910004529529177,3.286820293561713,3.1553235005111415,3.4829911954975303,2.9809575377929107,2.9878768877241892,3.082393790273766,2.447590511854784,2.917390645826212,2.6607608603026947,2.804614744946163,2.906391946743966,3.581171831443653,3.044425133747983,2.9095087532583532,2.823360759728782,4.182202700704274,5.018926846514772,4.694511191268371,5.197473667530516,4.073617969885466,3.0608121499789425,3.7497405953864544,4.141980970531993,4.443123044886742
FOODS_3_307_TX_3_validation,1.6308336313770853,2.8144290889023176,2.1479726965097514,1.9687346563518404,1.3782598723307369,2.3650737293162263,2.3712417400231094,1.4862018129808119,1.4775734420855031,1.3570985936406925,1.1494091889706126,1.201527818725629,2.1619678781920473,2.599322251744464,1.971369961389909,1.5009710250469115,1.0683146900557274,1.6594474220606472,1.6875924451651099,1.588502621426679,3.301694432188794,2.259664856639984,2.6156844080356665,2.0206255132332713,2.214264489093274,1.400149885014149,2.1619678781920473,1.9827408468792134
FOODS_3_308_TX_3_validation,0.851282474541455,0.9848305896110847,0.5599565809845848,0.5569613666043007,1.0473125771468863,1.261660289746017,1.430522121621582,1.1176469444679773,1.1176469444679773,0.9882494040308973,0.8250649161499328,1.1984707725399961,1.7857863593654837,1.3371823152656017,0.9616647216898124,0.9616647216898124,0.8280601305302169,1.6563903758750143,1.1018064632317108,1.6201026860641918,1.638040208983387,1.2069821955003364,0.9848305896110847,0.9882494040308973,0.987792731050736,1.0473125771468863,1.4337584038297297,1.430522121621582
FOODS_3_309_TX_3_validation,0.7091033468415981,0.7839997446866565,0.5454760918623933,0.8105844270277414,0.844214351522788,0.9110322104608369,0.9062484883374422,0.7839997446866565,0.7839997446866565,0.9737689149087059,0.8105844270277414,0.9923570306137595,0.9110322104608369,1.2175424727842485,0.947184232567621,0.947184232567621,0.8135796414080254,0.9737689149087059,0.844214351522788,1.0306929421036004,1.0259092199802056,0.947184232567621,0.9703501004888933,0.9737689149087059,0.9969347828299783,1.032832088024695,1.0996499469627439,1.094866224839349
FOODS_3_310_TX_3_validation,1.070945787813385,1.5904064076559967,2.0741216618316907,1.2876362691396415,1.7809824325866275,1.5197546202118732,1.9160197885505676,1.6143096146554108,1.7101315992451045,1.9280850660179594,1.571429200542609,2.4376738202457693,2.319744515086736,2.5190999467788973,2.457167256128801,1.9015003836768751,1.8230252063738053,2.0642047667520935,1.995573011694858,2.182128866087649,2.812588258439946,2.1912039273217943,1.7911779289527674,2.0113485443447026,1.7730227105252323,1.995573011694858,2.0177340444257372,2.3667749074692397
FOODS_3_311_TX_3_validation,1.0725194659961408,0.7929054146638992,0.8224853113852681,0.8194900970049841,1.041737758001938,0.8404520673943539,0.8356683452709591,0.7929054146638992,1.112072125323029,0.9826745848859486,0.8194900970049841,1.0012627005910035,1.1085556169399868,1.2264481427614915,1.14772315534891,1.3138585185862262,0.8224853113852681,0.9826745848859486,0.8531200215000307,1.2312318648848863,1.0348148899574485,1.6143047640321386,1.1358744533967076,1.1743078376899942,1.005840452807222,1.041737758001938,0.9199378804380797,0.9151541583146849
FOODS_3_312_TX_3_validation,0.5081894102001041,1.0886028745065288,0.5309125110231361,0.527917296642852,0.5615472211378987,0.8964686296215797,0.891684907498185,0.955786519649636,0.7694361638473992,0.9592053340694486,0.7960208461884841,1.1694267025785476,0.8964686296215797,1.0113456391409483,0.9326206517283637,1.1242539045324098,0.7990160605687682,1.150838586873494,1.0182685071854378,1.2077626140683861,1.2029788919449913,0.9326206517283637,0.955786519649636,0.9592053340694486,0.7960208461884841,0.8296507706835308,1.0850863661234866,1.0803026440000918
FOODS_3_313_TX_3_validation,8.631065501584528,7.955509331385372,5.600904829885905,5.616302656248086,9.157098581450745,10.249098201651819,13.486388167730235,10.724384427340297,9.933537119524226,9.773858292080844,7.978313220075538,10.075176557481566,8.507518464545242,10.765126999722309,12.446878413809154,12.594171104028238,11.328518447283898,11.35587718801786,9.765102943037713,8.808858486075255,10.684656609243374,9.508717416296545,9.280280884392921,8.738562451444002,8.703744745842679,9.039708450461552,8.351503425390217,9.95318991525774
FOODS_3_314_TX_3_validation,0.08622543199405518,0.9703501004888933,1.0021973779099322,0.5424808774821093,0.7647285384790622,0.6429286609152048,0.8267626752937164,0.7839997446866565,0.7839997446866565,0.9737689149087059,0.8105844270277414,0.9923570306137595,0.9110322104608369,1.0259092199802056,0.947184232567621,0.947184232567621,0.8135796414080254,0.9737689149087059,0.844214351522788,1.0306929421036004,1.0259092199802056,0.947184232567621,0.9703501004888933,1.1654021677127513,0.8105844270277414,0.844214351522788,0.9110322104608369,0.9062484883374422
FOODS_3_315_TX_3_validation,0.35091887540894634,0.6714488905315512,0.6941719913545832,0.7128263882852118,0.7605399958597968,0.8350687079357697,0.830284985812375,0.9408672570106204,0.9408672570106204,1.108412995142798,1.175451906464854,1.1627344052383022,1.111343870313176,1.2039974477426698,1.0818283128017137,1.0818283128017137,0.9704471537319883,1.1300626064537103,1.0368151582372032,1.2087811698660647,1.2039974477426698,1.0818283128017137,0.9408672570106204,1.108412995142798,0.9891015506626163,1.0368151582372032,1.111343870313176,1.106560148189781
FOODS_3_316_TX_3_validation,0.08622543199405518,1.103166455345786,0.8135796414080254,0.5424808774821093,0.844214351522788,1.0996499469627439,0.6381449387918101,1.103166455345786,0.7839997446866565,0.9737689149087059,0.8105844270277414,0.9923570306137595,1.0996499469627439,1.0259092199802056,0.947184232567621,0.947184232567621,0.8135796414080254,0.9737689149087059,0.844214351522788,1.0306929421036004,1.0259092199802056,0.947184232567621,0.9703501004888933,1.1654021677127513,0.8105844270277414,1.032832088024695,1.0996499469627439,0.9062484883374422
FOODS_3_317_TX_3_validation,2.2937905778649146,1.524409391764273,1.4413609671943746,1.6497741787798685,2.8759857981216794,2.8433422309278793,2.7383169700396803,2.3598143225960615,2.107812415281551,1.9822941228735311,1.9569928747559981,2.585660294672192,3.2989198174662637,4.000117251936348,2.683530584236612,2.4175347496764084,1.9267474085799654,2.248174930982859,2.3605890356940606,3.166389426098007,4.443369624778236,3.351085411310462,2.167113718389133,2.1120552302487257,1.9569928747559981,2.334072350641383,2.9423385837636937,4.526418980458168
FOODS_3_318_TX_3_validation,9.685158094401622,7.1445901060648405,8.47059478528813,6.628569264236595,10.25923618304913,9.411388454299775,9.004139108483349,7.214041550429438,8.76432881414273,9.260668937200029,6.2308374631977825,8.443142985276777,10.229761711517282,11.483532396860246,7.794607319082531,8.494232111104665,7.5900195511069795,6.343877940236393,8.244940643070674,11.607319968724816,13.631863903662682,10.38174804924835,7.085204965379246,8.059048366410204,6.871901457935067,9.240492599959929,9.76899743200405,11.449529677616397
FOODS_3_319_TX_3_validation,0.23811474880638867,0.9701056749879348,0.9928287758109667,1.0230742419870016,1.132758419085549,1.4243613430877782,1.6614342816336656,1.7281465165787635,1.6925082534932474,1.8712397004787948,1.7553993647733752,2.0387634704129396,2.3077654009445268,3.233541872162282,2.410812354638076,2.08547054790764,1.9267474085799654,2.164911452656116,2.0992952139010175,2.6863467154173355,4.000117251936348,2.683530584236612,2.167113718389133,2.1120552302487257,1.9569928747559981,2.0992952139010175,2.818988857855402,4.526418980458168
FOODS_3_320_TX_3_validation,0.5227529910393613,0.5227529910393613,0.5454760918623933,0.5424808774821093,0.5761108019771559,0.9110322104608369,1.5370955581812753,1.0327891792871904,0.7839997446866565,1.1654021677127513,1.5753333541475547,1.2747960767828652,1.0996499469627439,1.4042943462326378,0.947184232567621,0.947184232567621,0.8135796414080254,1.3395610583328683,0.844214351522788,1.0306929421036004,1.0259092199802056,0.947184232567621,0.7839997446866565,0.9737689149087059,0.8105844270277414,0.844214351522788,1.0996499469627439,1.094866224839349
FOODS_3_321_TX_3_validation,7.08643360620667,6.5213145776119905,6.2056675764689055,4.139990895183139,4.279270431869689,6.323744195186467,7.953359399399502,5.654736870382686,5.035497530774642,5.6449714155745125,3.9287029686666184,5.726386444187168,6.374655015612358,6.150576150805695,5.070987458305803,5.8306913429828695,6.577517776702924,5.224601930617997,5.835490635498879,7.129286490805039,5.724306717698028,5.083032777471876,4.999025069967361,6.332275834856617,3.9788287454207056,4.960478772294174,6.595531591612422,8.24023844775221
FOODS_3_322_TX_3_validation,2.6667233502674694,1.7707914201012172,0.8711170075029506,0.5424808774821093,1.180361941685777,0.8315463974171111,2.5654360299704355,1.9696383773089923,1.3132151913560537,1.1654021677127513,1.1354006897796332,0.9923570306137595,0.9110322104608369,1.6505877475259267,1.529024556496778,1.814190355030006,1.322615886779702,1.3414636413069105,1.032832088024695,1.3983876685018026,1.4042943462326378,2.0963156855506018,1.3132151913560537,0.9737689149087059,0.8105844270277414,1.1844475471165992,0.9110322104608369,1.6752079610843014
FOODS_3_323_TX_3_validation,0.3242535634976318,0.5227529910393613,0.9242531643176932,0.7288312332843461,0.7647285384790622,0.6429286609152048,0.6381449387918101,0.7839997446866565,0.7839997446866565,0.9737689149087059,0.8105844270277414,1.1839902834178049,0.9110322104608369,1.0259092199802056,1.138817485371667,0.947184232567621,1.0021973779099322,0.9737689149087059,0.844214351522788,1.0306929421036004,1.0259092199802056,0.947184232567621,0.7839997446866565,0.9737689149087059,0.8105844270277414,0.844214351522788,0.9110322104608369,0.9062484883374422
FOODS_3_324_TX_3_validation,3.8388393483059717,4.231619167971735,2.362615785950428,3.599345764300146,2.1282736266421587,2.671519396617779,4.30135270685967,3.740725938687923,3.4553829006971015,2.0135258005362973,3.340601579430879,1.9027209025605138,2.293807177358785,2.931370675612803,3.511805415057979,2.9349884965031783,2.679529959501252,5.015475970732505,4.140384593382367,2.507818426137849,4.033731205990458,3.20548736303611,2.351809711432599,2.1283572808597677,4.015637710736325,2.825868569421277,3.483963966355423,4.264443299532944
FOODS_3_325_TX_3_validation,0.5143277004439606,1.1481774851947364,0.5454760918623933,0.7288312332843461,0.5761108019771559,0.6429286609152048,0.6381449387918101,0.7839997446866565,0.7839997446866565,0.9737689149087059,0.8105844270277414,0.9923570306137595,0.9110322104608369,1.0259092199802056,0.947184232567621,0.947184232567621,0.8135796414080254,0.9737689149087059,0.844214351522788,1.0306929421036004,1.0259092199802056,0.947184232567621,1.3937803295958082,0.9737689149087059,0.8105844270277414,0.844214351522788,0.9110322104608369,0.9062484883374422
FOODS_3_326_TX_3_validation,0.8814936003926143,0.8814936003926143,0.9042167012156462,0.9228710981462749,0.9705847057208599,1.0451134177968342,1.3979083597337052,1.2322154685545457,1.2322154685545457,1.4028269550694488,1.283515510589269,1.6487816179689954,1.6969941025103201,1.8126134979601705,1.6575830222884118,1.768637444683148,1.5380819027480437,1.7254328577914815,2.126560979972008,2.075575416983129,2.0660220105583735,1.8983985520583426,1.7100955160092988,1.9249832343994269,1.7583298096612954,1.8245505093110064,1.9111805953212158,1.9818751509210657
FOODS_3_327_TX_3_validation,0.3417910988054563,2.277926758111157,2.2195270841732273,2.1054276115313835,2.281818438505367,1.9043815855748762,1.0940793852649293,1.1207039906536103,1.8860984937130183,1.561554852885031,2.214264489093274,3.1895725492316718,2.245805812671498,2.899481891157262,1.562713468370326,2.6180846044976516,2.679529959501252,2.0519464548463326,2.179381036596575,1.6717660997534223,2.9331190786335943,1.73422931670972,2.767737067165697,2.4857490758476066,2.317751469372262,1.585989996826751,1.4018843676748918,1.3132057327996236
FOODS_3_328_TX_3_validation,0.1037629673018797,0.801537279994481,0.5630136271702179,0.5600184127899338,0.5936483372849805,0.6604661962230294,0.6556824740996346,0.801537279994481,0.801537279994481,0.9913064502165304,1.0144723181378041,1.0098945659215852,0.9285697457686615,1.2350800080920727,0.9647217678754455,0.9647217678754455,0.83111717671585,0.9913064502165304,0.8617518868306125,1.0482304774114246,1.2350800080920727,0.9647217678754455,0.9878876357967178,0.9913064502165304,0.8281219623355659,0.8617518868306125,0.9285697457686615,0.9237860236452667
FOODS_3_329_TX_3_validation,9.406938045453527,7.504325380582442,6.720556948485906,4.93731461560275,6.0932299249434205,8.329586130541218,8.899517724176516,6.871217283450324,7.906662195616002,6.858545637184331,5.920767188973637,7.393332081746624,8.938169324640565,10.048762571413517,8.456752826580631,8.581729161940824,7.568107481697076,6.880016303398987,6.022048908547951,8.638840043405306,9.595954979659023,10.205564851771065,6.735471806521692,7.889783576471106,6.4758812048513175,6.155611754809752,7.869508603544144,9.068361670488201
FOODS_3_330_TX_3_validation,1.6210824848591363,1.1445063187272888,0.7516313636721241,0.8281219623355659,1.0503696233325193,0.6604661962230294,2.5791268162389582,1.466263295806231,1.5324360045495078,1.2366239240270536,1.1529382250874574,1.3775892923197883,1.2688029413624722,2.776749013875736,2.362580377337286,1.5349701705439467,1.1763535961483267,1.3590011766147347,1.613717096320321,1.635100081784958,1.9354655166618004,1.4517066922172035,1.1228245066295284,0.9913064502165304,1.0144723181378041,1.197899476993601,1.1038905434977375,2.014752292056487
FOODS_3_331_TX_3_validation,2.365802946247457,1.5996167137914739,1.6314639912125117,1.5536705512959452,1.5908991239659072,3.104700402938249,3.4108118286068327,1.9653849049117047,1.7734192797061037,3.7850553051355855,2.3152539416283484,2.330500135735048,2.4905294397006443,2.426374656394691,2.2063533739214867,2.9589206871046363,2.8040403945884638,2.329862460934577,1.8081513651595296,2.6804454504394717,2.3633567933474655,2.2063533739214867,2.025129864063867,2.2901439551418163,1.8363103909862315,1.8883993271841353,3.393028843385363,3.0835029076582043
FOODS_3_332_TX_3_validation,3.155646359771227,2.8549133545127967,1.5517242901541293,1.744498297001388,1.9043661945714514,1.4512334911558535,1.4564949899257118,1.3067368969289792,2.524035925093786,3.326580887943249,2.4952320232375262,2.195706792609263,2.218576650914077,2.704271578064877,1.7311463923431212,3.764127905051634,2.2641430963967575,1.5752247806889352,2.404420545989116,2.246144078033337,2.9241102527733616,2.7501337307161045,2.786635919571332,1.8171547214253203,1.2618192923722014,1.6970096638145353,1.4731235038392656,1.878943633403024
FOODS_3_333_TX_3_validation,5.050479169177378,3.2750553983277255,4.5104661609816015,5.112571097639675,5.347016574481946,6.237904082108771,6.376222538540166,6.316212277354714,5.537387901661924,6.423971435597017,6.125564668513937,7.9213238137261905,8.807251667711196,8.755037649798458,7.19801709654758,5.554455117645504,5.978163619005272,5.25587223980031,6.557446742981183,9.31231323088821,10.94455463356856,9.16076615134449,5.391126557462697,5.478879810456159,3.4204277812841064,3.779303539541922,5.39846404532309,6.288896441500451
FOODS_3_334_TX_3_validation,0.9556332295647023,0.5316586610166041,0.9852131262860712,0.9822179119057872,1.041737758001938,0.6518343308924476,0.9151541583146849,1.4026859995730512,0.7929054146638992,1.1743078376899942,0.8194900970049841,1.0012627005910035,1.1085556169399868,1.2264481427614915,0.9560899025448637,0.9560899025448637,0.8224853113852681,0.9826745848859486,1.1933532170938421,1.4072933384790456,1.0348148899574485,1.3138585185862262,0.7929054146638992,1.3503693112841535,1.1443063597568761,1.041737758001938,0.9199378804380797,1.103771894816592
FOODS_3_335_TX_3_validation,0.6383322599095208,0.7839997446866565,0.8135796414080254,0.5424808774821093,0.5761108019771559,0.9110322104608369,0.6381449387918101,0.7839997446866565,0.7839997446866565,0.9737689149087059,0.9969347828299783,0.9923570306137595,0.9110322104608369,1.0259092199802056,0.947184232567621,1.6053990940548957,1.170407982101158,0.9737689149087059,0.844214351522788,1.0306929421036004,1.0259092199802056,0.947184232567621,1.1052869713217042,1.1654021677127513,0.8105844270277414,0.844214351522788,1.0996499469627439,0.9062484883374422
FOODS_3_336_TX_3_validation,0.8483939066799187,1.1052869713217042,1.1904063677341106,0.7288312332843461,0.5761108019771559,1.3361950619221326,1.9972147567486616,1.0327891792871904,0.7839997446866565,0.9737689149087059,0.9969347828299783,0.9923570306137595,0.9110322104608369,1.4042943462326378,0.947184232567621,0.947184232567621,1.0021973779099322,1.1654021677127513,1.032832088024695,1.2223261949076434,1.0259092199802056,0.947184232567621,1.103166455345786,1.641909886752823,1.0593738616282746,0.844214351522788,1.5418792803046701,1.4416800847310978
FOODS_3_337_TX_3_validation,0.1037629673018797,0.7266408821494227,0.5630136271702179,0.7463687685921706,0.9855749618825299,0.9285697457686615,0.6556824740996346,0.801537279994481,1.1207039906536103,0.9913064502165304,0.8281219623355659,1.0098945659215852,0.9285697457686615,1.0434467552880298,0.9647217678754455,1.3224903839168074,0.83111717671585,1.3590011766147347,0.8617518868306125,1.0482304774114246,1.2350800080920727,0.9647217678754455,0.801537279994481,0.9913064502165304,0.8281219623355659,0.8617518868306125,1.117187482270568,0.9237860236452667
FOODS_3_338_TX_3_validation,0.1037629673018797,0.5402905263471859,0.5630136271702179,0.5600184127899338,0.5936483372849805,0.6604661962230294,0.8443002106015409,0.801537279994481,0.801537279994481,0.9913064502165304,0.8281219623355659,1.0098945659215852,0.9285697457686615,1.0434467552880298,0.9647217678754455,0.9647217678754455,0.83111717671585,1.1829397030205755,0.8617518868306125,1.0482304774114246,1.2350800080920727,0.9647217678754455,0.801537279994481,0.9913064502165304,0.8281219623355659,0.8617518868306125,0.9285697457686615,0.9237860236452667
FOODS_3_339_TX_3_validation,1.1594625231907298,2.5366152703603975,2.4635157956738407,2.3031196278693726,3.4178122731319385,3.98828890860054,3.3726355124550946,2.6300043855406265,2.8943169504543045,2.694201170261031,2.605601011253397,3.4280196086100148,4.282216830144568,4.328884047931063,3.201163310656723,3.0514180282689907,3.0833236016963674,3.424715716531396,3.089163372715491,4.205664662975261,4.6718047531709646,3.51457824997269,3.589219739178497,3.268880590559586,3.1113016871727313,3.8914242339119007,4.711652232203168,5.22189277568727
FOODS_3_340_TX_3_validation,0.801537279994481,0.5402905263471859,0.83111717671585,0.5600184127899338,0.5936483372849805,0.8490839327249357,1.2640192192390773,0.9878876357967178,1.4113178649036324,0.9913064502165304,1.0144723181378041,1.201527818725629,0.9285697457686615,1.2350800080920727,1.6229366293627199,1.3210936640807056,1.0197349132177573,1.1829397030205755,1.0503696233325193,1.0482304774114246,1.0434467552880298,1.3305139112996083,0.801537279994481,1.1829397030205755,0.8281219623355659,0.8617518868306125,0.9285697457686615,1.1124037601471732
FOODS_3_341_TX_3_validation,0.9111506660100535,0.5402905263471859,0.5630136271702179,0.7463687685921706,0.5936483372849805,0.6604661962230294,1.1124037601471732,0.801537279994481,0.801537279994481,1.3590011766147347,0.8281219623355659,1.0098945659215852,0.9285697457686615,1.0434467552880298,0.9647217678754455,1.1563550206794913,0.83111717671585,0.9913064502165304,0.8617518868306125,1.0482304774114246,1.0434467552880298,0.9647217678754455,0.801537279994481,0.9913064502165304,0.8281219623355659,0.8617518868306125,0.9285697457686615,1.1124037601471732
FOODS_3_342_TX_3_validation,3.985019021357447,2.311954845831457,2.26554799812662,1.659442076688875,3.217103657678512,4.137194126129826,3.9290905564774814,4.294905907250638,2.9937433486653844,2.2158404679443757,1.8363103909862315,2.821586544887077,3.466314790824492,3.666301921449375,3.697835681011925,3.0128517740184337,2.4879946160969237,3.324130317821794,3.332777586436829,3.277258087380621,3.666301921449375,3.697835681011925,2.486179844698629,2.843994814642672,2.4550993319037824,3.2457900434258047,3.4902214421668654,3.4138775769895595
FOODS_3_343_TX_3_validation,0.1037629673018797,0.5402905263471859,0.5630136271702179,0.5600184127899338,0.5936483372849805,0.6604661962230294,0.6556824740996346,0.9878876357967178,0.9878876357967178,0.9913064502165304,0.8281219623355659,1.0098945659215852,1.117187482270568,1.2350800080920727,0.9647217678754455,0.9647217678754455,0.83111717671585,0.9913064502165304,0.8617518868306125,1.0482304774114246,1.0434467552880298,0.9647217678754455,0.801537279994481,0.9913064502165304,0.8281219623355659,0.8617518868306125,0.9285697457686615,0.9237860236452667
FOODS_3_344_TX_3_validation,0.8936131307022289,0.8936131307022289,0.8135796414080254,1.1354006897796332,1.180361941685777,0.8315463974171111,1.5370955581812753,1.8666708277761677,1.5944516301002742,2.1440829646302637,1.3173532916997484,0.9923570306137595,1.5418792803046701,2.590313425884231,1.7778252799388035,1.529024556496778,1.5177530284474439,1.3613482742256942,1.1844475471165992,1.6056221969420006,2.9241102527733616,1.7354646218149563,1.2352346100311171,1.3395610583328683,0.9969347828299783,1.1844475471165992,1.0863530081899133,1.4564949899257118
FOODS_3_345_TX_3_validation,0.5227529910393613,0.5227529910393613,0.5454760918623933,0.5424808774821093,0.5761108019771559,0.6429286609152048,0.9062484883374422,0.7839997446866565,1.103166455345786,0.9737689149087059,0.8105844270277414,0.9923570306137595,0.9110322104608369,1.0259092199802056,1.138817485371667,0.947184232567621,0.8135796414080254,0.9737689149087059,0.844214351522788,1.0306929421036004,1.2175424727842485,0.947184232567621,0.7839997446866565,0.9737689149087059,0.8105844270277414,0.844214351522788,0.9110322104608369,1.094866224839349
FOODS_3_346_TX_3_validation,1.2851190572659013,2.0639153697646133,1.9041676572899684,2.576920021455486,2.547984707967873,1.6131041380492182,2.3622329141628766,1.8666708277761677,2.544685787021638,2.347837929238767,2.5099212120672267,2.812663612139063,3.192993267067954,2.1236413584223177,1.529024556496778,1.789628394011906,1.5177530284474439,3.2052096537508366,2.2604671957475286,2.262003397944788,3.312387682458283,1.7778252799388035,2.176084640612256,1.5556092388378622,1.8368122451593594,2.2758728244581974,1.3928755418146594,1.6285931040094241
FOODS_3_347_TX_3_validation,1.8205712062898278,1.149754892242012,1.3028286800180464,1.4800424886829175,2.549080104916069,4.979673963313788,4.969260265749646,3.25119177875566,2.096083155284105,1.8346045067906833,1.6642946381935477,2.33329873062766,3.596354941952098,3.9162459793229982,3.0003055068142115,2.3099938366954085,1.6157670849505736,2.1516488012119446,3.2449075603933606,3.7542032957615747,5.123280905664279,3.181278143549836,1.8561333947597431,2.110383648049959,1.900851759665514,2.306811203949017,4.396996261004294,4.418303562404036
FOODS_3_348_TX_3_validation,9.201295175201876,4.996921792273279,6.037549668705645,3.806715245336873,3.173562365366639,4.831746930422208,7.7919024330316295,8.972761317074994,4.997618526024655,4.92716238295034,3.7110649146656014,5.311656305288498,5.621230326436629,10.70584982303716,9.751506170624856,6.998769651948852,5.655576640934424,6.1321171583917105,4.772442379904309,5.890407495118245,11.446546000149093,9.888829089186784,6.426829583802947,7.462075204273316,4.924464864262883,4.6495637341709495,5.362371062267452,9.465557718361786
FOODS_3_349_TX_3_validation,6.433627963684065,5.916254023165974,7.38558580058348,7.617696823705862,10.389617255757758,9.942653238027251,9.071931740493879,5.746852149834073,5.77430263107907,6.794506110664904,7.780508408266031,9.408985849613435,10.702574018422855,12.759234956359476,8.252430140448785,6.226024945954371,6.163162958036314,7.084363230998444,8.595353088512868,9.830663750172555,10.323198338448842,8.208268506949343,7.395230589639939,7.868494374688234,8.40576856673967,10.086200237502853,9.351639549777522,9.814998939619743
FOODS_3_350_TX_3_validation,0.5232333704212033,0.7180090168188409,0.5543817618396361,0.551386547459352,0.5850164719543987,1.0437609554899983,0.8356683452709591,0.979255770466136,0.979255770466136,0.9826745848859486,0.8194900970049841,1.0012627005910035,0.9199378804380797,1.0348148899574485,0.9560899025448637,0.9560899025448637,0.8224853113852681,0.9826745848859486,0.8531200215000307,1.0395986120808434,1.0348148899574485,0.9560899025448637,0.7929054146638992,0.9826745848859486,0.8194900970049841,0.8531200215000307,0.9199378804380797,0.9151541583146849
FOODS_3_351_TX_3_validation,1.005743938073453,1.7796847846320543,1.7220881502146157,1.577377958763337,4.570303941901168,5.633003070918792,5.234308274953539,2.596420341622734,2.1640479700064064,2.1120552302487257,2.176353078654443,4.307212327921194,4.939873689239814,6.273581592234992,3.8188807828684257,3.673618863492086,2.5942077614058396,2.6948209731486443,3.892886576760638,4.697486047541526,6.566570550588585,4.420235718765482,3.4713299525460943,2.866059476475409,2.616684635876443,4.21404548477113,5.819750072017239,7.045362115072543
FOODS_3_352_TX_3_validation,0.5402905263471859,0.5402905263471859,0.5630136271702179,0.8281219623355659,0.5936483372849805,0.6604661962230294,1.1124037601471732,0.801537279994481,0.9878876357967178,1.1829397030205755,0.8281219623355659,1.0098945659215852,1.117187482270568,1.0434467552880298,1.1563550206794913,1.1563550206794913,1.4488146944174332,0.9913064502165304,1.0503696233325193,1.0482304774114246,1.2350800080920727,0.9647217678754455,0.801537279994481,0.9913064502165304,1.0144723181378041,0.8617518868306125,0.9285697457686615,1.1124037601471732
FOODS_3_353_TX_3_validation,0.9251579565887325,0.884784950199521,0.36712207947706216,0.3641268650967781,0.3946106575142034,0.7049231380902008,1.2287861829905093,0.5888638356102093,0.5888638356102093,0.7695024465977951,0.6098404243006493,1.127273044577696,1.0197902216382753,0.820044059506919,0.748525857907355,0.748525857907355,0.6128356386809334,0.7695024465977951,0.6403242167180748,0.9873285449074524,0.820044059506919,0.748525857907355,0.8826644342236029,0.7695024465977951,0.6098404243006493,0.6403242167180748,0.8681747625463708,1.3093867512460728
FOODS_3_354_TX_3_validation,0.5316586610166041,0.7180090168188409,0.5543817618396361,0.551386547459352,0.7736342084563049,0.6518343308924476,0.9151541583146849,0.979255770466136,1.112072125323029,1.3503693112841535,0.8194900970049841,1.368957426989207,1.1085556169399868,1.4025096163556507,1.3138585185862262,0.9560899025448637,0.8224853113852681,0.9826745848859486,1.041737758001938,1.0395986120808434,1.2264481427614915,0.9560899025448637,0.7929054146638992,0.9826745848859486,0.8194900970049841,0.8531200215000307,0.9199378804380797,1.103771894816592
FOODS_3_355_TX_3_validation,0.23811474880638867,1.4827034372893653,1.3504074398712342,1.5670032618495031,2.7731528488638304,2.4057686382565273,2.87328569867873,2.654036371201296,1.9624544600237852,1.8712397004787948,2.0349734560809343,2.847898962216948,2.8861758797148513,4.042477910060196,3.03104606112098,2.37517409155256,2.1483749931780793,2.7120339948603407,3.135941911715594,3.765800097481727,4.763966886652185,3.4084074411853615,2.327241807893272,2.1953187085754684,2.2962672778739774,2.776218597246557,3.7324526974404284,5.157069761320917
FOODS_3_356_TX_3_validation,0.41103946500542204,1.609256760456006,1.3285615008268707,0.5600184127899338,1.4159582001195126,1.5594168156124943,0.9860404791723297,0.801537279994481,1.1228245066295284,0.9913064502165304,0.8281219623355659,1.201527818725629,2.0195360141798817,1.4357432040371532,1.1563550206794913,1.1563550206794913,0.83111717671585,1.1829397030205755,0.8617518868306125,1.2627732949278074,1.411141481686232,1.1563550206794913,1.5324360045495078,1.3476783464217899,0.8281219623355659,0.8617518868306125,1.117187482270568,0.9237860236452667
FOODS_3_357_TX_3_validation,0.1037629673018797,0.7266408821494227,0.9417906996255178,0.5600184127899338,0.5936483372849805,1.117187482270568,0.8443002106015409,0.801537279994481,0.9878876357967178,0.9913064502165304,1.0144723181378041,1.0098945659215852,0.9285697457686615,1.0434467552880298,0.9647217678754455,0.9647217678754455,1.0197349132177573,1.1829397030205755,0.8617518868306125,1.0482304774114246,1.2350800080920727,0.9647217678754455,0.801537279994481,0.9913064502165304,0.8281219623355659,0.8617518868306125,1.117187482270568,0.9237860236452667
FOODS_3_358_TX_3_validation,0.07166185115479802,0.5081894102001041,0.7195302475250424,0.527917296642852,0.8296507706835308,0.6283650800759476,0.6235813579525529,0.7694361638473992,0.955786519649636,0.9592053340694486,0.7960208461884841,1.3454881761727069,0.8964686296215797,1.0113456391409483,0.9326206517283637,0.9326206517283637,1.1260997040203296,0.9592053340694486,0.8296507706835308,1.0161293612643432,1.2029788919449913,0.9326206517283637,0.7694361638473992,0.9592053340694486,0.7960208461884841,1.0182685071854378,0.8964686296215797,0.891684907498185
FOODS_3_359_TX_3_validation,0.7839997446866565,0.5227529910393613,0.5454760918623933,0.5424808774821093,0.5761108019771559,0.9110322104608369,0.9062484883374422,0.7839997446866565,0.7839997446866565,0.9737689149087059,0.8105844270277414,0.9923570306137595,0.9110322104608369,1.0259092199802056,0.947184232567621,1.138817485371667,0.8135796414080254,0.9737689149087059,0.844214351522788,1.0306929421036004,1.2175424727842485,1.138817485371667,0.7839997446866565,0.9737689149087059,0.8105844270277414,0.844214351522788,1.0996499469627439,1.094866224839349
FOODS_3_360_TX_3_validation,0.7839997446866565,0.7839997446866565,0.5454760918623933,0.9189905692377397,1.3649213147638448,1.0863530081899133,1.094866224839349,0.7839997446866565,0.7839997446866565,0.9737689149087059,1.5753333541475547,1.5756539705006505,1.7605660639902265,1.3156799557821846,1.3049528486089832,1.138817485371667,0.8135796414080254,1.1757187495968189,1.180361941685777,1.4090780683560327,1.2175424727842485,1.138817485371667,0.9703501004888933,0.9737689149087059,0.8105844270277414,0.844214351522788,1.251265406054648,1.094866224839349
FOODS_3_361_TX_3_validation,0.7699107691437628,1.16330891573492,1.7605322515030855,1.8757587399968871,1.2327556187817004,1.3045510705454448,0.8267626752937164,0.9703501004888933,0.7839997446866565,2.13282647824853,1.339799873697138,0.9923570306137595,0.9110322104608369,1.0259092199802056,1.747679852927206,1.3151480500335369,1.8618091115915723,1.3613482742256942,0.844214351522788,1.0306929421036004,1.2175424727842485,1.312976375991784,0.7839997446866565,1.8904871661597722,1.3173532916997484,0.844214351522788,0.9110322104608369,0.9062484883374422
FOODS_3_362_TX_3_validation,8.15028871940943,8.950851886681741,7.366481570750257,5.471990028458416,6.219540730910354,5.047503163168802,5.483705474147954,4.716361311588519,4.864462175659496,4.749960965067377,3.366620832291433,3.7229237298561872,3.3517903964329805,3.1207820775403468,2.846854257474155,2.846854257474155,2.5718126051372217,2.2854379929228195,2.001272435738541,1.9717532395332622,4.568765097750551,5.621269635820257,5.943510883214726,6.014600166329575,4.97484513481336,4.908981080432893,4.1507626734829755,5.194468570168058
FOODS_3_363_TX_3_validation,4.1625891412363085,2.176419425559087,2.1101904382400107,1.2618192923722014,1.8360569605128128,4.290657627837635,4.75915040115927,2.999986928467158,1.505180816561655,1.472345760511119,0.8105844270277414,1.2068998481301447,1.6820047827217746,2.59057451927877,2.1950389113082602,1.4457610781700347,0.8135796414080254,0.9737689149087059,0.844214351522788,1.2452357596199832,1.4867454387898773,1.1491340672557346,1.3937803295958082,1.8648353017129207,1.3173532916997484,1.6395599318983958,3.571590997580709,3.7994184875343633
FOODS_3_364_TX_3_validation,0.8429608557427879,0.7839997446866565,0.5454760918623933,0.5424808774821093,0.5761108019771559,0.6429286609152048,0.6381449387918101,0.7839997446866565,0.7839997446866565,0.9737689149087059,0.8105844270277414,0.9923570306137595,0.9110322104608369,1.0259092199802056,0.947184232567621,0.947184232567621,0.8135796414080254,0.9737689149087059,0.844214351522788,1.0306929421036004,1.2175424727842485,1.3049528486089832,0.9703501004888933,0.9737689149087059,0.8105844270277414,0.844214351522788,0.9110322104608369,0.9062484883374422
FOODS_3_365_TX_3_validation,1.4455053841637104,0.5372334801615528,0.8280601305302169,0.9334710583599312,0.5905912910993474,0.9255126995830284,1.678209573696488,1.1414492725416558,0.7984802338088479,1.1798826568349425,0.8250649161499328,1.0068375197359523,0.9255126995830284,1.2564799665340267,0.9616647216898124,0.9616647216898124,0.8280601305302169,0.9882494040308973,1.0473125771468863,1.4128681576239939,1.041937149017644,0.9616647216898124,0.7984802338088479,1.1798826568349425,0.8250649161499328,0.8586948406449795,1.1141304360849351,1.6912358901217397
FOODS_3_366_TX_3_validation,0.6663669859442601,0.6714488905315512,0.6941719913545832,0.7128263882852118,1.0368151582372032,0.8350687079357697,1.0189027223142826,0.9408672570106204,1.275793104458772,1.108412995142798,1.175451906464854,1.3543676580423447,1.111343870313176,1.2039974477426698,1.2734615656057562,1.4553560656320954,1.1590648902338954,1.1300626064537103,1.0368151582372032,1.2087811698660647,1.2039974477426698,1.2734615656057562,0.9408672570106204,1.108412995142798,0.9891015506626163,1.2254328947391087,1.111343870313176,1.106560148189781
FOODS_3_367_TX_3_validation,0.39350192969759756,0.7839997446866565,0.9242531643176932,0.7288312332843461,1.408301685649744,0.6429286609152048,0.8267626752937164,0.7839997446866565,0.7839997446866565,1.3414636413069105,0.8105844270277414,0.9923570306137595,0.9110322104608369,1.0259092199802056,0.947184232567621,0.947184232567621,0.8135796414080254,0.9737689149087059,1.1844475471165992,1.698833913947715,1.4267343781769208,1.138817485371667,0.9703501004888933,0.9737689149087059,0.8105844270277414,0.844214351522788,1.0863530081899133,0.9062484883374422
FOODS_3_368_TX_3_validation,4.62162742362117,3.4445644417074406,1.7046959859797945,2.902936041992454,3.016821514769586,2.093238272067264,4.24328125735141,3.7539520083555,4.046111964691363,2.5397206104100736,2.5355197121171997,4.807232338403814,3.77660500710872,5.7907379995876,3.873960545050645,3.6356910573541303,4.129112780557038,4.766962831197015,5.482897382108814,3.9709465039210508,5.5313091046381775,5.231624348138857,3.723333880973252,3.4568599807090674,3.14926373699324,2.9064385047970096,2.8775033806193346,4.856788275408748
FOODS_3_369_TX_3_validation,1.3242744322368034,0.9878876357967178,1.1546717840505663,1.4435520993374795,0.7822660737868867,1.2688029413624722,1.2640192192390773,1.4113178649036324,0.9878876357967178,1.6594474220606472,1.171091001068373,1.0098945659215852,0.9285697457686615,1.0434467552880298,0.9647217678754455,1.3224903839168074,0.993844991616653,1.3590011766147347,0.8617518868306125,1.0482304774114246,1.2350800080920727,1.6229366293627199,1.1445063187272888,1.3590011766147347,1.0144723181378041,0.8617518868306125,1.117187482270568,1.1124037601471732
FOODS_3_370_TX_3_validation,8.946246291534692,6.832269526997734,9.29540260193092,5.615513642076204,7.93492874531088,9.973483046045462,10.643636698675847,9.997877363400434,8.339354821127412,8.696953464392422,7.855656914505719,10.59462665875185,12.614891641387839,15.892271655469962,13.338684599103786,11.00205045421882,11.114380562597152,12.577026714485976,11.732110306989876,13.456695940291638,14.98616774767398,13.821002378320072,10.094620456459786,12.258007498182241,9.681956871136101,10.096707043181999,11.099227273357403,11.946462478232794
FOODS_3_371_TX_3_validation,1.3676040910077618,0.5227529910393613,0.5454760918623933,0.7288312332843461,1.5961795610124967,1.6000893352710264,1.7076439471817728,1.0327891792871904,0.9703501004888933,0.9737689149087059,0.8105844270277414,1.567286285452162,1.3928755418146594,1.2404520374965884,1.138817485371667,1.138817485371667,1.431277159109609,1.1654021677127513,1.3524600557694897,1.0306929421036004,1.2175424727842485,1.138817485371667,0.7839997446866565,0.9737689149087059,0.8105844270277414,1.032832088024695,0.9110322104608369,1.5370955581812753
FOODS_3_372_TX_3_validation,5.120171601369041,4.183496771270159,4.1141809336726975,4.105051861256532,5.448614687454723,6.963713825592719,7.883702639957365,4.201467926670858,4.281533538998007,5.2771591236877535,4.657547270443599,5.121779277332623,4.834171765405653,6.462077387376383,5.532706517253491,4.3603302617994455,3.748413536959212,3.406998242109159,4.571720975649006,5.905616187174222,6.510234750652757,5.153053546633779,3.968490516669405,3.9383922599127077,3.128138685192429,4.36160772350369,5.399252708646191,6.5251002428982074
FOODS_3_373_TX_3_validation,1.6980583047379898,1.1272926860539114,1.0887082005989068,0.7128263882852118,1.0368151582372032,0.8350687079357697,0.830284985812375,1.145015051715648,0.9408672570106204,1.108412995142798,1.175451906464854,1.1627344052383022,1.111343870313176,1.2039974477426698,1.2734615656057562,1.2734615656057562,0.9704471537319883,1.1300626064537103,1.2254328947391087,1.2087811698660647,1.5874513109298947,2.429590488468726,1.2140880461000247,1.108412995142798,0.9891015506626163,1.2254328947391087,1.111343870313176,1.32330092572308
FOODS_3_374_TX_3_validation,0.08622543199405518,0.5227529910393613,0.5454760918623933,0.5424808774821093,0.844214351522788,0.6429286609152048,0.6381449387918101,0.7839997446866565,0.7839997446866565,0.9737689149087059,0.8105844270277414,0.9923570306137595,1.0996499469627439,1.0259092199802056,1.3049528486089832,0.947184232567621,0.8135796414080254,0.9737689149087059,0.844214351522788,1.0306929421036004,1.0259092199802056,0.947184232567621,0.7839997446866565,0.9737689149087059,0.8105844270277414,1.032832088024695,0.9110322104608369,0.9062484883374422
FOODS_3_375_TX_3_validation,0.11289074390536975,0.6714488905315512,0.6941719913545832,0.7128263882852118,0.9491577323617034,1.111343870313176,0.830284985812375,1.1272176128128575,0.9408672570106204,1.108412995142798,0.9891015506626163,1.1627344052383022,1.111343870313176,1.2039974477426698,1.0818283128017137,1.0818283128017137,0.9704471537319883,1.1300626064537103,1.3928074906200358,1.2087811698660647,1.2039974477426698,1.0818283128017137,0.9408672570106204,1.108412995142798,0.9891015506626163,1.0368151582372032,1.2999616068150814,1.106560148189781
FOODS_3_376_TX_3_validation,6.811321491587545,5.069744306761784,8.824460776892412,9.87722539637571,12.697881403521933,15.860111014537873,13.302316750826563,7.373081351350603,4.290493417202218,5.134218168523343,5.602711611440091,8.310422606956472,10.293052590099116,10.65806506535684,7.744296004068886,8.121825009276238,4.721472149857735,4.74392171533566,5.55069816911784,7.126132579828729,8.328218733084869,6.620639392577468,5.957434913068632,7.807332216372937,7.889029015895946,9.237531461625352,10.744955568693436,10.763812698588186
FOODS_3_377_TX_3_validation,40.12313378875423,35.14225084713971,34.50705372319934,36.179801601788064,49.99965168819669,52.642917224102746,55.48588374802662,39.68668707769644,37.205044951936394,41.14170425393679,44.69627191875095,55.79989364902667,61.26455441905315,59.43565750005888,46.885492388539134,44.140293091330115,45.19957340879459,50.29560170881616,59.31802546199918,65.05162875204559,59.53536298894952,45.954342763968924,39.39018444162073,42.9347903143956,40.21646474010788,55.599472786535536,61.19031987638173,59.332704026774806
FOODS_3_378_TX_3_validation,0.5347002497224089,0.5347002497224089,0.5574233505454409,0.8225316857107889,0.8561616102058356,0.6548759195982524,1.5490428168643227,1.138916042102512,1.1151137140288334,0.9857161735917535,1.0088820415130273,1.0043042892968084,1.1115972056457912,1.4162416049156852,0.9591314912506685,0.9591314912506685,1.0141446365929805,1.1773494263957986,0.8561616102058356,1.2342734535906907,1.229489731467296,0.9591314912506685,0.795947003369704,0.9857161735917535,1.0088820415130273,1.0447793467077424,0.9229794691438845,1.1068134835223964
FOODS_3_379_TX_3_validation,0.15798841066368594,0.734520495500204,0.757243596323236,0.7758979932538647,1.0998867632058558,0.8981403129044225,0.8933565907810278,1.0039388619792735,1.0039388619792735,1.5765653511405169,1.325393944720674,1.2258060102069548,1.5520346955065027,1.5812711430021724,1.75455847532222,1.4262406673304138,1.237666553405669,1.193134211422363,1.0998867632058558,1.5278155721553235,1.960215034492646,1.7093280976658718,1.2771596510686773,1.1714846001114507,1.0521731556312708,1.2885044997077613,1.3911562528151273,1.3863725306917325
FOODS_3_380_TX_3_validation,0.08622543199405518,0.5227529910393613,0.5454760918623933,0.8105844270277414,0.5761108019771559,0.6429286609152048,0.8267626752937164,0.7839997446866565,0.7839997446866565,0.9737689149087059,0.8105844270277414,0.9923570306137595,0.9110322104608369,1.0259092199802056,0.947184232567621,0.947184232567621,0.8135796414080254,0.9737689149087059,0.844214351522788,1.0306929421036004,1.0259092199802056,0.947184232567621,0.7839997446866565,0.9737689149087059,0.9969347828299783,0.844214351522788,0.9110322104608369,0.9062484883374422
FOODS_3_381_TX_3_validation,2.8306962449314867,3.14577918933541,2.4273228620746132,1.5098041820840777,1.6789605798345286,2.2851753120282035,2.684147320889689,2.343177846102017,1.5442211847215679,2.1363097916945972,1.3371136224137254,1.930573934670341,2.777554608892465,3.3509693772580627,1.767958109502986,2.0997989989966688,2.3143821991216336,1.867630438295594,1.3112700576589615,1.8932649642893962,2.0100971296579626,2.0997989989966688,2.173398389328844,2.490032545970247,1.5098041820840777,1.2042705501793618,1.772733192729827,2.757583468163328
FOODS_3_382_TX_3_validation,2.56755223943311,1.7230555982427078,0.9791559135955501,1.7183350249882605,1.7994592635852078,2.3725479899537882,2.1446397415148954,1.6248880173299165,1.2352346100311171,0.9737689149087059,1.2908202156042514,1.3707421568661942,2.0019984788720566,1.6532038674684342,2.102485250280081,1.4950254109997427,1.5523952987554843,1.8703166895790064,1.098917895370175,1.9600041761829365,2.2365906716085813,2.102485250280081,1.0327891792871904,1.1757187495968189,1.8751478591389676,1.098917895370175,2.066429638528493,2.3622329141628766
FOODS_3_383_TX_3_validation,1.056252886949448,1.2766850676338695,1.3073251012493332,1.7957560268455377,2.5561556355259363,2.059243502092029,1.6679758035513608,1.782097463201046,2.010126534352559,1.783631057778828,1.7583298096612954,2.821586544887077,2.4585617597411957,2.1328863447336404,1.8868074828129382,1.970070961139681,2.016945262004012,2.2957203890268056,3.2457900434258047,2.4079758284478263,2.1328863447336404,1.8868074828129382,1.6985044467638943,1.9133921651540224,2.0449233474803754,2.559221383908663,2.215954256265068,1.965476006769589
FOODS_3_384_TX_3_validation,0.6404357311784145,0.7180090168188409,1.0111030478871756,0.7377369032615888,1.1892676116630199,0.8404520673943539,0.6470506087690528,0.7929054146638992,0.7929054146638992,0.9826745848859486,1.005840452807222,1.368957426989207,1.1085556169399868,1.2264481427614915,0.9560899025448637,0.9560899025448637,1.0111030478871756,0.9826745848859486,1.1933532170938421,1.2312318648848863,1.2264481427614915,1.14772315534891,0.7929054146638992,1.1743078376899942,0.8194900970049841,1.1933532170938421,0.9199378804380797,0.9151541583146849
FOODS_3_385_TX_3_validation,0.8457076553965063,0.5316586610166041,0.5543817618396361,0.551386547459352,0.7736342084563049,0.8404520673943539,1.2513017484776738,0.979255770466136,0.7929054146638992,1.1743078376899942,1.005840452807222,1.1928959533950478,1.550784950281913,1.427111338706572,0.9560899025448637,0.9560899025448637,0.8224853113852681,0.9826745848859486,0.8531200215000307,1.2541414295972262,1.0348148899574485,0.9560899025448637,0.7929054146638992,0.9826745848859486,0.8194900970049841,0.8531200215000307,0.9199378804380797,1.255387353908496
FOODS_3_386_TX_3_validation,0.08622543199405518,0.7839997446866565,1.0021973779099322,0.5424808774821093,1.032832088024695,0.8315463974171111,0.8267626752937164,0.7839997446866565,0.7839997446866565,0.9737689149087059,1.1354006897796332,1.1839902834178049,1.0996499469627439,1.0259092199802056,0.947184232567621,0.947184232567621,0.8135796414080254,0.9737689149087059,0.844214351522788,1.2223261949076434,1.2175424727842485,0.947184232567621,0.9703501004888933,1.1654021677127513,0.8105844270277414,1.032832088024695,0.9110322104608369,0.9062484883374422
FOODS_3_387_TX_3_validation,0.08622543199405518,0.5227529910393613,0.8135796414080254,0.5424808774821093,1.1844475471165992,0.8315463974171111,0.8267626752937164,0.9703501004888933,1.103166455345786,0.9737689149087059,0.9969347828299783,1.3600517570119641,1.0996499469627439,1.2175424727842485,0.947184232567621,0.947184232567621,1.0021973779099322,1.3414636413069105,0.844214351522788,1.0306929421036004,1.0259092199802056,0.947184232567621,0.7839997446866565,1.1654021677127513,0.8105844270277414,1.032832088024695,0.9110322104608369,0.9062484883374422
FOODS_3_388_TX_3_validation,0.9878876357967178,0.9878876357967178,1.1546717840505663,1.0144723181378041,1.0503696233325193,1.6833580575175073,1.2853314537705363,1.1207039906536103,1.1207039906536103,1.8017281809329575,1.0653194756754434,1.201527818725629,1.4368154500153627,1.2350800080920727,1.3224903839168074,1.1563550206794913,1.3136203459920293,1.1829397030205755,1.0503696233325193,1.2398637302154676,1.411141481686232,1.1563550206794913,0.9878876357967178,1.3590011766147347,1.0144723181378041,1.0503696233325193,1.5594168156124943,1.2853314537705363
FOODS_3_389_TX_3_validation,16.683307235480182,9.879769470558818,9.361522082460194,9.063876610989253,11.034684843441713,15.965527426111786,17.623052344372304,12.828182111028152,11.459285889748875,9.936727759734437,10.00888544571796,12.653538569171982,13.081738779502697,13.213456085379763,10.965537737900044,12.291197295631031,10.948514878959692,9.4248103674398,9.458976120743817,10.474036297711912,11.811160296026419,9.811781188241337,8.123676964014138,9.465970349198058,7.448108565783377,8.595353088512868,12.506498927026044,15.211577778577297
FOODS_3_390_TX_3_validation,0.7034342539148295,1.330834310639678,1.3904629470518348,0.7678675944661183,2.465180977988263,2.1510932120343362,1.8779076733256355,1.2691292522809308,1.1822588189937635,1.163454201323704,1.2304931126457601,2.2042659620917924,1.7140797421409983,2.1782298988087803,1.5292646909374035,1.4182102685426672,1.3683311401534788,1.5685576758218411,1.7076976181553951,2.187783305233536,1.9521846357048993,1.7845611772048684,1.3749007776738604,1.5469080645109288,1.561228956481078,2.5838265810317926,2.6079958836293486,2.0364932651452445
FOODS_3_391_TX_3_validation,0.40240759967484035,0.5316586610166041,0.5543817618396361,0.551386547459352,0.5850164719543987,0.8404520673943539,0.8356683452709591,0.979255770466136,0.7929054146638992,0.9826745848859486,0.8194900970049841,1.0012627005910035,1.1085556169399868,1.0348148899574485,0.9560899025448637,0.9560899025448637,0.8224853113852681,1.3503693112841535,1.041737758001938,1.2312318648848863,1.0348148899574485,1.14772315534891,0.7929054146638992,0.9826745848859486,0.8194900970049841,0.8531200215000307,0.9199378804380797,0.9151541583146849
FOODS_3_392_TX_3_validation,1.466263295806231,0.5402905263471859,0.83111717671585,1.522456662337356,0.9136114409117365,0.9285697457686615,1.474032525233536,0.801537279994481,1.4113178649036324,1.1829397030205755,1.8740840518194428,1.5815995845478192,2.058788350783504,1.3246887816424169,0.9647217678754455,0.9647217678754455,1.5699328340633085,2.164557198876252,1.585989996826751,1.588502621426679,1.4357432040371532,1.3224903839168074,0.801537279994481,1.3570985936406925,1.6529073589571213,1.3199019229895428,1.26471733593165,1.5546330934890995
FOODS_3_393_TX_3_validation,2.3905992036404067,1.7250664725130467,1.8869669491240095,2.74250966415361,1.2870398238081018,2.306703674439045,2.429881529203997,1.8494701196102088,2.2855172349384136,2.144941657025179,3.1506486295970113,2.1618088613584163,1.482132329699498,1.972757989367366,2.8272422351874944,1.7635219457725204,1.8869669491240095,2.426874421884683,1.9492583034561486,2.919453031886399,2.4878387177901824,3.732032775276362,1.8540095003362214,1.7718409791998881,2.214264489093274,1.3199019229895428,2.2433591469112804,1.4725789232747422
FOODS_3_394_TX_3_validation,0.3331592334748746,0.5316586610166041,0.5543817618396361,0.7377369032615888,0.5850164719543987,0.6518343308924476,0.8356683452709591,0.7929054146638992,0.7929054146638992,0.9826745848859486,0.8194900970049841,1.0012627005910035,0.9199378804380797,1.0348148899574485,0.9560899025448637,0.9560899025448637,0.8224853113852681,0.9826745848859486,1.041737758001938,1.0395986120808434,1.0348148899574485,0.9560899025448637,0.7929054146638992,0.9826745848859486,0.8194900970049841,0.8531200215000307,0.9199378804380797,0.9151541583146849
FOODS_3_395_TX_3_validation,0.1037629673018797,0.5402905263471859,1.158200820167411,0.8281219623355659,1.2019850824244234,1.26471733593165,0.6556824740996346,0.9878876357967178,0.801537279994481,1.1829397030205755,1.0144723181378041,1.201527818725629,0.9285697457686615,1.0434467552880298,1.6229366293627199,1.5009710250469115,1.0683146900557274,0.9913064502165304,1.0503696233325193,1.0482304774114246,1.411141481686232,1.1666716025635588,0.9642650948952841,1.1829397030205755,1.0144723181378041,1.0503696233325193,1.2688029413624722,0.9237860236452667
FOODS_3_396_TX_3_validation,0.06335783569985415,0.3476844650767705,0.36712207947706216,0.3641268650967781,0.3946106575142034,0.45920957888632896,0.4581922342441043,0.5888638356102093,0.5888638356102093,0.935769587356103,0.6098404243006493,0.7849444302252275,0.7049231380902008,0.820044059506919,0.9147929986656645,0.748525857907355,0.6128356386809334,0.7695024465977951,0.6403242167180748,0.8210614041491439,0.9863112002652273,0.748525857907355,0.5888638356102093,0.7695024465977951,0.6098404243006493,0.6403242167180748,0.7049231380902008,0.7039057934479762
FOODS_3_397_TX_3_validation,0.08622543199405518,0.5227529910393613,0.5454760918623933,1.7183350249882605,0.9076658268645671,0.6429286609152048,0.6381449387918101,0.7839997446866565,0.9703501004888933,0.9737689149087059,0.9733122419285445,0.9923570306137595,0.9110322104608369,1.0259092199802056,0.947184232567621,0.947184232567621,1.0021973779099322,0.9737689149087059,0.844214351522788,1.0306929421036004,1.2175424727842485,0.947184232567621,0.7839997446866565,0.9737689149087059,1.5753333541475547,1.098917895370175,0.9110322104608369,0.9062484883374422
FOODS_3_398_TX_3_validation,0.7984802338088479,1.1197674604438954,0.8280601305302169,0.7433117224065375,0.8586948406449795,1.261660289746017,1.1108941538767874,1.5293789583638748,1.0356777471487262,0.9882494040308973,0.8250649161499328,1.0068375197359523,0.9255126995830284,1.2335704018216869,1.3274568651139753,0.9616647216898124,0.8280601305302169,0.9882494040308973,1.0473125771468863,1.0451734312257916,1.4096318754158461,1.1532979744938583,1.1176469444679773,1.1798826568349425,0.8250649161499328,1.0473125771468863,1.2657458951768392,1.1108941538767874
FOODS_3_399_TX_3_validation,6.566067296244448,4.993954700927977,5.920570668912512,6.371388688668283,6.076707481327325,6.761134476286388,5.576064208954194,5.164665621896307,5.1257684606089216,5.390696463534413,5.281965403013645,7.096847119813768,6.1938020675233965,6.938089443651533,6.659472196394843,5.178663807731579,4.960514123489725,5.729820092020791,5.683866918103268,5.331196625737543,6.703571851659635,7.606033423495052,4.660857970530277,6.282926135963734,5.87338215418409,5.502572929147907,6.395915134712247,5.820377243896371
FOODS_3_400_TX_3_validation,0.5316586610166041,0.7929054146638992,0.8224853113852681,0.551386547459352,0.7736342084563049,0.8404520673943539,1.103771894816592,0.7929054146638992,0.979255770466136,0.9826745848859486,0.8194900970049841,1.0012627005910035,0.9199378804380797,1.2264481427614915,0.9560899025448637,0.9560899025448637,1.0111030478871756,0.9826745848859486,1.1933532170938421,1.0395986120808434,1.4025096163556507,0.9560899025448637,0.979255770466136,1.1743078376899942,0.8194900970049841,0.8531200215000307,0.9199378804380797,1.103771894816592
FOODS_3_401_TX_3_validation,0.9541654320728487,0.5227529910393613,0.7340938283642996,0.8105844270277414,0.5761108019771559,1.0863530081899133,1.2423960785004309,0.7839997446866565,0.7839997446866565,0.9737689149087059,0.8105844270277414,0.9923570306137595,0.9110322104608369,1.2175424727842485,0.947184232567621,1.138817485371667,1.1406632848595868,1.3414636413069105,0.844214351522788,1.0306929421036004,1.0259092199802056,0.947184232567621,0.7839997446866565,0.9737689149087059,0.9969347828299783,0.844214351522788,1.251265406054648,1.2464816839312531
FOODS_3_402_TX_3_validation,0.09157376224740355,0.4860489347070683,0.5087720355300996,0.5057768211498156,0.5394067456448622,0.6062246045829112,0.7662399468309342,0.7272283052405076,0.7272283052405076,1.083264616220866,0.7538129875815925,0.9355855911676103,0.8542607710146881,0.9706852204493025,0.8904127931214721,0.8904127931214721,0.7568082019618766,0.916997475462557,0.7874429120766392,0.9739215026574498,0.9706852204493025,0.8904127931214721,0.7272283052405076,0.916997475462557,0.7538129875815925,0.7874429120766392,0.8542607710146881,0.8510244888065406
FOODS_3_403_TX_3_validation,2.92517731505369,3.884287429190247,2.2653765813541047,2.3034313646237976,3.4247424870110263,3.479648186593242,2.9766443052633895,2.568689207208352,3.441251655458048,2.755094298268004,2.078098536459308,3.5786816313980183,3.0520989376572354,2.8313118809352735,3.4868276420742523,2.5846483951977395,4.2133618118818825,3.4888563236263885,3.666885500308158,3.9897977725401246,4.963146623775551,3.922997475880044,3.6426720512450186,3.6137134810658793,2.6432239144627143,4.532429779313622,4.299978578559829,4.0721520723079685
FOODS_3_404_TX_3_validation,0.23811474880638867,0.9701056749879348,0.9928287758109667,1.0230742419870016,1.132758419085549,1.4243613430877782,1.6614342816336656,1.7281465165787635,1.6925082534932474,1.8712397004787948,1.7553993647733752,2.0387634704129396,2.3077654009445268,3.233541872162282,2.410812354638076,2.08547054790764,1.9267474085799654,2.164911452656116,2.0992952139010175,2.6863467154173355,4.000117251936348,2.683530584236612,2.167113718389133,2.1120552302487257,1.9569928747559981,2.0992952139010175,2.818988857855402,4.526418980458168
FOODS_3_405_TX_3_validation,1.4113178649036324,1.180846451042744,1.5277192574173097,1.171091001068373,0.5936483372849805,0.6604661962230294,0.9237860236452667,1.1207039906536103,0.9878876357967178,1.5536427222266604,1.0653194756754434,1.201527818725629,0.9285697457686615,1.411141481686232,1.1563550206794913,0.9647217678754455,1.658169954037075,1.2562394658781266,1.0503696233325193,1.4159252038096268,1.411141481686232,1.1563550206794913,0.801537279994481,1.9080247014675964,1.171091001068373,0.8617518868306125,0.9285697457686615,1.1124037601471732
FOODS_3_406_TX_3_validation,7.45608699006718,4.1487055898377685,3.6722076109628916,4.06170506655312,4.7701874346742095,4.397476414666372,7.365604502703251,5.0784293211536164,3.603393592661445,3.7525789437579045,3.573852936269394,6.064930944269528,5.869418592174317,8.009373279933104,6.447825625785021,5.940149269637048,4.126643962930719,3.970104685427916,5.904341340800759,7.389437465734169,11.228132434628122,7.521292018455034,5.179682484124551,4.3006890514018155,4.064770814935847,5.904341340800759,5.896474823946696,9.537345114872485
FOODS_3_407_TX_3_validation,0.5316586610166041,0.7180090168188409,0.5543817618396361,0.551386547459352,0.7736342084563049,1.0437609554899983,1.103771894816592,0.7929054146638992,1.4026859995730512,1.1743078376899942,0.8194900970049841,1.0012627005910035,1.260171076031891,1.4025096163556507,0.9560899025448637,0.9560899025448637,1.5613009687327273,1.2476076005475454,0.8531200215000307,1.707739583924958,1.427111338706572,0.9560899025448637,0.7929054146638992,1.1846244195740618,0.8194900970049841,0.8531200215000307,1.0952586781671563,1.103771894816592
FOODS_3_408_TX_3_validation,0.09513110197129801,0.5316586610166041,0.5543817618396361,0.551386547459352,0.5850164719543987,0.6518343308924476,0.6470506087690528,0.7929054146638992,0.7929054146638992,0.9826745848859486,0.8194900970049841,1.0012627005910035,0.9199378804380797,1.0348148899574485,0.9560899025448637,0.9560899025448637,0.8224853113852681,1.1743078376899942,0.8531200215000307,1.2312318648848863,1.0348148899574485,0.9560899025448637,0.7929054146638992,0.9826745848859486,0.8194900970049841,0.8531200215000307,0.9199378804380797,0.9151541583146849
FOODS_3_409_TX_3_validation,1.2405489015602764,1.103166455345786,0.7340938283642996,1.1318716536627884,0.5761108019771559,0.6429286609152048,1.2956681974917994,0.7839997446866565,0.7839997446866565,0.9737689149087059,0.8105844270277414,0.9923570306137595,0.9110322104608369,1.2175424727842485,1.138817485371667,0.947184232567621,0.8135796414080254,0.9737689149087059,0.844214351522788,1.0306929421036004,1.0259092199802056,0.947184232567621,0.9703501004888933,0.9737689149087059,1.1354006897796332,0.844214351522788,0.9110322104608369,1.5370955581812753
FOODS_3_410_TX_3_validation,0.8483939066799187,0.5227529910393613,0.8135796414080254,0.9969347828299783,0.5761108019771559,0.9110322104608369,1.0815692860665185,0.7839997446866565,0.7839997446866565,0.9737689149087059,0.8105844270277414,0.9923570306137595,0.9110322104608369,1.0259092199802056,1.138817485371667,0.947184232567621,0.8135796414080254,0.9737689149087059,1.032832088024695,1.0306929421036004,1.2175424727842485,0.947184232567621,0.7839997446866565,1.1654021677127513,0.9969347828299783,0.844214351522788,1.0996499469627439,1.2464816839312531
FOODS_3_411_TX_3_validation,0.8518665257200306,0.5316586610166041,0.7429994983415423,1.005840452807222,0.8531200215000307,1.0952586781671563,0.6470506087690528,0.979255770466136,1.4026859995730512,1.3503693112841535,0.8194900970049841,1.368957426989207,1.260171076031891,1.0348148899574485,1.3138585185862262,1.6143047640321386,1.0596828247251462,2.010792035188314,1.0962316440867625,1.0395986120808434,1.0348148899574485,1.3138585185862262,0.9556332295647023,0.9826745848859486,1.1407773236400314,1.041737758001938,1.260171076031891,0.9151541583146849
FOODS_3_412_TX_3_validation,3.030495093459711,6.403149873573682,7.433348856168079,6.163537060206099,6.218998192864206,6.623912498326815,8.98094011185441,5.961538243592318,5.810023470165682,10.209616057919726,6.816905745701346,8.565024206169591,9.404145391094172,10.224429080791898,9.90376886662327,10.65874579299706,7.739113823858556,10.293937070819137,8.450859254310565,10.095379365201547,11.487393973680284,9.875659160620277,9.219792458242463,8.579320890477105,7.774947362399982,7.673328452301443,8.439865222466937,9.80837307181207
FOODS_3_413_TX_3_validation,2.7584265246851962,2.212964622318831,1.8199594579910785,1.8622652790551468,1.525384531548988,1.8807668089527962,2.585471667722906,2.381507376524151,1.7101315992451045,2.0113485443447026,1.8510032918501684,2.108201818780376,3.3203998721870303,2.9125571575665554,2.1912039273217943,1.9015003836768751,1.8230252063738053,2.3104132898907417,1.9153250496702523,2.5113603200556356,3.8452465744944195,3.371274689192123,2.020221315280409,2.257557067483351,1.8510032918501684,1.9153250496702523,2.3147710085257143,3.181076928746447
FOODS_3_414_TX_3_validation,0.5372334801615528,0.5372334801615528,0.7485743174864911,1.2031668433926213,0.5905912910993474,1.2657458951768392,0.9222764173748809,1.4082608187179995,1.1176469444679773,0.9882494040308973,0.8250649161499328,1.0068375197359523,1.1141304360849351,1.041937149017644,0.9616647216898124,0.9616647216898124,0.8280601305302169,0.9882494040308973,0.8586948406449795,1.0451734312257916,1.2335704018216869,0.9616647216898124,0.7984802338088479,0.9882494040308973,0.8250649161499328,0.8586948406449795,1.1141304360849351,1.1108941538767874
FOODS_3_415_TX_3_validation,1.1481774851947364,1.1052869713217042,0.8135796414080254,0.7288312332843461,0.844214351522788,0.8315463974171111,1.2464816839312531,0.9703501004888933,0.7839997446866565,1.3414636413069105,0.8105844270277414,1.3600517570119641,1.251265406054648,1.2175424727842485,1.3049528486089832,1.138817485371667,1.0021973779099322,1.1654021677127513,1.4750614213666213,1.8411146728200254,1.3156799557821846,1.6053990940548957,1.2851190572659013,1.1654021677127513,0.8105844270277414,1.032832088024695,1.0863530081899133,1.094866224839349
FOODS_3_416_TX_3_validation,1.408440306376141,0.8936131307022289,0.8135796414080254,0.9733122419285445,0.7647285384790622,1.0348552855127553,1.6285931040094241,1.13856070468012,1.3937803295958082,0.9737689149087059,0.9969347828299783,0.9923570306137595,1.251265406054648,1.4042943462326378,0.947184232567621,0.947184232567621,0.8135796414080254,0.9737689149087059,0.844214351522788,1.2223261949076434,1.0259092199802056,0.947184232567621,0.7839997446866565,1.1654021677127513,1.1354006897796332,0.844214351522788,0.9110322104608369,1.5370955581812753
FOODS_3_417_TX_3_validation,0.6502795185925684,0.5347002497224089,0.5574233505454409,0.7407784919673936,0.5880580606602035,1.1115972056457912,0.6500921974748577,0.9822973591719408,0.795947003369704,1.353410899989958,1.0088820415130273,1.1959375421008522,1.1115972056457912,1.229489731467296,0.9591314912506685,0.9591314912506685,0.825526900091073,1.1773494263957986,1.4870086800496687,1.2342734535906907,1.229489731467296,0.9591314912506685,0.795947003369704,0.9857161735917535,0.8225316857107889,0.8561616102058356,1.1115972056457912,0.9181957470204898
FOODS_3_418_TX_3_validation,0.5318652357517851,0.7266408821494227,0.5630136271702179,0.5600184127899338,0.5936483372849805,0.6604661962230294,1.0476090986971847,0.9878876357967178,0.9878876357967178,1.1829397030205755,1.0144723181378041,1.0098945659215852,0.9285697457686615,1.8538684860044548,1.5009710250469115,1.2100392416859693,0.83111717671585,0.9913064502165304,1.0503696233325193,1.4159252038096268,1.972757989367366,1.4517066922172035,0.801537279994481,0.9913064502165304,0.8281219623355659,0.8617518868306125,0.9285697457686615,1.0991068213743427
FOODS_3_419_TX_3_validation,2.531809311124864,2.334554150860436,0.8565534266636934,0.527917296642852,0.8296507706835308,0.8964686296215797,1.8835275164882095,1.5323438551657231,1.2206710291918599,1.150838586873494,0.982371201990721,1.3454881761727069,1.2367018252153907,1.5862748939793485,1.7148209916155348,1.4804618301604855,0.9876337970706744,1.150838586873494,0.8296507706835308,1.0161293612643432,2.3953075394016268,2.0736785110385587,1.8378640885346456,1.2161147291406276,0.7960208461884841,1.0182685071854378,1.0850863661234866,2.0328391771635763
FOODS_3_420_TX_3_validation,0.5632289697473796,0.3476844650767705,0.6128356386809334,0.6098404243006493,0.6403242167180748,0.45920957888632896,0.8247527467959174,0.5888638356102093,0.7498480793667103,0.7695024465977951,0.6098404243006493,1.127273044577696,1.0197902216382753,0.9863112002652273,0.748525857907355,0.748525857907355,0.6128356386809334,0.7695024465977951,0.6403242167180748,0.9873285449074524,1.1623726738593865,0.9147929986656645,0.5888638356102093,0.935769587356103,0.7708246680571506,0.8035758411742451,0.7049231380902008,0.7039057934479762
FOODS_3_421_TX_3_validation,0.3242535634976318,0.5227529910393613,0.5454760918623933,0.9733122419285445,0.844214351522788,0.9110322104608369,0.6381449387918101,0.7839997446866565,0.7839997446866565,0.9737689149087059,0.8105844270277414,0.9923570306137595,0.9110322104608369,1.2175424727842485,0.947184232567621,0.947184232567621,1.0021973779099322,0.9737689149087059,0.844214351522788,1.0306929421036004,1.2175424727842485,0.947184232567621,0.7839997446866565,0.9737689149087059,1.1354006897796332,1.032832088024695,1.0996499469627439,0.9062484883374422
FOODS_3_422_TX_3_validation,1.8267744366777832,2.6474161291632137,1.5796451277905013,1.634421481881202,2.548354570447159,2.1084450726364508,2.3838878835344697,1.664167769554142,1.9758405955280047,2.97479151733063,1.9171124475571724,2.5593439937315408,2.330889316077812,2.9569471289060005,2.643070660292644,2.064193767923173,3.580314486227456,2.5284068715152124,4.238016625065761,2.6594596364204577,2.7704315431540087,2.566128715540323,2.0633315581497507,2.4698591853518876,2.2251735714573857,2.3545668236711657,2.4258849860360883,2.652957111512421
FOODS_3_423_TX_3_validation,1.9781724460669612,2.0408902135574234,0.8684307562195382,1.2997258855814944,2.1853534587083696,1.3120518121836369,2.5743416999476785,1.532391407247878,1.4775699476502306,1.3503693112841535,1.005840452807222,1.3796478268434371,1.260171076031891,3.0489388540885227,2.2887152069595897,1.4923391597163302,1.1495689548368297,1.863859950852108,1.0962316440867625,1.0395986120808434,2.4300393626480856,1.7266983211713796,1.9770708646164172,1.2279920586964723,1.2997258855814944,1.6385845810375832,1.1782140887721115,2.006120426725905
FOODS_3_424_TX_3_validation,1.1657150205025606,0.7266408821494227,0.83111717671585,0.7463687685921706,1.0370726845596887,0.9285697457686615,1.1124037601471732,1.1207039906536103,0.801537279994481,0.9913064502165304,1.0144723181378041,1.0098945659215852,1.2688029413624722,1.2350800080920727,1.3224903839168074,0.9647217678754455,0.83111717671585,1.1829397030205755,1.0503696233325193,1.2398637302154676,1.2350800080920727,1.6229366293627199,1.0387347933343591,1.1829397030205755,0.8281219623355659,1.2019850824244234,1.117187482270568,1.1124037601471732
FOODS_3_425_TX_3_validation,0.39350192969759756,0.7839997446866565,0.8135796414080254,0.8105844270277414,0.844214351522788,1.251265406054648,0.6381449387918101,0.7839997446866565,1.103166455345786,0.9737689149087059,0.8105844270277414,0.9923570306137595,0.9110322104608369,1.0259092199802056,0.947184232567621,0.947184232567621,0.8135796414080254,0.9737689149087059,0.844214351522788,1.0306929421036004,1.0259092199802056,1.138817485371667,0.9703501004888933,1.1654021677127513,0.9969347828299783,1.032832088024695,1.0996499469627439,0.9062484883374422
FOODS_3_426_TX_3_validation,0.5316586610166041,0.5316586610166041,0.5543817618396361,0.551386547459352,1.1892676116630199,0.8404520673943539,0.9151541583146849,0.7929054146638992,0.7929054146638992,0.9826745848859486,0.8194900970049841,1.0012627005910035,1.1085556169399868,1.0348148899574485,0.9560899025448637,0.9560899025448637,0.8224853113852681,1.1743078376899942,1.1933532170938421,1.0395986120808434,1.7029558618015632,1.201407376355388,0.7929054146638992,0.9826745848859486,0.8194900970049841,1.1933532170938421,0.9199378804380797,1.2513017484776738
FOODS_3_427_TX_3_validation,0.8936131307022289,0.5227529910393613,0.7340938283642996,0.8105844270277414,0.5761108019771559,0.9110322104608369,1.094866224839349,0.7839997446866565,0.7839997446866565,0.9737689149087059,1.1354006897796332,0.9923570306137595,0.9110322104608369,1.0259092199802056,0.947184232567621,0.947184232567621,0.8135796414080254,0.9737689149087059,1.032832088024695,1.0306929421036004,1.0259092199802056,0.947184232567621,0.7839997446866565,0.9737689149087059,0.9969347828299783,0.844214351522788,1.0996499469627439,1.094866224839349
FOODS_3_428_TX_3_validation,0.8483939066799187,0.5227529910393613,0.7340938283642996,0.8105844270277414,0.5761108019771559,0.8315463974171111,1.0815692860665185,1.3937803295958082,0.7839997446866565,0.9737689149087059,0.8105844270277414,0.9923570306137595,1.0996499469627439,1.0259092199802056,0.947184232567621,0.947184232567621,0.8135796414080254,2.0859110394503695,1.098917895370175,1.0306929421036004,1.0259092199802056,0.947184232567621,0.7839997446866565,0.9737689149087059,1.1318716536627884,0.844214351522788,0.9110322104608369,1.2464816839312531
FOODS_3_429_TX_3_validation,0.8383695984083541,0.577122844761059,1.0771594017391073,0.5968507312038069,0.6304806556988536,1.154019800684441,1.3248955702351484,1.0247199542105918,1.1645376535199334,1.0281387686304049,0.864954280749439,1.4214229551861115,0.9654020641825346,1.472017832682303,1.9557905633643553,1.3579259824945786,1.6137664969296317,1.600931022462235,1.42209353519706,1.2766960486293406,1.7724640781282155,1.6182845806663995,1.0755671117482322,1.6439584768015634,1.351079316541823,0.8985842052444857,1.154019800684441,1.401924866147877
FOODS_3_430_TX_3_validation,0.577122844761059,0.577122844761059,0.599845945584091,1.051304636551677,1.2991044097815434,0.8859162511388088,0.9621657819743871,0.8383695984083541,0.8383695984083541,1.402834839481058,0.864954280749439,1.0467268843354582,0.9654020641825346,1.2734597664211929,1.0015540862893189,1.0015540862893189,1.4926483572837563,1.0281387686304049,1.0872019417463923,1.0850627958252976,1.0818265136171499,1.0015540862893189,0.8383695984083541,1.0281387686304049,1.051304636551677,0.8985842052444857,0.9654020641825346,1.1507835184762933
FOODS_3_431_TX_3_validation,1.5085380892624811,1.5085380892624811,1.3654297090562075,1.7666488903706734,2.8160420098605385,2.1829702893338148,2.324177845929864,2.284845787019351,2.937968469480971,2.059869441230223,1.7730227105252323,2.401690130441425,2.319744515086736,2.2728914236402473,2.8339823199100733,3.501734870794178,2.3019687570159206,2.3104132898907417,1.9153250496702523,2.2653923444143924,3.140814654496662,2.6301108849401196,2.761492273067923,2.2305333688083118,2.353386450392243,2.7992765750335784,2.3724315864594465,2.5885374161056327
FOODS_3_432_TX_3_validation,1.3191608054032224,1.180846451042744,1.158200820167411,0.990849777236369,1.5892680904090988,4.0377904985473565,3.153905784646826,1.462565180739472,1.5507556341834763,2.7786455544078223,2.336770643779698,2.2016524066564327,2.995717744038613,3.99604899034027,2.264395646329292,2.6180846044976516,3.169880574566212,2.0142642391961454,1.400149885014149,2.8139764320759935,3.006129910238288,1.9265880330427467,1.5528530500521491,1.9180711545449076,1.518436047414659,1.959811642841003,3.7588515671651996,2.52174706869278
FOODS_3_433_TX_3_validation,1.7101315992451045,2.422053979400078,1.3654297090562075,1.123914354812449,2.0992139419046656,2.014668296043009,2.022167375268864,1.9910755849714206,1.7881121805700406,1.6872695362480286,1.8653310274378736,2.108201818780376,2.0177340444257372,2.5190999467788973,2.457167256128801,1.9015003836768751,2.325408364915879,1.9809412884253492,1.995573011694858,2.182128866087649,2.566379735301298,2.457167256128801,2.694554389600478,2.2305333688083118,1.7730227105252323,2.511105722379183,2.5815143529971922,2.9555741163342075
FOODS_3_434_TX_3_validation,0.8283972749035307,0.5081894102001041,1.2815192298449478,0.7960208461884841,0.750164957639805,1.0850863661234866,1.0155079825501032,0.7694361638473992,0.955786519649636,0.9592053340694486,0.7960208461884841,0.9777934497745022,1.513072541063148,1.3011163749429273,1.290389267769726,1.1242539045324098,0.7990160605687682,0.9592053340694486,0.8296507706835308,1.3945144875167754,1.2029788919449913,1.290389267769726,0.7694361638473992,1.3269000604676533,0.982371201990721,0.8296507706835308,1.0850863661234866,0.891684907498185
FOODS_3_435_TX_3_validation,1.5579719219119637,2.3776188282677166,2.2771390673720244,2.431502674012478,2.725267469501294,2.2650169517752343,1.7924138537954368,1.9879737533528876,3.8535419269114217,2.523312812478198,2.078098536459308,2.3941790684089255,2.9451434634135154,2.907418698577166,2.2304627538271107,2.821927331853201,2.399367173851112,2.587517565169232,2.36695500749665,2.404806870951116,2.688982323684816,2.1881020957032624,2.036720933309271,2.855585883888076,2.4550993319037824,2.69669663757294,2.265878137354927,2.2431689727141095
FOODS_3_436_TX_3_validation,0.8483939066799187,0.5227529910393613,0.8135796414080254,0.5424808774821093,0.5761108019771559,0.8315463974171111,1.0815692860665185,0.7839997446866565,0.7839997446866565,0.9737689149087059,0.8105844270277414,0.9923570306137595,0.9110322104608369,1.2175424727842485,0.947184232567621,0.947184232567621,1.1406632848595868,0.9737689149087059,0.844214351522788,1.0306929421036004,1.0259092199802056,0.947184232567621,0.7839997446866565,1.1654021677127513,0.8105844270277414,0.844214351522788,0.9110322104608369,1.2464816839312531
FOODS_3_437_TX_3_validation,2.870931387151857,1.8306364986605885,2.081253279784121,2.3822204637957456,1.9925072633121312,2.3117052601429875,2.363709159086513,2.036757016545076,2.5730166396737464,2.5064228079721613,2.0557136762012016,2.4376738202457693,2.0177340444257372,2.2728914236402473,1.9847638620036179,2.501885600628466,2.63774736168685,2.5780841428385144,2.2486467813181488,2.815203440796862,2.5033618722540725,3.3561283772403594,2.3474953637848364,2.7604488737367747,3.2827517719117894,2.4577295478558945,2.8130531563531247,3.123900048095755
FOODS_3_438_TX_3_validation,2.5298315879480895,2.381507376524151,1.6461568920764487,2.031250783935546,1.9122593012875255,2.349635031222205,2.1024153372934693,1.9587764352201391,1.7101315992451045,3.4984048332724096,2.2887246517187396,2.19146529710712,2.0177340444257372,3.140814654496662,3.127908046070447,2.457167256128801,2.0843190281668478,2.614015863134562,2.2093016394964375,3.778046088060357,3.192847722207559,3.501734870794178,2.657812644566472,2.27289402693216,2.5204811935338385,2.4577295478558945,2.7150758719728465,2.9555741163342075
FOODS_3_439_TX_3_validation,2.0893061880384045,1.7164346071824654,1.4687854796114623,0.551386547459352,1.6050852309897397,1.753317456443118,1.708020907711424,1.3105289400726412,1.2674916511476473,0.9826745848859486,1.005840452807222,1.930573934670341,2.0226088828109168,1.570317349671342,1.201407376355388,0.9560899025448637,1.0111030478871756,1.3503693112841535,1.1892676116630199,1.9689098461601795,1.6535808279980853,1.201407376355388,0.7929054146638992,0.9826745848859486,0.8194900970049841,1.041737758001938,1.772733192729827,2.0130554763861612
FOODS_3_440_TX_3_validation,0.10070592111624665,0.5372334801615528,0.5599565809845848,0.5569613666043007,0.5905912910993474,0.9255126995830284,0.6541728678292488,0.7984802338088479,0.7984802338088479,0.9882494040308973,0.8250649161499328,1.0068375197359523,0.9255126995830284,1.041937149017644,0.9616647216898124,0.9616647216898124,0.8280601305302169,0.9882494040308973,0.8586948406449795,1.0451734312257916,1.041937149017644,0.9616647216898124,0.7984802338088479,0.9882494040308973,0.8250649161499328,0.8586948406449795,1.1141304360849351,0.9222764173748809
FOODS_3_441_TX_3_validation,0.08019375106596696,0.4117573098668658,0.4332957098647255,0.43030049548444144,0.4607842879018668,0.5276021468399152,0.5243658646317677,0.6529366804003048,0.6529366804003048,0.8415211497971824,0.6783366619162178,0.8569631334246146,0.7756383132716922,0.8920627627063057,0.8161211682812692,0.8161211682812692,0.6813318762965018,0.8415211497971824,0.7088204543336433,0.8952990449144534,0.8920627627063057,0.8161211682812692,0.6529366804003048,0.8415211497971824,0.6783366619162178,0.7088204543336433,0.7756383132716922,0.7724020310635447
FOODS_3_442_TX_3_validation,0.9541654320728487,0.7839997446866565,0.7340938283642996,0.8105844270277414,0.5761108019771559,0.9110322104608369,1.2423960785004309,0.7839997446866565,0.7839997446866565,1.7841906456251333,1.0593738616282746,0.9923570306137595,0.9110322104608369,1.2175424727842485,0.947184232567621,0.947184232567621,0.9763074563088284,0.9737689149087059,1.032832088024695,1.0306929421036004,1.0259092199802056,0.947184232567621,0.9703501004888933,0.9737689149087059,0.9969347828299783,0.844214351522788,1.0996499469627439,1.2464816839312531
FOODS_3_443_TX_3_validation,0.08622543199405518,0.5227529910393613,0.8135796414080254,0.9189905692377397,1.1844475471165992,0.7623142997631934,0.6381449387918101,0.7839997446866565,0.9703501004888933,0.9737689149087059,0.8105844270277414,0.9923570306137595,0.9478628217325994,1.0259092199802056,0.947184232567621,0.947184232567621,1.0021973779099322,0.9737689149087059,0.844214351522788,1.2223261949076434,1.2175424727842485,0.947184232567621,0.7839997446866565,1.1654021677127513,0.8105844270277414,1.032832088024695,0.9110322104608369,0.9062484883374422
FOODS_3_444_TX_3_validation,21.201132492262907,18.5973280708571,17.857497805214624,17.624348720908802,18.84892966196666,23.52590035058523,25.023471117102073,18.37748932048916,15.109796831364864,15.75623656658086,16.08541083072388,22.23106574027733,24.45167803055159,26.834278718717083,25.48536568264943,23.005271779050204,17.465239163297753,22.38599299009065,22.408215546402626,28.352947386051753,34.75062911100274,29.537597790480085,21.61011534256447,22.674404890865755,21.67010501640077,22.362392334766096,25.79326353825761,30.798321039918783
FOODS_3_445_TX_3_validation,0.5227529910393613,0.5227529910393613,0.9242531643176932,0.5424808774821093,0.5761108019771559,0.6429286609152048,1.094866224839349,0.7839997446866565,0.9703501004888933,0.9737689149087059,0.9969347828299783,0.9923570306137595,0.9110322104608369,1.0259092199802056,0.947184232567621,0.947184232567621,0.8135796414080254,0.9737689149087059,0.844214351522788,1.0306929421036004,1.0259092199802056,0.947184232567621,0.7839997446866565,0.9737689149087059,0.8105844270277414,0.844214351522788,0.9110322104608369,1.094866224839349
FOODS_3_446_TX_3_validation,0.15618851402181613,0.8699025311472098,0.8926256319702418,1.6049989717583861,1.8050856167768028,2.518355497235372,1.74950099256959,1.4938451883985442,1.2206243993091412,1.3912358858240443,1.445391404728768,1.6708392619200316,2.1918184152697178,2.049622866406897,1.6459919530430074,1.6459919530430074,1.5264908335026393,2.7101030981925387,3.661610773732607,2.944574551539904,2.639246232511315,2.176511026457858,1.6985044467638943,1.9133921651540224,2.0196236314543365,2.711934073732544,3.4902214421668654,2.5671411290681445
FOODS_3_447_TX_3_validation,1.3198595714929544,0.8577992463337883,1.0887082005989068,1.374791001862555,0.7605399958597968,1.111343870313176,1.4841277181569923,0.9408672570106204,0.9408672570106204,1.108412995142798,0.9891015506626163,1.1627344052383022,1.111343870313176,1.3956307005467123,1.2734615656057562,1.0818283128017137,0.9704471537319883,1.3216958592577528,1.0368151582372032,1.2087811698660647,1.2039974477426698,1.2734615656057562,0.9408672570106204,1.108412995142798,0.9891015506626163,1.0368151582372032,1.2999616068150814,1.4625524805726138
FOODS_3_448_TX_3_validation,2.20334133541474,0.9601110461200181,0.83111717671585,0.5600184127899338,2.4764391315853205,2.0312407481414985,3.300502086091643,2.6292883708420183,2.1396039117169225,1.8566467617751021,1.171091001068373,1.3882796921740184,2.0195360141798817,2.018728994988545,1.7955740080590747,1.7353301865019608,1.2707601207996542,1.1829397030205755,1.0503696233325193,1.4266156036638569,1.421831881540462,1.871513908769669,1.2411802240782859,1.1829397030205755,0.8281219623355659,1.7070886785373651,1.4602423170160859,1.6927454963921256
FOODS_3_449_TX_3_validation,3.659865532845224,3.3109563702106266,2.1910808054813913,1.6266858645341213,2.591016633856537,2.6807234473028343,2.9073488697131644,3.456521546940881,3.7575675880290174,2.358311636432202,1.2618192923722014,2.731342143817118,4.907090044433002,3.4861091769862584,3.5403077382240804,4.939310451539326,2.9998746460695798,1.6416988692721148,2.57747516147932,3.223010443657512,3.726272249080109,3.8871980094212217,3.048552039015038,2.289377996736632,1.339799873697138,2.1095657933313947,2.7058323536856177,2.7810155628661497
FOODS_3_450_TX_3_validation,1.7250664725130467,1.1445063187272888,1.158200820167411,0.5600184127899338,1.369997591077314,1.695695568990297,1.4725789232747422,0.9642650948952841,0.9878876357967178,1.1829397030205755,0.8281219623355659,1.3775892923197883,1.4368154500153627,1.411141481686232,0.9647217678754455,1.1563550206794913,1.0197349132177573,1.3590011766147347,0.8617518868306125,1.8586522081278496,1.9447116193904654,1.2100392416859693,0.9878876357967178,1.1829397030205755,0.8281219623355659,1.2019850824244234,2.0195360141798817,1.6584190350873442
FOODS_3_451_TX_3_validation,4.852920311214375,2.5706202194334113,5.080978613148306,5.683442865113002,8.095267941019495,9.205348225162824,5.4382808796312165,3.581200600097446,2.5360474790113576,3.279435774872041,4.527638175648292,6.138124363468936,6.145150400785154,7.204175839980417,7.3976599763453335,7.095059031012772,4.051952493239736,4.836983645260185,7.172297150560112,9.356833461064664,8.30442723443851,8.872074579325522,5.887569049259848,7.3888579332134166,6.629749133240903,8.816203618817292,10.079970382966778,7.767393661858623
FOODS_3_452_TX_3_validation,0.33873405261982326,0.5372334801615528,0.5599565809845848,0.5569613666043007,0.5905912910993474,0.9255126995830284,0.6541728678292488,0.7984802338088479,0.7984802338088479,0.9882494040308973,0.8250649161499328,1.0068375197359523,0.9255126995830284,1.041937149017644,0.9616647216898124,0.9616647216898124,0.8280601305302169,0.9882494040308973,1.0473125771468863,1.0451734312257916,1.041937149017644,0.9616647216898124,0.7984802338088479,0.9882494040308973,0.8250649161499328,0.8586948406449795,1.1141304360849351,0.9222764173748809
FOODS_3_453_TX_3_validation,0.09513110197129801,0.5316586610166041,0.7429994983415423,0.551386547459352,0.8531200215000307,0.9199378804380797,0.6470506087690528,0.979255770466136,0.7929054146638992,1.1743078376899942,0.8194900970049841,1.0012627005910035,0.9199378804380797,1.0348148899574485,0.9560899025448637,0.9560899025448637,0.8224853113852681,1.1743078376899942,0.8531200215000307,1.0395986120808434,1.0348148899574485,0.9560899025448637,0.7929054146638992,0.9826745848859486,0.8194900970049841,1.041737758001938,1.1085556169399868,0.9151541583146849
FOODS_3_454_TX_3_validation,2.100488688461826,5.052529691448782,6.578556152595278,5.80527663895325,5.978705680319207,6.686135049810532,6.25973039260627,6.315141160021372,6.891649754430037,7.914106189876101,6.549839333993527,8.355265051127619,7.631908765133123,9.6984303621493,9.560127865249113,8.528311783293367,6.914598307598989,8.048719407421451,7.532526990960423,9.720765264595512,12.23741878864389,9.992602358729593,7.353707386184689,7.824866055858629,7.029422048016846,7.052235570209477,8.071402739158284,9.65676965972001
FOODS_3_455_TX_3_validation,19.104207737669814,14.703058409670959,12.637702539156395,12.018060817354323,14.759848990386475,20.127808710575668,19.14108695527151,15.275795755915443,14.145464036939789,11.98241061067749,12.276320324934725,16.138999792669093,17.144600057600353,17.840755007182334,17.4274866939716,15.92457933935638,13.240171539371461,15.95791788968707,15.585799721240857,17.190515005231145,20.486760967042024,21.345562537002895,16.803523411221178,16.323776990810252,15.222401972860828,17.611593205862448,19.372320347095382,19.929533525339906
FOODS_3_456_TX_3_validation,0.5402905263471859,0.5402905263471859,0.83111717671585,0.5600184127899338,1.0503696233325193,0.6604661962230294,0.9237860236452667,0.801537279994481,0.9878876357967178,0.9913064502165304,0.8281219623355659,1.0098945659215852,1.2688029413624722,1.411141481686232,0.9647217678754455,0.9647217678754455,1.158200820167411,0.9913064502165304,0.8617518868306125,1.2398637302154676,1.0434467552880298,0.9647217678754455,0.801537279994481,1.1829397030205755,0.8281219623355659,1.0503696233325193,0.9285697457686615,1.1124037601471732
FOODS_3_457_TX_3_validation,0.08622543199405518,0.5227529910393613,0.5454760918623933,0.5424808774821093,0.5761108019771559,0.6429286609152048,0.6381449387918101,0.7839997446866565,0.7839997446866565,0.9737689149087059,0.8105844270277414,0.9923570306137595,1.0996499469627439,1.0259092199802056,0.947184232567621,0.947184232567621,1.0021973779099322,1.1654021677127513,0.844214351522788,1.0306929421036004,1.0259092199802056,0.947184232567621,0.7839997446866565,0.9737689149087059,0.8105844270277414,0.844214351522788,0.9110322104608369,0.9062484883374422
FOODS_3_458_TX_3_validation,9.771929881011935,6.386130984184941,6.876341106478581,7.454262067834094,8.89702216532958,12.175993323081537,10.777286328541896,8.351155864022626,6.458925218538536,7.819293456619616,7.289319686030667,9.163928770716419,10.721518387256094,12.611738920287738,9.893727204278832,9.227683478187942,6.472876013289315,6.1512070739646045,8.723857838318212,11.524080370467201,11.538667502756166,9.852400443320985,6.736618655168218,7.611117081725555,5.859821998833916,7.242288088615935,9.78866336476447,10.071433722252866
FOODS_3_459_TX_3_validation,2.2818499062870097,1.664167769554142,3.3807463564811155,1.954190208679213,3.209953272329188,2.1084450726364508,4.547216697126627,2.6090983205979783,2.7956660172415146,3.070350408795869,1.9171124475571724,4.039374086533274,3.3324344125135252,5.442274662751642,3.5625267262397053,2.8172971364815287,3.576642603593604,4.3869268501010374,3.3392492352410463,3.2939171353989263,5.26206480907065,3.6345330912385903,2.6636897479246726,3.8724565550375716,3.195958729481862,3.3725271894461106,2.803361797597977,4.382188995433063
FOODS_3_460_TX_3_validation,1.460035906777679,1.4706743030204732,0.9763074563088284,0.8105844270277414,1.3944608531110578,0.9110322104608369,0.9062484883374422,1.5148984692416836,1.2851190572659013,1.1654021677127513,1.1354006897796332,0.9923570306137595,1.0996499469627439,1.3936039463784078,2.1673610337937146,1.3151480500335369,1.0021973779099322,0.9737689149087059,0.844214351522788,1.0306929421036004,1.2175424727842485,1.8539763734618449,1.8666708277761677,1.53153620369767,1.1651453870212043,1.4750614213666213,1.0996499469627439,1.094866224839349
FOODS_3_461_TX_3_validation,6.410621831432433,5.382781079652009,4.6368025316668895,3.612704791934724,2.6600185807549153,4.11930775378565,5.424618757864916,4.385697712033371,3.3099293199474276,3.309004715945084,2.8307561427116106,3.1144559990846523,5.03806517471722,7.543026094900154,7.984655460301543,6.720915992588939,6.209115308749479,4.6972046813658155,4.2210703735284785,4.855554237137106,8.231680767948609,7.637676038905264,7.441335385361101,6.68791289774487,4.7363732499994216,3.796106340147169,5.422225575718695,7.658190208764816
FOODS_3_462_TX_3_validation,7.838278424505082,4.947426168006262,7.415647510268632,5.576636995838967,8.153085426955528,10.842223716551542,12.051446805920213,7.30554202025546,4.087366030848805,4.468969979324116,3.878414094932984,5.367707529113042,6.721583457340478,8.519394033018273,6.656761078314224,5.930319604587048,5.614947580452008,4.1612359050786925,3.8834610514299728,4.952950667689455,7.394587247386651,5.4722412075042985,4.767649936420114,7.953260686310591,6.26400220357299,7.203815441943992,8.204997368402317,9.720957730612108
FOODS_3_463_TX_3_validation,0.3042357817052446,0.4860489347070683,0.9195360168626796,0.5057768211498156,0.7026583701010328,0.6062246045829112,0.6029883223747636,0.8882125489970087,0.8882125489970087,1.083264616220866,0.7538129875815925,1.1018527319259195,1.0175123954708585,0.9706852204493025,1.0566799338797817,1.2228152971170978,1.0585257333677014,0.916997475462557,0.7874429120766392,1.1738423898091566,0.9706852204493025,0.8904127931214721,0.7272283052405076,1.2593260898150251,0.7538129875815925,0.7874429120766392,0.8542607710146881,0.8510244888065406
FOODS_3_464_TX_3_validation,0.3417910988054563,0.7266408821494227,1.0197349132177573,0.5600184127899338,0.7822660737868867,0.8490839327249357,0.8443002106015409,0.9878876357967178,0.801537279994481,0.9913064502165304,0.8281219623355659,1.3775892923197883,0.9285697457686615,1.0434467552880298,1.1563550206794913,0.9647217678754455,1.4488146944174332,1.1829397030205755,1.0503696233325193,1.2398637302154676,1.2350800080920727,0.9647217678754455,0.801537279994481,1.1829397030205755,0.8281219623355659,0.8617518868306125,0.9285697457686615,0.9237860236452667
FOODS_3_465_TX_3_validation,0.42833885444068515,0.6714488905315512,0.6941719913545832,0.7128263882852118,0.9491577323617034,0.8350687079357697,0.830284985812375,1.275793104458772,0.9408672570106204,1.108412995142798,0.9891015506626163,1.1627344052383022,1.111343870313176,1.2039974477426698,1.0818283128017137,1.4553560656320954,1.1590648902338954,1.1300626064537103,1.0368151582372032,1.4004144226701072,1.3956307005467123,1.2734615656057562,0.9408672570106204,1.108412995142798,0.9891015506626163,1.0368151582372032,1.111343870313176,1.106560148189781
FOODS_3_466_TX_3_validation,0.1037629673018797,0.5402905263471859,0.5630136271702179,0.5600184127899338,0.5936483372849805,0.6604661962230294,0.6556824740996346,0.801537279994481,0.801537279994481,0.9913064502165304,0.8281219623355659,1.0098945659215852,0.9285697457686615,1.0434467552880298,0.9647217678754455,0.9647217678754455,0.83111717671585,0.9913064502165304,0.8617518868306125,1.0482304774114246,1.0434467552880298,0.9647217678754455,0.801537279994481,0.9913064502165304,0.8281219623355659,0.8617518868306125,0.9285697457686615,0.9237860236452667
FOODS_3_467_TX_3_validation,0.39350192969759756,0.7839997446866565,0.5454760918623933,0.5424808774821093,0.5761108019771559,0.6429286609152048,0.8267626752937164,1.103166455345786,0.7839997446866565,1.1654021677127513,0.8105844270277414,0.9923570306137595,0.9110322104608369,1.2175424727842485,1.3049528486089832,1.138817485371667,1.0021973779099322,1.3414636413069105,1.032832088024695,1.2223261949076434,1.0259092199802056,1.138817485371667,0.9703501004888933,0.9737689149087059,0.8105844270277414,0.844214351522788,0.9110322104608369,0.9062484883374422
FOODS_3_468_TX_3_validation,2.0221477583458007,3.643147206513858,2.459712281849047,1.2729433682757045,2.348631976953201,1.7855681160687158,2.5470604278325046,2.4346872790549634,2.295053214216401,2.242864166619415,2.3064971130065244,2.0842916125963984,1.9750294131943447,2.8701812770243196,3.6054726948868687,2.91710961904844,2.050120450982944,2.8968510370500624,2.592496814063657,2.4079758284478263,2.426374656394691,2.5569317813596193,3.761885478001788,2.7582595959197826,2.418021570781741,3.2457900434258047,2.24947899320345,2.7743684362640666
FOODS_3_469_TX_3_validation,4.178594925182165,2.665322981889718,2.894221681744878,1.4782968125153275,1.8048629536972625,2.6063164732042363,5.477011218520137,3.171807757425297,2.087483749038621,2.00138556466736,1.6764651414476133,1.9188674834060437,1.9933447898861762,4.481159904212079,3.6056340925445625,2.7941404749461713,1.7046959859797945,2.254872953451155,1.4032163331119956,1.5670594160882316,2.510911615887846,4.037887866088445,2.665322981889718,3.213512908442107,1.699433390899841,1.42209353519706,2.264191298462128,3.606481095022881
FOODS_3_470_TX_3_validation,0.42833885444068515,0.6714488905315512,0.6941719913545832,0.7128263882852118,0.7605399958597968,0.8350687079357697,0.830284985812375,0.9408672570106204,0.9408672570106204,1.108412995142798,1.175451906464854,1.1627344052383022,1.111343870313176,1.3956307005467123,1.0818283128017137,1.0818283128017137,0.9704471537319883,1.1300626064537103,1.0368151582372032,1.2087811698660647,1.3956307005467123,1.2734615656057562,0.9408672570106204,1.108412995142798,0.9891015506626163,1.0368151582372032,1.111343870313176,1.106560148189781
FOODS_3_471_TX_3_validation,0.5227529910393613,0.5227529910393613,1.1406632848595868,0.5424808774821093,1.032832088024695,0.6429286609152048,0.9062484883374422,1.103166455345786,0.7839997446866565,0.9737689149087059,0.8105844270277414,0.9923570306137595,0.9110322104608369,1.0259092199802056,0.947184232567621,0.947184232567621,0.8135796414080254,0.9737689149087059,0.844214351522788,1.0306929421036004,1.0259092199802056,0.947184232567621,0.7839997446866565,1.1654021677127513,0.8105844270277414,1.032832088024695,0.9110322104608369,1.094866224839349
FOODS_3_472_TX_3_validation,0.15798841066368594,0.734520495500204,1.0335187587006418,0.7758979932538647,0.8236116008284496,0.8981403129044225,0.8933565907810278,1.0039388619792735,1.0039388619792735,1.1714846001114507,1.0521731556312708,1.2258060102069548,1.363033211783734,1.458702305515365,1.1448999177703665,1.1448999177703665,1.0335187587006418,1.193134211422363,1.47750598343053,1.2718527748347173,1.2670690527113224,1.1448999177703665,1.0039388619792735,1.363117852915493,1.0521731556312708,1.0998867632058558,1.1744154752818285,1.1696317531584337
FOODS_3_473_TX_3_validation,2.233932166175451,2.029032339104457,1.9778637287680052,2.415381637622522,2.5892490215281936,3.077111652650304,3.750863072592502,2.233932166175451,2.2855172349384136,2.65459539719558,2.6463501791568436,3.3065420789707707,3.456046781090968,4.051473114112028,2.0621295148242025,1.5349701705439467,3.336912687269889,3.6015994189877367,2.44814736176542,2.5499138229788634,4.769009730262518,2.552722222847567,1.4760283261919638,2.3739379400788985,1.9687346563518404,2.281818438505367,3.0616226241004987,3.657011155331889
FOODS_3_474_TX_3_validation,3.8978020841311642,2.6532250322732467,1.512509041900798,2.0619693032595734,2.1310139529229306,3.590020923529262,2.727315345557149,2.6666788252418665,2.2835131943850397,1.8010749066193334,1.634421481881202,1.8935189506410368,2.4769400519883114,2.298629984438158,2.1183575401201207,1.7744902242782492,1.6157670849505736,1.8423400597813189,1.700642181530913,1.9516670892030359,1.9421136827782801,1.7744902242782492,1.5861871882292053,1.8010749066193334,1.634421481881202,1.700642181530913,3.568782996286673,2.886356624807885
FOODS_3_475_TX_3_validation,1.2353173001730782,1.55575260604682,1.3654297090562075,1.481493018872715,1.593444576670932,2.349635031222205,2.1172996421951518,1.5085380892624811,2.5730166396737464,1.9897178390383827,1.6772007259355386,2.19146529710712,3.3203998721870303,2.5457225303779207,2.720745975144569,2.6301108849401196,2.06481335184688,2.614015863134562,2.2486467813181488,2.8375328752909543,4.199370146120794,2.844877745767393,2.5748567872096104,2.2305333688083118,2.1122971136432116,1.995573011694858,2.391719524320248,2.6901312551218384
FOODS_3_476_TX_3_validation,3.026343953396737,1.6230261882912835,1.9383362088613847,1.9486843391235067,1.8077861069284704,2.8917847245307464,4.65173803361692,3.372826140784334,1.8214665593447168,3.219082568887969,2.189690005325343,3.3382516178998265,3.355651628469639,5.987736853210979,3.40127382177727,2.1469145277760413,3.256358690790849,3.5168969620499455,4.0214450022407355,4.346885123114443,6.173514825552069,3.691614808341569,2.085810358959389,2.4975746346085126,2.0520490664742934,2.6795647761030965,3.3254859869666764,4.856788275408748
FOODS_3_477_TX_3_validation,3.935297071719492,3.47052064528464,4.5823936220636705,4.655276318718956,4.593201356171604,7.803658588473961,7.0221633334572005,6.0095581407564875,4.069096917724801,6.236700155796952,4.730894628044188,6.107585506472352,8.410704518930256,7.845045883963723,7.689608912374335,4.998205501293712,4.69111857703229,6.101006164006104,6.275027627750258,7.926776062392164,7.139623589650341,6.024451781304351,4.377922434940166,4.5379648461369095,4.720413703630341,5.030380640693387,8.004878149263288,6.602430757245935
FOODS_3_478_TX_3_validation,0.6714488905315512,1.8171822181326596,1.4875333533695436,1.7201102366955856,2.551819614850189,1.481509133471634,1.106560148189781,1.1272176128128575,2.017060183591138,1.7063707752096533,1.506187750300172,2.1218015207198846,1.5106190486762687,1.5181995380335198,1.3631690623617612,1.3251981272940476,1.1745949484370164,2.1039599742980215,2.528785374850886,2.010757016202037,1.8971434295239933,1.3631690623617612,1.275793104458772,1.4918668583300227,1.3518087571018875,2.6419141239828114,1.8187354440192778,1.7297330915599427
FOODS_3_479_TX_3_validation,0.634906080159449,1.9534786115940665,1.2573908029636087,1.6080894786364304,2.6751347171380515,2.91403379248788,1.9566421573659007,1.5085380892624811,1.9910755849714206,1.6872695362480286,1.7730227105252323,2.401690130441425,2.613482032956641,2.5033618722540725,2.2335645854456425,2.2210462747854227,1.8230252063738053,2.614015863134562,2.2486467813181488,2.5113603200556356,3.8452465744944195,2.4639221569203302,2.576082388056473,2.2305333688083118,2.5204811935338385,2.7114758956757723,2.781876077980784,3.140679087948916
FOODS_3_480_TX_3_validation,0.6404357311784145,0.5316586610166041,0.7429994983415423,0.9822179119057872,1.0284408192291075,0.6518343308924476,0.6470506087690528,1.4026859995730512,0.7929054146638992,0.9826745848859486,1.4349202340068983,1.1928959533950478,0.9199378804380797,1.2264481427614915,1.14772315534891,0.9560899025448637,1.0111030478871756,0.9826745848859486,1.041737758001938,1.2312318648848863,1.7029558618015632,1.3124617987501244,0.7929054146638992,0.9826745848859486,1.1443063597568761,1.1933532170938421,0.9199378804380797,1.0904749560437614
FOODS_3_481_TX_3_validation,0.41103946500542204,0.9878876357967178,0.5630136271702179,0.7463687685921706,0.5936483372849805,1.1038905434977375,1.0476090986971847,0.9878876357967178,0.801537279994481,0.9913064502165304,0.8281219623355659,1.0098945659215852,0.9285697457686615,1.0434467552880298,0.9647217678754455,1.1563550206794913,1.0197349132177573,0.9913064502165304,0.8617518868306125,1.0482304774114246,1.0434467552880298,1.1563550206794913,0.9878876357967178,0.9913064502165304,0.8281219623355659,0.8617518868306125,1.2688029413624722,0.9237860236452667
FOODS_3_482_TX_3_validation,1.1358744533967076,0.9556332295647023,1.0111030478871756,0.8194900970049841,1.246638881584639,0.6518343308924476,1.2513017484776738,0.979255770466136,0.7929054146638992,1.1743078376899942,1.005840452807222,1.0012627005910035,1.1085556169399868,1.8452366206738735,1.8115041037465935,1.3124617987501244,1.1495689548368297,0.9826745848859486,0.8531200215000307,1.2312318648848863,1.6097441447958487,1.5263383052133654,1.2824328059824888,1.1743078376899942,1.005840452807222,0.8531200215000307,0.9199378804380797,1.4233998625613866
FOODS_3_483_TX_3_validation,0.5316586610166041,0.5316586610166041,0.933158834294936,0.7377369032615888,1.2425397306543884,0.8404520673943539,1.6841136310615443,1.030102928003778,0.979255770466136,0.9826745848859486,1.005840452807222,1.0012627005910035,1.1085556169399868,1.6097441447958487,1.3124617987501244,1.14772315534891,0.8224853113852681,0.9826745848859486,1.735776722174806,1.6264682164543767,1.570317349671342,1.201407376355388,0.7929054146638992,0.9826745848859486,0.8194900970049841,1.7059153337917783,1.3932525023443105,1.2513017484776738
FOODS_3_484_TX_3_validation,0.6315300612011717,0.7839997446866565,0.8135796414080254,0.5424808774821093,0.9680374265747054,0.9110322104608369,0.8267626752937164,0.7839997446866565,0.7839997446866565,0.9737689149087059,0.8105844270277414,0.9923570306137595,0.9110322104608369,1.0259092199802056,0.947184232567621,0.947184232567621,1.0021973779099322,0.9737689149087059,0.844214351522788,1.0306929421036004,1.2175424727842485,1.138817485371667,0.9703501004888933,1.1654021677127513,0.8105844270277414,0.844214351522788,1.0996499469627439,0.9062484883374422
FOODS_3_485_TX_3_validation,1.1583628277095392,1.2761235164782285,0.83111717671585,1.1529382250874574,1.5892680904090988,1.4018843676748918,2.014752292056487,1.1445063187272888,1.1207039906536103,1.8724918161826893,1.171091001068373,1.5848238207599863,1.294884860195292,1.2579895728044126,0.9647217678754455,0.9647217678754455,1.1546717840505663,0.9913064502165304,1.369997591077314,1.2398637302154676,1.7115877271321445,1.2100392416859693,1.1207039906536103,1.1829397030205755,1.0144723181378041,1.613717096320321,1.4602423170160859,1.4320317278919679
FOODS_3_486_TX_3_validation,0.37893834885834043,1.0886028745065288,0.7990160605687682,0.527917296642852,0.5615472211378987,0.6283650800759476,0.6235813579525529,1.0886028745065288,0.7694361638473992,0.9592053340694486,0.7960208461884841,0.9777934497745022,1.0850863661234866,1.0113456391409483,0.9326206517283637,0.9326206517283637,0.9876337970706744,0.9592053340694486,1.0182685071854378,1.0161293612643432,1.2029788919449913,1.1242539045324098,0.955786519649636,1.150838586873494,0.7960208461884841,0.8296507706835308,0.8964686296215797,0.891684907498185
FOODS_3_487_TX_3_validation,2.6138896336930415,2.6630333965777524,2.1546379547040795,3.009493948329893,2.343565661303742,2.287056407755512,2.8434820547720374,2.6244694299475726,2.8107752686447913,2.257000478262823,2.588327084937909,2.471731932732169,2.5509360936679735,3.278195127977424,2.6827892760608085,2.944955913374146,2.3519889239932446,2.881150987548236,2.446359964284308,2.7867596489256554,3.1206208847144947,2.906391946743966,2.813841017027518,2.364136384683029,2.191948402148676,1.85411945038405,2.340946297954949,2.5207117040897233
FOODS_3_488_TX_3_validation,1.1176469444679773,1.4745163958998702,0.7485743174864911,1.3604510542102606,0.8586948406449795,1.3506755510443238,0.9222764173748809,1.5293789583638748,1.59734019796181,1.5344247715592059,1.16803395488274,1.3745322461341554,1.2657458951768392,1.8523588797340689,1.7322731403163278,2.1053738181416173,1.2677030746140212,1.7986711347473245,1.95675459665537,1.3451882817751104,1.97124838309698,1.5319131243583137,1.8464130734245758,1.2335668778414206,1.6498503127714883,1.397092838828516,1.5563597694268614,1.485072456897927
FOODS_3_489_TX_3_validation,1.4802561989336431,1.3937803295958082,1.431277159109609,1.3459705650880693,2.73674125417732,2.6807234473028343,1.7275795660902993,1.0327891792871904,1.3937803295958082,1.3414636413069105,1.6863000106367971,2.458024015617694,1.8298890117079984,1.8634899937832914,1.4950254109997427,1.138817485371667,1.5523952987554843,1.5752247806889352,1.313956308942374,1.2452357596199832,1.4042943462326378,1.3049528486089832,0.9703501004888933,1.3395610583328683,1.635369823649297,2.0920130581694303,2.049779524923271,1.4416800847310978
FOODS_3_490_TX_3_validation,0.3417910988054563,0.801537279994481,0.993844991616653,0.8281219623355659,0.8617518868306125,0.9285697457686615,0.8443002106015409,1.5324360045495078,1.0387347933343591,0.9913064502165304,0.8281219623355659,1.0098945659215852,0.9285697457686615,1.0434467552880298,1.1666716025635588,1.3224903839168074,0.83111717671585,1.1829397030205755,0.8617518868306125,1.0482304774114246,1.411141481686232,0.9647217678754455,0.9878876357967178,1.3590011766147347,1.0144723181378041,1.0503696233325193,1.117187482270568,0.9237860236452667
FOODS_3_491_TX_3_validation,9.698662139100731,6.060082547250649,3.8963420936858397,2.8156603401597766,4.624239529897835,9.130292821628139,8.877784241472886,7.9978071205064465,5.029376391137501,5.016201296544671,3.2551921538637494,4.280656296845704,7.452971365268984,7.489680320924268,6.4208793671757505,4.8159921461793616,3.9494004236325018,4.609028181324288,3.596901259720049,5.019848165371583,6.990503660701237,8.357360634666609,4.958387070354222,4.3371356582662095,3.7112180506774974,3.9287568920627303,5.987382816504857,6.115610606382946
FOODS_3_492_TX_3_validation,0.40240759967484035,0.7180090168188409,0.5543817618396361,1.005840452807222,0.8531200215000307,1.0952586781671563,0.8356683452709591,0.7929054146638992,0.979255770466136,0.9826745848859486,1.1443063597568761,1.1928959533950478,0.9199378804380797,1.2264481427614915,0.9560899025448637,1.3138585185862262,1.440182829086852,1.1743078376899942,1.041737758001938,1.0395986120808434,1.2264481427614915,1.14772315534891,0.7929054146638992,0.9826745848859486,1.005840452807222,1.041737758001938,1.260171076031891,0.9151541583146849
FOODS_3_493_TX_3_validation,0.08019375106596696,0.4117573098668658,0.4332957098647255,0.43030049548444144,0.4607842879018668,1.3850634906105703,0.4581922342441043,0.5888638356102093,0.5888638356102093,0.7695024465977951,0.7708246680571506,0.7849444302252275,0.8681747625463708,0.820044059506919,0.748525857907355,0.9147929986656645,0.6128356386809334,0.7695024465977951,0.6403242167180748,0.8210614041491439,0.820044059506919,0.748525857907355,0.5888638356102093,0.7695024465977951,0.6098404243006493,0.6403242167180748,0.7049231380902008,0.7039057934479762
FOODS_3_494_TX_3_validation,0.9514791807894363,0.5316586610166041,0.8224853113852681,0.551386547459352,0.5850164719543987,1.1085556169399868,1.0904749560437614,0.7929054146638992,0.979255770466136,1.1743078376899942,1.005840452807222,1.0012627005910035,0.8474068256171171,1.0259092199802056,1.138817485371667,0.947184232567621,0.8135796414080254,0.9737689149087059,0.844214351522788,1.0306929421036004,1.0259092199802056,0.947184232567621,0.7839997446866565,1.1654021677127513,0.8105844270277414,0.844214351522788,1.0996499469627439,1.2464816839312531
FOODS_3_495_TX_3_validation,2.579496130664247,2.6630333965777524,2.0488695710969527,1.6947914763461402,2.2240510557937414,2.2208153331732055,3.800514808862099,4.115457885147447,2.976143377395711,2.8494384876374044,3.1915720101961558,2.9570340356865445,3.397281934890207,3.7384812883400724,4.493579452867481,4.5870258004367175,3.320241216635098,3.2245049599193902,2.823360759728782,3.1918632110083895,3.324097993820606,3.0927408200634874,3.377521692763356,3.006860451035512,2.447590511854784,2.245497249916315,2.750474532886432,3.035490276385337
FOODS_3_496_TX_3_validation,1.2411802240782859,1.3242744322368034,1.158200820167411,1.3635081003958935,1.2019850824244234,1.695695568990297,1.6584190350873442,1.600397244147443,1.9857027299469985,1.2366239240270536,1.4435520993374795,1.6780355377657008,1.4018843676748918,2.4186452833634418,1.5349701705439467,1.7353301865019608,1.0683146900557274,1.3590011766147347,1.369997591077314,1.7163714492555393,1.6622126933286665,1.7353301865019608,1.8494701196102088,1.3476783464217899,1.4435520993374795,1.0503696233325193,2.0195360141798817,1.6584190350873442
FOODS_3_497_TX_3_validation,0.5143277004439606,1.1052869713217042,0.9763074563088284,0.8105844270277414,1.5794437814767874,1.3116748516539858,1.0300715633893605,1.3937803295958082,0.7839997446866565,0.9737689149087059,0.9969347828299783,1.921668264693098,1.4512334911558535,1.0259092199802056,1.138817485371667,1.3049528486089832,1.0021973779099322,0.9737689149087059,1.180361941685777,1.2223261949076434,1.0259092199802056,0.947184232567621,1.103166455345786,1.3414636413069105,0.9969347828299783,1.5961795610124967,1.1778371282424605,0.9062484883374422
FOODS_3_498_TX_3_validation,3.1518851510906614,3.9186882989341867,4.297923299762972,4.909643607521633,6.015061621900089,5.0890002425304415,6.394001121824335,6.6300504428448646,7.966720646903415,7.784143243496799,7.5801128466477605,8.755287610450706,7.157535642749027,9.081332110480279,10.637382408774517,9.33305248459127,6.900352716499483,11.014703153529872,8.367472487915421,9.658261799325416,13.421820400255866,10.682887111237704,7.610971240024353,8.410886131211488,7.974314301443105,7.673328452301443,8.90958098532495,10.10725631496865
FOODS_3_499_TX_3_validation,10.399045025293372,9.4093063373195,8.969856227467373,8.011854404283682,8.265809496450816,7.294532678525715,9.496138309929094,9.382603056771073,9.036421675965034,9.830136823025136,8.861739696809073,10.128430923804197,10.174907017702806,11.496890150325486,12.670590346353519,12.213204577819077,9.7614007640656,9.924166216021803,9.259923716251585,8.407329556899926,13.238246009300786,12.842110865245738,9.431608824334425,10.62404356984245,8.523409869016044,8.638163703297922,7.634168833202911,10.4743115994164
FOODS_3_500_TX_3_validation,0.08622543199405518,0.5227529910393613,0.7340938283642996,0.5424808774821093,0.7647285384790622,0.6429286609152048,0.8267626752937164,0.7839997446866565,0.7839997446866565,0.9737689149087059,0.8105844270277414,0.9923570306137595,0.9110322104608369,1.2175424727842485,0.947184232567621,0.947184232567621,1.0021973779099322,0.9737689149087059,1.032832088024695,1.0306929421036004,1.0259092199802056,0.947184232567621,0.7839997446866565,0.9737689149087059,0.8105844270277414,0.844214351522788,0.9110322104608369,0.9062484883374422
FOODS_3_501_TX_3_validation,6.174684753259298,3.9288321090883955,6.013045670973425,4.033860263070148,4.572410218024615,5.952748154941222,8.729863569954471,5.913653013452612,4.03752459438087,4.554453592935281,5.2153025771282335,6.5973487270629105,6.754596520694342,8.802156010549613,8.445078286728824,5.360840322301122,4.725496574411033,5.6222356503053135,5.896872846164364,8.770954274989654,11.908516540006755,8.526800844096572,5.110377518590633,7.15380131807689,5.213703649460058,5.801683046942844,7.618225857845789,10.115081145060717
FOODS_3_502_TX_3_validation,1.460035906777679,1.769853529838767,0.8711170075029506,1.1318716536627884,2.1095657933313947,0.9865850597368526,1.2464816839312531,0.9703501004888933,1.1052869713217042,1.1654021677127513,1.1354006897796332,1.3707421568661942,1.0996499469627439,1.6940501918243203,1.3151480500335369,1.6053990940548957,1.0623690760085587,0.9737689149087059,1.032832088024695,1.698833913947715,1.8634899937832914,1.814190355030006,2.176084640612256,1.2306783099798848,1.1354006897796332,1.4750614213666213,1.0863530081899133,1.2423960785004309
FOODS_3_503_TX_3_validation,4.758242233457565,4.282278861401531,3.410909822126526,1.7611777959236505,3.92031704313947,6.331264792364414,5.8443679450804575,3.617371690570805,2.822564307695811,2.486984380952842,2.321686876163148,3.9337230539874604,5.415340694401083,5.172510132147702,4.7858048916419875,3.2595672760881174,2.6906462854445428,4.509951738819882,5.1167793701741475,5.540054243958747,6.5739130945538955,5.168200730987582,4.268702120582369,3.8631991278904745,2.9512549167779905,3.589651394170638,6.126508225864584,6.644479274750699
FOODS_3_504_TX_3_validation,0.7909682577435672,1.288276136879274,0.9042167012156462,1.466800118008778,1.9136293347658888,3.0758182884157,1.83303622261077,1.5054362576439486,1.5054362576439486,2.020947995171075,1.8506381265739367,2.3468992798865247,2.2082175594211946,2.149285488885117,1.8983985520583426,2.509741619309317,2.0223663784066366,2.587517565169232,2.118527099137193,3.6596872418544435,3.1739483873887235,2.2304627538271107,1.9587403519843334,1.9249832343994269,2.0976042127792756,1.904798471335612,3.3226708588156053,2.5835402732196213
FOODS_3_505_TX_3_validation,1.081151331326722,0.9111506660100535,1.0197349132177573,0.5600184127899338,0.9855749618825299,1.9337085869111073,0.9860404791723297,1.4113178649036324,0.801537279994481,0.9913064502165304,1.0144723181378041,1.3775892923197883,1.26471733593165,1.2350800080920727,1.1563550206794913,0.9647217678754455,1.158200820167411,1.3590011766147347,0.8617518868306125,1.2398637302154676,1.411141481686232,1.6229366293627199,1.0387347933343591,1.1829397030205755,0.8281219623355659,0.8617518868306125,1.5594168156124943,1.177292547677937
FOODS_3_506_TX_3_validation,0.1037629673018797,0.7266408821494227,1.1546717840505663,0.5600184127899338,0.5936483372849805,0.6604661962230294,0.6556824740996346,0.801537279994481,0.801537279994481,0.9913064502165304,0.8281219623355659,1.0098945659215852,1.117187482270568,1.0434467552880298,1.1563550206794913,0.9647217678754455,1.0197349132177573,0.9913064502165304,0.8617518868306125,1.0482304774114246,1.0434467552880298,0.9647217678754455,0.801537279994481,1.3590011766147347,0.8281219623355659,0.8617518868306125,0.9285697457686615,0.9237860236452667
FOODS_3_507_TX_3_validation,0.08622543199405518,0.5227529910393613,0.7340938283642996,0.7288312332843461,0.5761108019771559,0.9110322104608369,0.8267626752937164,0.7839997446866565,0.7839997446866565,1.1654021677127513,0.8105844270277414,0.9923570306137595,0.9110322104608369,1.0259092199802056,0.947184232567621,0.947184232567621,0.8135796414080254,0.9737689149087059,0.844214351522788,1.0306929421036004,1.0259092199802056,0.947184232567621,0.7839997446866565,0.9737689149087059,0.8105844270277414,0.844214351522788,1.0996499469627439,0.9062484883374422
FOODS_3_508_TX_3_validation,0.5676330271039279,1.397193194312577,0.9073185328341784,1.7142960904853453,1.69807280847663,2.0949162580676144,1.8882658881786507,1.6143096146554108,1.6143096146554108,1.6872695362480286,1.8510032918501684,2.19146529710712,2.613514717134666,2.5457225303779207,2.720745975144569,2.1912039273217943,1.7427772443491996,2.3104132898907417,2.2173355203312526,2.8375328752909543,2.9549178156904037,2.6301108849401196,2.2105049775831422,1.9280850660179594,1.7730227105252323,1.995573011694858,2.613482032956641,2.7071462079747515
FOODS_3_509_TX_3_validation,0.3242535634976318,0.5227529910393613,0.7340938283642996,0.5424808774821093,0.5761108019771559,0.6429286609152048,0.8267626752937164,0.7839997446866565,0.7839997446866565,0.9737689149087059,0.9969347828299783,0.9923570306137595,1.0996499469627439,1.0259092199802056,1.138817485371667,0.947184232567621,0.8135796414080254,1.1654021677127513,1.032832088024695,1.0306929421036004,1.2175424727842485,0.947184232567621,0.7839997446866565,0.9737689149087059,0.8105844270277414,0.844214351522788,0.9110322104608369,0.9062484883374422
FOODS_3_510_TX_3_validation,1.103166455345786,0.5227529910393613,0.5454760918623933,0.7288312332843461,1.0195351492518645,0.6429286609152048,0.9062484883374422,0.7839997446866565,0.7839997446866565,0.9737689149087059,0.9969347828299783,0.9923570306137595,0.9110322104608369,1.2175424727842485,0.947184232567621,1.138817485371667,0.8135796414080254,0.9737689149087059,1.4750614213666213,1.0306929421036004,1.0259092199802056,1.138817485371667,0.7839997446866565,0.9737689149087059,0.8105844270277414,1.1844475471165992,0.9110322104608369,1.094866224839349
FOODS_3_511_TX_3_validation,9.988800755548212,7.350151648205215,6.64071817929581,5.556418518097229,8.036579850592053,7.568753191962242,9.521228150887445,7.9861115390697135,7.691541053489762,8.17187979009494,6.372907660332318,9.246477944040633,9.528727922529388,10.384127572145148,10.20902014036992,11.1021767440778,8.220946480937489,8.17777897177459,7.849188390381928,10.4092528632353,12.030221976795364,12.752995670913094,8.896091492529383,10.295817990160844,7.763168982169272,8.924516668804042,9.590407322998434,10.620103556491278
FOODS_3_512_TX_3_validation,0.08622543199405518,0.5227529910393613,0.5454760918623933,0.5424808774821093,0.5761108019771559,0.6429286609152048,0.6381449387918101,0.7839997446866565,0.7839997446866565,0.9737689149087059,0.8105844270277414,0.9923570306137595,0.9110322104608369,1.0259092199802056,0.947184232567621,0.947184232567621,0.8135796414080254,0.9737689149087059,0.844214351522788,1.0306929421036004,1.2175424727842485,0.947184232567621,0.7839997446866565,0.9737689149087059,0.8105844270277414,0.844214351522788,0.9110322104608369,0.9062484883374422
FOODS_3_513_TX_3_validation,0.33873405261982326,0.5372334801615528,1.0166778670321244,1.5799328224316904,0.9105543947261034,0.6574091500373963,0.6541728678292488,0.7984802338088479,0.7984802338088479,1.6563903758750143,1.515379001229026,1.3887390670391373,0.9255126995830284,1.041937149017644,0.9616647216898124,0.9616647216898124,1.3105632998063963,1.9049676552819634,1.20984536932431,1.0451734312257916,1.041937149017644,0.9616647216898124,0.7984802338088479,1.1798826568349425,1.1463521427849797,0.8586948406449795,0.9255126995830284,0.9222764173748809
FOODS_3_514_TX_3_validation,0.7843912582659542,1.1176469444679773,1.585195417511644,1.515379001229026,1.8023478314467436,2.5465088930094417,1.8941301672242723,1.1414492725416558,1.5293789583638748,1.558497806699398,1.2647078602337372,1.5817667745743533,1.8498439312761685,2.810091232048816,1.9780779455900088,1.7322731403163278,1.5206415963089797,1.554040313410279,1.582932950641118,1.5994487151346168,2.2415086549265872,1.5319131243583137,1.3161037592175895,1.3540415474550596,1.3053007047264427,1.0340156383740557,1.1008334973121046,1.0975972151039568
FOODS_3_515_TX_3_validation,1.5656448908587521,1.2986516105167965,0.9617438754695712,0.9044269883984825,1.208926472365874,0.8169828165778539,1.7302370613876672,1.2206710291918599,1.0886028745065288,1.3269000604676533,1.120837108940376,1.1694267025785476,1.2367018252153907,1.2258884566573311,0.9326206517283637,1.7188731136856839,1.1558444012619007,0.9592053340694486,0.8296507706835308,1.2077626140683861,1.6652434525827982,1.3005844691942796,1.244022400331147,1.3269000604676533,0.7960208461884841,0.8296507706835308,0.8964686296215797,1.3999306117448864
FOODS_3_516_TX_3_validation,7.940926661111882,7.764195419606561,7.204338147345214,6.661765754148606,5.9271200896588,7.300144009603909,11.040489550379874,8.606508304748294,7.327564535677638,6.1935265074214145,5.3041808077820445,6.28849195512219,8.077711839780218,10.272724253885817,9.055359476115479,7.977152717118137,7.431949301764187,6.911475803161597,7.111617690489048,8.270059295915729,9.762223333269757,9.570153073620025,8.142183254468852,8.605744552173519,6.380502874295065,6.09853648410841,7.300144009603909,8.433342605428484
FOODS_3_517_TX_3_validation,0.07166185115479802,0.5081894102001041,0.5309125110231361,0.527917296642852,0.5615472211378987,0.8169828165778539,0.6235813579525529,0.7694361638473992,0.7694361638473992,0.9592053340694486,0.7960208461884841,0.9777934497745022,1.0850863661234866,1.0113456391409483,0.9326206517283637,0.9326206517283637,0.7990160605687682,0.9592053340694486,0.8296507706835308,1.2077626140683861,1.0113456391409483,0.9326206517283637,0.7694361638473992,0.9592053340694486,0.7960208461884841,0.8296507706835308,0.8964686296215797,0.891684907498185
FOODS_3_518_TX_3_validation,0.07166185115479802,0.5081894102001041,0.5309125110231361,0.527917296642852,0.9534738457354481,0.8964686296215797,0.6235813579525529,0.955786519649636,0.7694361638473992,0.9592053340694486,0.7960208461884841,0.9777934497745022,0.8964686296215797,1.2029788919449913,0.9326206517283637,0.9326206517283637,0.9876337970706744,0.9592053340694486,0.8296507706835308,1.0161293612643432,1.0113456391409483,0.9326206517283637,0.7694361638473992,0.9592053340694486,0.7960208461884841,0.8296507706835308,1.0850863661234866,0.891684907498185
FOODS_3_519_TX_3_validation,2.020025516182887,4.960695555025693,2.5814570301283677,1.6276673179753962,1.525384531548988,2.5863026161379197,2.180029257226356,3.1181156137628627,3.295018983731154,2.9156180932846434,2.5424709995386174,2.440740858179907,2.613482032956641,2.5033618722540725,4.845363603407448,3.1887990138690796,2.402469005469644,2.2744296000863975,1.9153250496702523,2.8375328752909543,2.9125571575665554,3.465605010587102,4.091980710304836,2.5598547560594245,2.0557136762012016,1.9153250496702523,2.3147710085257143,2.3667749074692397
FOODS_3_520_TX_3_validation,1.2411802240782859,1.1207039906536103,0.5630136271702179,0.7463687685921706,1.0503696233325193,1.322088605853269,1.0991068213743427,1.5324360045495078,1.0387347933343591,0.9913064502165304,0.8281219623355659,1.201527818725629,1.117187482270568,1.0434467552880298,1.517131929528733,2.113517785979505,1.0683146900557274,1.3590011766147347,1.0503696233325193,1.0482304774114246,1.2350800080920727,1.517131929528733,1.3191608054032224,0.9913064502165304,0.8281219623355659,1.0503696233325193,0.9285697457686615,1.2640192192390773
FOODS_3_521_TX_3_validation,0.5227529910393613,0.7839997446866565,0.7340938283642996,0.5424808774821093,0.7647285384790622,0.6429286609152048,0.9062484883374422,0.7839997446866565,0.9703501004888933,1.1654021677127513,0.8105844270277414,0.9923570306137595,0.9110322104608369,1.2175424727842485,1.138817485371667,0.947184232567621,0.8135796414080254,0.9737689149087059,0.844214351522788,1.0306929421036004,1.2175424727842485,0.947184232567621,0.9703501004888933,0.9737689149087059,0.8105844270277414,0.844214351522788,0.9110322104608369,1.094866224839349
FOODS_3_522_TX_3_validation,0.6327236683072046,0.5227529910393613,0.5454760918623933,0.5424808774821093,0.5761108019771559,0.6429286609152048,0.6381449387918101,0.7839997446866565,0.7839997446866565,1.3414636413069105,0.8105844270277414,0.9923570306137595,0.9110322104608369,1.0259092199802056,0.947184232567621,0.947184232567621,0.8135796414080254,0.9737689149087059,0.844214351522788,1.0306929421036004,1.3936039463784078,1.3049528486089832,0.7839997446866565,0.9737689149087059,0.8105844270277414,0.844214351522788,0.9110322104608369,0.9062484883374422
FOODS_3_523_TX_3_validation,1.9325606161869517,2.2894526417292997,1.5177530284474439,1.6641216854890066,1.3942042709669802,2.2258216116034557,1.7878919092063785,2.176084640612256,2.176084640612256,3.152334754447107,1.5815880191702123,2.188200731433245,2.0222319222812657,2.771305153030913,3.603476484936318,3.3362570389341677,2.4159355910150735,2.5123343391047324,2.5740715967998344,2.495516812236586,2.9241102527733616,3.130580887112397,2.1239996427879344,1.7658953651527194,2.105881473137312,1.9043661945714514,2.0222319222812657,2.242801248996934
FOODS_3_524_TX_3_validation,0.23811474880638867,0.9701056749879348,0.9928287758109667,1.0230742419870016,1.132758419085549,1.4243613430877782,1.6614342816336656,1.7281465165787635,1.6925082534932474,1.8712397004787948,1.7553993647733752,2.0387634704129396,2.3077654009445268,3.233541872162282,2.410812354638076,2.08547054790764,1.9267474085799654,2.164911452656116,2.0992952139010175,2.6863467154173355,4.000117251936348,2.683530584236612,2.167113718389133,2.1120552302487257,1.9569928747559981,2.0992952139010175,2.818988857855402,4.526418980458168
FOODS_3_525_TX_3_validation,3.6444085599238942,4.1150224250057885,3.3635233923621657,2.337046531126903,2.34321176800917,2.0222319222812657,4.376677998713293,3.0953209919779545,3.155646359771227,2.7258621258986317,3.1370413128694525,2.4346394154791984,2.530984138733763,3.328420023697983,3.186988545438663,2.6639575882372655,3.517953909601125,3.0309207605544723,2.5740715967998344,3.7975145753740036,3.624411316226621,2.5300968231189636,2.8549133545127967,2.9098963692957294,1.9845390434914745,1.6382781207342432,2.1086658355417334,3.6023635697598935
FOODS_3_526_TX_3_validation,1.501482701494896,1.5944516301002742,1.322615886779702,1.2908202156042514,0.844214351522788,1.0863530081899133,1.878943633403024,1.3132151913560537,1.8243122820777715,1.341732732374621,0.8105844270277414,2.0389325816697115,1.4512334911558535,1.4042943462326378,2.7548358328003126,2.992729403458931,1.8210330087604505,2.896077080570909,3.545900170266169,2.046935035090645,3.424636951360417,2.2373995694321085,1.6248880173299165,1.5556092388378622,1.8368122451593594,2.075273915067367,1.6589636156518677,2.242801248996934
FOODS_3_527_TX_3_validation,0.6460105503233632,0.9080936198244204,0.5599565809845848,0.5569613666043007,0.5905912910993474,0.6574091500373963,0.6541728678292488,0.7984802338088479,0.9848305896110847,0.9882494040308973,0.8250649161499328,1.0068375197359523,0.9255126995830284,1.041937149017644,1.1532979744938583,0.9616647216898124,0.8280601305302169,0.9882494040308973,1.1989280362387904,1.4128681576239939,1.2335704018216869,1.1532979744938583,0.7984802338088479,0.9882494040308973,0.8250649161499328,0.8586948406449795,0.9255126995830284,0.9222764173748809
FOODS_3_528_TX_3_validation,0.10070592111624665,0.7235838359637896,0.8280601305302169,0.5569613666043007,0.5905912910993474,0.8460268865393026,0.842790604331155,0.7984802338088479,0.7984802338088479,1.7986711347473245,1.0622624294898104,1.0068375197359523,1.1141304360849351,1.2335704018216869,0.9616647216898124,0.9616647216898124,1.1516147378649333,1.3559441304291018,0.8586948406449795,1.2368066840298346,1.2335704018216869,0.9616647216898124,0.7984802338088479,1.1798826568349425,0.8250649161499328,0.8586948406449795,0.9255126995830284,0.9222764173748809
FOODS_3_529_TX_3_validation,0.6502612036150291,0.5402905263471859,0.5630136271702179,0.5600184127899338,1.0370726845596887,0.9285697457686615,0.6556824740996346,0.801537279994481,1.4113178649036324,0.9913064502165304,0.8281219623355659,1.0098945659215852,1.2688029413624722,1.2350800080920727,1.3224903839168074,0.9647217678754455,0.83111717671585,0.9913064502165304,1.4925989566744455,1.0482304774114246,1.2350800080920727,1.3224903839168074,0.801537279994481,0.9913064502165304,0.8281219623355659,1.2019850824244234,1.117187482270568,0.9237860236452667
FOODS_3_530_TX_3_validation,7.885615961380775,6.533946454679885,8.406689687535977,6.0720242032637906,5.884852156516625,6.63178504266864,7.967833848578478,6.129945101641362,4.856143219840047,5.739847236672965,4.788933599169208,5.470746887954607,6.651311814351643,6.662285642990995,5.760648908043325,5.177376966841277,4.532885533324392,5.50413576145123,6.904286279144847,7.475757624354931,8.526534766865266,7.94871103108669,6.364844214002314,7.566580493616687,6.966245647304468,7.5415184129993404,8.302906097198758,8.540448397558526
FOODS_3_531_TX_3_validation,0.5227529910393613,0.9703501004888933,0.7340938283642996,0.8105844270277414,0.5761108019771559,1.0348552855127553,1.094866224839349,0.7839997446866565,0.7839997446866565,0.9737689149087059,0.8105844270277414,1.3600517570119641,1.0996499469627439,1.2175424727842485,1.3049528486089832,0.947184232567621,1.0021973779099322,0.9737689149087059,1.032832088024695,1.3983876685018026,1.0259092199802056,0.947184232567621,0.9703501004888933,0.9737689149087059,0.9969347828299783,0.844214351522788,0.9110322104608369,1.094866224839349
FOODS_3_532_TX_3_validation,1.3829996600138736,0.7929054146638992,1.304988480661448,0.7377369032615888,1.0284408192291075,0.9199378804380797,0.8356683452709591,0.7929054146638992,0.979255770466136,0.9826745848859486,0.8194900970049841,1.368957426989207,1.260171076031891,1.0348148899574485,1.6143047640321386,1.4923391597163302,1.1495689548368297,1.3503693112841535,1.041737758001938,1.4072933384790456,1.4025096163556507,1.5085000641981519,1.1358744533967076,1.3503693112841535,0.8194900970049841,1.1933532170938421,1.1085556169399868,0.9151541583146849
FOODS_3_533_TX_3_validation,1.2730664702925956,0.9080936198244204,1.155143773981778,1.3604510542102606,1.0473125771468863,0.8460268865393026,1.2625096129686915,1.1176469444679773,0.7984802338088479,1.3559441304291018,0.8250649161499328,1.0068375197359523,0.9255126995830284,1.041937149017644,1.1532979744938583,1.3194333377311744,1.5668757878776756,1.36423684208723,1.1989280362387904,1.0451734312257916,1.7100781208617586,1.4979139788612785,0.7984802338088479,1.3540415474550596,1.4404950531518466,1.0473125771468863,0.9255126995830284,1.2584240075378692
FOODS_3_534_TX_3_validation,0.8487492441023111,1.1172342300047515,1.3080300693672524,0.9852595006115921,1.4064081117941052,1.6919389418907436,1.4669886466499653,0.795947003369704,0.795947003369704,1.8669015395579125,1.1655007244435962,1.1959375421008522,1.4312251733905859,1.4055512050614551,0.9591314912506685,1.1507647440547144,1.1490815074257894,1.1773494263957986,1.0447793467077424,1.2342734535906907,1.229489731467296,0.9591314912506685,1.1151137140288334,1.353410899989958,1.1473479484626805,1.4870086800496687,1.1115972056457912,1.2584289426143005
FOODS_3_535_TX_3_validation,0.13099575434523936,0.577122844761059,0.8679494951297231,0.5968507312038069,1.4603133456522168,0.6972985146369025,0.8826799689306613,0.8383695984083541,0.8383695984083541,1.0281387686304049,1.051304636551677,1.238360137139502,1.154019800684441,1.0818265136171499,1.0015540862893189,1.1931873390933643,0.8679494951297231,1.2197720214344485,0.8985842052444857,1.7757003603363632,1.3770716798651077,1.0015540862893189,0.8383695984083541,1.2197720214344485,0.864954280749439,1.2458187452907465,1.2443343559221123,0.9621657819743871
FOODS_3_536_TX_3_validation,0.3331592334748746,0.5316586610166041,0.5543817618396361,0.7377369032615888,0.5850164719543987,0.6518343308924476,0.6470506087690528,0.7929054146638992,1.112072125323029,0.9826745848859486,1.005840452807222,1.1928959533950478,0.9199378804380797,1.2264481427614915,1.14772315534891,0.9560899025448637,0.8224853113852681,0.9826745848859486,0.8531200215000307,1.0395986120808434,1.4025096163556507,0.9560899025448637,0.7929054146638992,0.9826745848859486,0.8194900970049841,0.8531200215000307,0.9199378804380797,0.9151541583146849
FOODS_3_537_TX_3_validation,1.1583628277095392,0.5402905263471859,0.993844991616653,1.2062238895782542,0.7822660737868867,1.4368154500153627,1.259933613808255,0.9878876357967178,1.1207039906536103,0.9913064502165304,1.1529382250874574,1.820316296638011,1.1868459541026928,1.8538684860044548,1.3210936640807056,0.9647217678754455,0.83111717671585,0.9913064502165304,1.369997591077314,1.0482304774114246,1.61837601012643,1.2100392416859693,0.801537279994481,1.3590011766147347,0.8281219623355659,0.8617518868306125,1.2688029413624722,1.4320317278919679
FOODS_3_538_TX_3_validation,1.2206243993091412,1.2206243993091412,0.8926256319702418,1.2804497622065423,0.9705847057208599,1.5771609588248712,1.6679758035513608,2.237956449633632,1.4938451883985442,1.3912358858240443,1.283515510589269,1.457148365164953,2.2123201169112,2.049622866406897,1.970070961139681,2.2107075755751437,2.406590336918841,1.8364872801862178,2.131312703237333,2.0591762728316527,2.049622866406897,1.970070961139681,1.7764850280888305,1.9133921651540224,1.8363103909862315,1.8081513651595296,2.1967919218307395,1.965476006769589
FOODS_3_539_TX_3_validation,0.09513110197129801,0.9025188006794717,0.5543817618396361,0.551386547459352,0.5850164719543987,0.8404520673943539,0.6470506087690528,0.979255770466136,0.7929054146638992,0.9826745848859486,0.8194900970049841,1.0012627005910035,0.9199378804380797,1.0348148899574485,0.9560899025448637,0.9560899025448637,0.8224853113852681,1.1743078376899942,1.6050852309897397,1.4366647451313277,1.0348148899574485,0.9560899025448637,0.7929054146638992,0.9826745848859486,0.8194900970049841,1.0284408192291075,0.9199378804380797,0.9151541583146849
FOODS_3_540_TX_3_validation,6.5170125936873555,3.8312570267433474,2.3938557032169383,3.329709002990481,4.686366692075157,4.437776503766597,5.147959608810798,5.34634613002104,4.214783439798964,3.3601361664783123,2.902674163474266,3.6048598318361122,3.7964207117164457,3.8146376404358535,4.791569768869023,4.746924462632676,2.9187768988205742,3.62088473892161,4.285839674363004,4.143847280652607,5.229185742701248,5.607823133700505,4.297761185076859,2.9826329358086197,2.834396728532801,3.887598268041885,4.483901885910186,5.30492273790322
FOODS_3_541_TX_3_validation,0.23811474880638867,0.9701056749879348,0.9928287758109667,1.0230742419870016,1.132758419085549,1.4243613430877782,1.6614342816336656,1.7281465165787635,1.6925082534932474,1.8712397004787948,1.7553993647733752,2.0387634704129396,2.3077654009445268,3.233541872162282,2.410812354638076,2.08547054790764,1.9267474085799654,2.164911452656116,2.0992952139010175,2.6863467154173355,4.000117251936348,2.683530584236612,2.167113718389133,2.1120552302487257,1.9569928747559981,2.0992952139010175,2.818988857855402,4.526418980458168
FOODS_3_542_TX_3_validation,0.08622543199405518,0.5227529910393613,0.5454760918623933,0.5424808774821093,0.5761108019771559,0.6429286609152048,0.6381449387918101,0.7839997446866565,0.7839997446866565,0.9737689149087059,0.8105844270277414,0.9923570306137595,0.9110322104608369,1.0259092199802056,0.947184232567621,0.947184232567621,0.8135796414080254,0.9737689149087059,0.844214351522788,1.0306929421036004,1.0259092199802056,0.947184232567621,0.7839997446866565,0.9737689149087059,0.8105844270277414,0.844214351522788,0.9110322104608369,0.9062484883374422
FOODS_3_543_TX_3_validation,0.1037629673018797,0.5402905263471859,0.5630136271702179,0.5600184127899338,0.8617518868306125,0.6604661962230294,0.6556824740996346,0.801537279994481,0.801537279994481,0.9913064502165304,0.8281219623355659,1.0098945659215852,0.9285697457686615,1.0434467552880298,1.1563550206794913,0.9647217678754455,0.83111717671585,1.1829397030205755,0.8617518868306125,1.0482304774114246,1.0434467552880298,0.9647217678754455,0.801537279994481,0.9913064502165304,0.8281219623355659,1.0503696233325193,0.9285697457686615,0.9237860236452667
FOODS_3_544_TX_3_validation,0.8457076553965063,0.7929054146638992,0.5543817618396361,0.7377369032615888,1.4033665230883008,0.6518343308924476,1.0904749560437614,0.979255770466136,0.7929054146638992,0.9826745848859486,1.005840452807222,1.0012627005910035,1.260171076031891,1.0348148899574485,0.9560899025448637,0.9560899025448637,1.0111030478871756,1.1743078376899942,1.041737758001938,1.0395986120808434,1.2264481427614915,0.9560899025448637,0.979255770466136,0.9826745848859486,0.8194900970049841,1.4839670913438643,0.9199378804380797,1.255387353908496
FOODS_3_545_TX_3_validation,2.264454747598962,1.7101315992451045,1.905473320280716,1.8622652790551468,1.525384531548988,2.109800562969297,2.1024153372934693,1.7881121805700406,1.7101315992451045,3.0219297777678946,2.0557136762012016,2.19146529710712,2.613514717134666,2.5457225303779207,2.2335645854456425,1.9847638620036179,2.0040710661422394,1.9809412884253492,2.511105722379183,2.975866849323243,3.8452465744944195,2.497362268883025,1.9941413333541473,1.9280850660179594,1.8510032918501684,2.1766188714632935,2.391719524320248,2.9290158322246036
FOODS_3_546_TX_3_validation,3.659572851830079,3.554388948258945,3.267738661604777,2.215660180628664,3.6222184886836106,3.053621683625107,3.140717747568033,4.03821358820424,3.18537850805905,4.082745276472158,2.4834352121577896,4.492713920122536,4.562764016215855,3.7587565931024334,5.0037419712359155,4.2353432549639365,3.659132963907789,4.239606412909627,3.770625157553654,4.168522709131746,4.008621168792137,4.894881717574925,3.723333880973252,4.467409139220013,2.831159356418415,4.298349575357857,3.6364964928656045,3.354849126206288
FOODS_3_547_TX_3_validation,2.100488688461826,3.7925384283964494,4.442351056759017,4.223352819687691,4.91726878366247,11.03144156720385,10.58799062809677,6.115492303489882,5.5875808165223395,7.364314853169044,5.835172865121517,7.925737859511629,9.076059012422292,10.746021477816342,9.669820231501982,11.085921673817245,7.0521486826824225,8.358389433600825,9.226124948828001,10.046546962842944,10.876157376847734,9.992642296932837,7.930939011929933,8.410886131211488,7.106784314626654,7.202759751699525,10.814260988389032,9.929709426269053
FOODS_3_548_TX_3_validation,0.39350192969759756,0.7091033468415981,0.8135796414080254,0.5424808774821093,0.7647285384790622,0.9110322104608369,0.8267626752937164,0.7839997446866565,0.7839997446866565,1.1654021677127513,0.8105844270277414,0.9923570306137595,1.251265406054648,1.2175424727842485,0.947184232567621,0.947184232567621,0.8135796414080254,0.9737689149087059,0.844214351522788,1.3983876685018026,1.2175424727842485,1.138817485371667,0.7839997446866565,1.1654021677127513,0.8105844270277414,0.844214351522788,1.0996499469627439,0.9062484883374422
FOODS_3_549_TX_3_validation,0.6315300612011717,0.7091033468415981,0.8135796414080254,0.5424808774821093,0.5761108019771559,0.9110322104608369,0.8267626752937164,0.7839997446866565,0.7839997446866565,0.9737689149087059,0.8105844270277414,0.9923570306137595,0.9110322104608369,1.0259092199802056,0.947184232567621,0.947184232567621,0.8135796414080254,1.1654021677127513,0.844214351522788,1.0306929421036004,1.0259092199802056,1.138817485371667,0.7839997446866565,1.1654021677127513,0.8105844270277414,0.844214351522788,1.0996499469627439,0.9062484883374422
FOODS_3_550_TX_3_validation,0.09513110197129801,0.5316586610166041,0.5543817618396361,0.551386547459352,0.5850164719543987,0.6518343308924476,0.6470506087690528,0.7929054146638992,0.7929054146638992,0.9826745848859486,0.8194900970049841,1.0012627005910035,0.9199378804380797,1.2264481427614915,0.9560899025448637,0.9560899025448637,0.8224853113852681,1.1743078376899942,0.8531200215000307,1.0395986120808434,1.0348148899574485,0.9560899025448637,0.7929054146638992,0.9826745848859486,0.8194900970049841,0.8531200215000307,0.9199378804380797,0.9151541583146849
FOODS_3_551_TX_3_validation,1.1601247438777837,1.4719831654607263,0.7460410870473472,2.0093535072653284,0.9080211642869596,1.34814232060518,0.9181957470204898,0.795947003369704,0.795947003369704,0.9857161735917535,0.9852595006115921,1.0043042892968084,0.9229794691438845,1.4055512050614551,0.9591314912506685,1.8303907468599852,1.1707633195235498,1.1773494263957986,0.8561616102058356,1.8530619315030727,1.6199563987354253,1.814545692452398,1.843879842985432,1.2310336474022767,0.8225316857107889,0.8561616102058356,1.7757747814356315,1.4669886466499653
FOODS_3_552_TX_3_validation,0.8429608557427879,0.7839997446866565,0.5454760918623933,0.5424808774821093,1.2336340606771454,1.2471798006238257,1.29976734842205,0.7839997446866565,0.7839997446866565,0.9737689149087059,0.8105844270277414,1.1839902834178049,1.251265406054648,1.2175424727842485,1.747679852927206,1.2040936276388006,0.8135796414080254,0.9737689149087059,1.5961795610124967,1.3252333622069403,1.2175424727842485,1.499594394220909,0.9703501004888933,0.9737689149087059,0.8105844270277414,1.6970096638145353,1.4512334911558535,0.9062484883374422
FOODS_3_553_TX_3_validation,1.1524172136623705,0.5227529910393613,1.0021973779099322,0.5424808774821093,0.9680374265747054,0.6429286609152048,1.0815692860665185,0.9703501004888933,0.9703501004888933,0.9737689149087059,0.8105844270277414,1.3600517570119641,1.0996499469627439,1.0259092199802056,0.947184232567621,0.947184232567621,1.0021973779099322,0.9737689149087059,0.844214351522788,1.0306929421036004,1.2175424727842485,0.947184232567621,0.7839997446866565,1.1654021677127513,0.8105844270277414,0.844214351522788,0.9110322104608369,1.2464816839312531
FOODS_3_554_TX_3_validation,0.1037629673018797,0.5402905263471859,0.83111717671585,0.5600184127899338,0.5936483372849805,0.6604661962230294,0.6556824740996346,0.9878876357967178,0.801537279994481,0.9913064502165304,0.8281219623355659,1.0098945659215852,0.9285697457686615,1.2350800080920727,1.1563550206794913,1.1563550206794913,0.83111717671585,0.9913064502165304,0.8617518868306125,1.0482304774114246,1.0434467552880298,0.9647217678754455,0.801537279994481,1.1829397030205755,0.8281219623355659,0.8617518868306125,0.9285697457686615,0.9237860236452667
FOODS_3_555_TX_3_validation,29.88021387559583,28.85494027755189,23.448561913151636,22.900135679833053,31.8988908312647,25.702123235878272,28.577754167509816,24.17438250016974,26.208104968471673,26.712835110389577,23.390093187296934,30.835824537927305,26.144957520431443,24.92411343220598,20.837254600061794,24.688726027812535,21.880428433887143,21.737138835476657,24.081782742796463,25.051234517205657,28.428252877429493,26.232317342117344,24.876887353343584,23.763413244337837,20.174144239449877,25.265581595967177,23.88368728422714,28.630906405198814
FOODS_3_556_TX_3_validation,0.08622543199405518,0.5227529910393613,0.5454760918623933,0.8105844270277414,0.5761108019771559,0.6429286609152048,0.6381449387918101,0.7839997446866565,0.7839997446866565,0.9737689149087059,0.8105844270277414,0.9923570306137595,0.9110322104608369,1.0259092199802056,0.947184232567621,0.947184232567621,0.8135796414080254,1.1654021677127513,0.844214351522788,1.2223261949076434,1.0259092199802056,0.947184232567621,0.7839997446866565,0.9737689149087059,0.9969347828299783,0.844214351522788,0.9110322104608369,0.9062484883374422
FOODS_3_557_TX_3_validation,3.369026432252984,3.7191064521769697,3.8247714989762716,2.1095156205129437,1.7994592635852078,3.5933535906666676,5.258162712224607,4.4441613175606625,3.7595554910067266,3.270712199152881,3.1697233327423286,3.1439661619565977,2.833452776701082,4.369053070215235,4.939310451539326,5.442001841137131,2.6995986955064915,2.2854379929228195,2.57747516147932,2.4695005758113138,4.6835475356744105,4.083999156011265,3.6638944922744043,3.515531063445834,1.8957642663183663,1.6382781207342432,2.530984138733763,4.509317709274442
FOODS_3_558_TX_3_validation,0.09513110197129801,0.5316586610166041,0.5543817618396361,0.551386547459352,0.5850164719543987,0.9199378804380797,1.0389772333666034,0.979255770466136,0.7929054146638992,1.1743078376899942,0.8194900970049841,1.0012627005910035,0.9199378804380797,1.0348148899574485,0.9560899025448637,0.9560899025448637,0.8224853113852681,0.9826745848859486,0.8531200215000307,1.0395986120808434,1.0348148899574485,0.9560899025448637,0.7929054146638992,0.9826745848859486,0.8194900970049841,0.8531200215000307,1.1085556169399868,0.9151541583146849
FOODS_3_559_TX_3_validation,0.5402905263471859,1.1207039906536103,0.5630136271702179,1.0144723181378041,0.8617518868306125,0.9285697457686615,0.9237860236452667,0.801537279994481,0.9878876357967178,1.8724918161826893,1.171091001068373,1.201527818725629,1.2688029413624722,1.7115877271321445,1.8201359690771748,1.2100392416859693,0.993844991616653,0.9913064502165304,0.8617518868306125,1.0482304774114246,1.2579895728044126,1.1666716025635588,0.9878876357967178,0.9913064502165304,1.0144723181378041,1.0503696233325193,1.117187482270568,1.1124037601471732
FOODS_3_560_TX_3_validation,1.9468927904583608,2.699394056230099,1.586850614250166,1.5124904333674902,1.681646831117941,2.0641698857054505,1.5905359288462706,1.2352346100311171,1.3067368969289792,1.3395610583328683,1.2908202156042514,1.2068998481301447,2.2097246351580497,1.6532038674684342,1.4950254109997427,0.947184232567621,1.1406632848595868,1.641909886752823,1.098917895370175,1.6056221969420006,1.8634899937832914,1.814190355030006,1.8666708277761677,1.53153620369767,1.5124904333674902,1.2069568014627743,1.0863530081899133,1.0815692860665185
FOODS_3_561_TX_3_validation,3.269035323555973,1.3577369205719443,1.5613009687327273,2.205632623762692,2.8867220919129375,3.4854102058175176,4.544837979772116,3.2651882278919087,2.75336738528945,2.33797075880295,1.3371136224137254,3.09193479239926,2.3864019764597364,3.8726298391058442,2.6874788862268066,3.177121375002846,2.0602387137874,2.161012255197925,3.412442672816449,3.1923567454755823,4.0746051830852,2.6874788862268066,1.9597712068731747,1.5529229875544497,1.5098041820840777,2.170749171265993,2.706209314215269,4.022805531449753
FOODS_3_562_TX_3_validation,2.077657509812645,1.1414492725416558,0.9387336534398847,1.3604510542102606,1.4895419104888126,3.114735799640556,1.5795148753577055,1.3161037592175895,0.7984802338088479,2.1340412834427998,1.0622624294898104,1.6749784915800678,2.0356840430887715,2.258093031091999,1.8170789228915418,1.3180366178950726,0.9907879454310199,1.7986711347473245,1.9462012572705156,1.68271219346136,1.6747062269518513,3.091756520914797,1.3353945544524377,0.9882494040308973,1.6498503127714883,1.397092838828516,2.2673311282662163,1.4048244948733208
FOODS_3_563_TX_3_validation,0.1037629673018797,0.5402905263471859,0.5630136271702179,0.5600184127899338,0.5936483372849805,0.6604661962230294,0.6556824740996346,0.801537279994481,0.801537279994481,0.9913064502165304,0.8281219623355659,1.0098945659215852,0.9285697457686615,1.0434467552880298,0.9647217678754455,0.9647217678754455,0.83111717671585,0.9913064502165304,0.8617518868306125,1.0482304774114246,1.0434467552880298,0.9647217678754455,0.801537279994481,0.9913064502165304,0.8281219623355659,0.8617518868306125,0.9285697457686615,0.9237860236452667
FOODS_3_564_TX_3_validation,0.11289074390536975,0.6714488905315512,0.6941719913545832,0.899176744087449,0.7605399958597968,0.8350687079357697,0.830284985812375,0.9408672570106204,1.566406978708794,1.3897537447028454,0.9891015506626163,1.1627344052383022,1.111343870313176,1.3956307005467123,1.0818283128017137,1.6914175910482445,1.243667942821393,1.1300626064537103,1.2254328947391087,1.2087811698660647,1.2039974477426698,1.0818283128017137,1.145015051715648,1.108412995142798,0.9891015506626163,1.0368151582372032,1.111343870313176,1.106560148189781
FOODS_3_565_TX_3_validation,1.408440306376141,3.3929812445932868,2.3423091262068563,1.339799873697138,2.73674125417732,2.6222513088323898,2.167608351533603,1.5944516301002742,2.060998252885458,2.658530803986466,1.342064827304245,2.073762587334942,2.015729123520601,2.2365906716085813,2.6220200112885377,1.7778252799388035,1.6693842805689603,1.8703166895790064,1.3942042709669802,1.2452357596199832,2.1975597661482986,1.789628394011906,2.704127732057022,1.7747940633014732,1.5124904333674902,2.0920130581694303,1.7605660639902265,2.01267851585651
FOODS_3_566_TX_3_validation,0.634906080159449,1.397193194312577,1.2648971968944465,0.9375639990102115,1.0472481761087604,6.1209824416533545,4.544113950601046,2.376811914306452,1.5085380892624811,2.0240498267896045,1.571429200542609,1.854793306182173,3.1915004207628557,4.1352768051647875,2.4639221569203302,1.9015003836768751,1.8230252063738053,2.3104132898907417,1.9153250496702523,2.5113603200556356,3.6050214465608086,2.4639221569203302,1.9941413333541473,2.0113485443447026,1.7730227105252323,1.9153250496702523,5.065483845149214,3.789567502117078
FOODS_3_567_TX_3_validation,0.11289074390536975,0.6714488905315512,0.6941719913545832,0.9891015506626163,1.253555935770502,0.8350687079357697,0.830284985812375,0.9408672570106204,1.275793104458772,1.108412995142798,0.9891015506626163,1.1627344052383022,1.111343870313176,1.3956307005467123,1.0818283128017137,1.2734615656057562,0.9704471537319883,1.1300626064537103,1.0368151582372032,1.2087811698660647,1.2039974477426698,1.0818283128017137,0.9408672570106204,1.108412995142798,1.175451906464854,1.3928074906200358,1.111343870313176,1.106560148189781
FOODS_3_568_TX_3_validation,3.3716107200057825,1.9800778057756416,1.8199594579910785,1.633231525038645,2.4750559517477946,2.5863026161379197,4.16933555486641,2.7163215353802275,1.9800778057756416,2.257557067483351,2.353386450392243,2.108201818780376,2.8130531563531247,3.3558095304084485,2.6301108849401196,2.457167256128801,2.613579217570275,2.302194703674665,1.995573011694858,2.591324352152306,3.188446596730404,2.5877502268162713,2.2105049775831422,2.5510453791444005,2.0557136762012016,1.995573011694858,2.3147710085257143,4.0721374732371345
FOODS_3_569_TX_3_validation,1.9307208565535683,0.8543395207270881,1.2079439030419348,1.2062238895782542,0.5936483372849805,0.6604661962230294,1.8964811687108483,1.3191608054032224,1.1207039906536103,1.1829397030205755,0.8281219623355659,1.6780355377657008,1.4602423170160859,1.421831881540462,1.7652173882350302,1.3210936640807056,1.158200820167411,1.1829397030205755,1.197899476993601,1.2398637302154676,1.2350800080920727,1.871513908769669,1.0387347933343591,1.6594474220606472,1.0653194756754434,0.8617518868306125,0.9285697457686615,1.5546330934890995
FOODS_3_570_TX_3_validation,2.287945032982884,1.076562366841888,1.5600857178877778,3.4111867075394398,3.296386361520103,1.7250808772389985,2.8301664998712965,3.218873387667403,1.5661300993617842,1.7278823812192095,2.1519810460572613,2.4861514683314163,3.1167807288984215,2.937659179309433,2.4776301725666663,1.7012976988781252,3.112295903862575,3.1365112188239994,1.9484808865072896,2.2707340077697267,4.215408733163069,3.564851034682874,2.089238036981287,2.0843986828790877,3.7574413593459877,3.1612963680105435,2.062307187786643,2.6511737742533166
FOODS_3_571_TX_3_validation,0.6931784926939012,0.3476844650767705,0.36712207947706216,0.7725682392014525,0.81564501444715,0.7049231380902008,0.8671574179041465,0.7498480793667103,0.5888638356102093,0.935769587356103,0.7708246680571506,0.9512115709835358,0.8681747625463708,0.820044059506919,0.9147929986656645,0.748525857907355,1.3262851839826562,0.935769587356103,0.8035758411742451,0.8210614041491439,1.1623726738593865,0.748525857907355,0.5888638356102093,0.7695024465977951,0.9092905750068051,0.9551913002661486,0.8681747625463708,0.8671574179041465
FOODS_3_572_TX_3_validation,5.728346967278562,7.132383377896203,7.55471458425704,4.6363670466623175,5.884529511399305,7.768525278010332,8.249022275303659,5.315400938642259,6.244783141050181,6.240228874262269,3.933439255174408,5.179211368578807,6.773905171147169,9.27487968636031,8.765111773477935,6.522722151096439,5.715359013310134,5.297128757925388,5.4166076259213645,8.178867212446134,7.496752825782663,7.864086790970298,7.721879634148952,7.347817310866885,4.425338612849413,4.936182162330858,7.410839778446267,5.7566125990198875
FOODS_3_573_TX_3_validation,0.1708814148857526,1.397193194312577,1.8490190068383519,1.2876362691396415,2.900650784143887,2.3693658380767197,1.5272536994377277,1.5085380892624811,1.5085380892624811,2.257557067483351,1.571429200542609,2.401690130441425,2.0177340444257372,2.189627945313504,1.9015003836768751,1.9015003836768751,2.325408364915879,2.0642047667520935,1.9153250496702523,2.182128866087649,2.189627945313504,1.9015003836768751,1.9941413333541473,2.0113485443447026,1.7730227105252323,3.179408125254678,2.5815143529971922,2.3301454125302765
FOODS_3_574_TX_3_validation,10.932345888876492,6.6474288442496645,5.424035142066069,5.900437485867049,6.062094001392665,8.7273816564321,10.97533006171861,8.752854227089978,7.81338921843288,5.059652889449635,5.303088724812711,7.677093523369587,6.9289527447118004,10.292815500464089,10.430568746978619,9.449747382162233,7.730603696024945,7.683054719437189,8.63652559489822,7.8093900183469,10.80750374373141,10.5779629218149,7.460645965332534,6.53135679548796,6.990597209736984,6.397709825046956,8.575632839022278,11.569160896983883
FOODS_3_575_TX_3_validation,0.9467372790136968,0.5727415536233659,0.844059691197305,0.7814440751943356,0.4607842879018668,0.5276021468399152,0.9356536555197136,0.9467372790136968,0.6529366804003048,0.8415211497971824,0.839320905672719,0.8569631334246146,0.9388899377278617,1.2343913770587733,0.9823883090395786,0.8161211682812692,0.6813318762965018,0.8415211497971824,1.0236875378817176,0.8952990449144534,1.058329903464614,0.9823883090395786,0.6529366804003048,1.1838497641496504,0.6783366619162178,0.7088204543336433,0.7756383132716922,0.9356536555197136
FOODS_3_576_TX_3_validation,0.08622543199405518,0.8936131307022289,0.7340938283642996,0.5424808774821093,0.7647285384790622,0.6429286609152048,0.6381449387918101,0.7839997446866565,0.7839997446866565,1.1654021677127513,0.9969347828299783,1.1839902834178049,1.251265406054648,1.0259092199802056,1.138817485371667,0.947184232567621,1.0021973779099322,0.9737689149087059,0.844214351522788,1.0306929421036004,1.0259092199802056,0.947184232567621,0.7839997446866565,0.9737689149087059,0.8105844270277414,0.844214351522788,0.9110322104608369,0.9062484883374422
FOODS_3_577_TX_3_validation,0.3417910988054563,0.7266408821494227,0.5630136271702179,0.5600184127899338,0.5936483372849805,0.6604661962230294,0.6556824740996346,0.801537279994481,1.1207039906536103,0.9913064502165304,0.8281219623355659,1.0098945659215852,1.2688029413624722,1.0434467552880298,0.9647217678754455,0.9647217678754455,0.83111717671585,0.9913064502165304,1.0503696233325193,1.2398637302154676,1.0434467552880298,0.9647217678754455,0.801537279994481,0.9913064502165304,0.8281219623355659,0.8617518868306125,0.9285697457686615,0.9237860236452667
FOODS_3_578_TX_3_validation,2.608018177572826,1.968403072203756,2.7090290656889584,1.5452263899689394,3.3175094811493833,4.187333986469629,3.53867019690072,3.3535283102936586,2.6292883708420183,3.247657777994794,2.063607984038028,3.8505254783521328,3.8012058280077254,4.077390070649991,3.458019453704576,2.2361642643268733,2.52112942119435,3.7941964563771755,3.0027760117843005,3.397643507660404,3.326401181366509,3.782390691119729,2.310048763798889,3.181658705108877,2.4229789059497286,3.2333822994229795,3.755955662278993,2.559429284342967
FOODS_3_579_TX_3_validation,0.3242535634976318,1.16330891573492,0.5454760918623933,0.8105844270277414,0.7647285384790622,0.8315463974171111,0.6381449387918101,0.7839997446866565,0.9703501004888933,0.9737689149087059,0.8105844270277414,0.9923570306137595,0.9110322104608369,1.0259092199802056,0.947184232567621,1.138817485371667,0.8135796414080254,1.3414636413069105,1.032832088024695,1.2223261949076434,1.0259092199802056,0.947184232567621,0.7839997446866565,0.9737689149087059,0.9969347828299783,0.844214351522788,0.9110322104608369,0.9062484883374422
FOODS_3_580_TX_3_validation,0.4726121439558437,4.770675378825744,5.720508632484037,5.157464987196463,5.796297564117066,8.276709815340167,7.093812945425777,7.543994711700572,5.93415237151821,8.81822622150296,8.491436596347935,8.991836277450455,8.102882418661972,9.795322344615656,10.215865975009885,8.468392895692894,6.96839178647039,8.448467701396632,9.229666469581318,12.828632390811991,12.065750896403486,9.992602358729593,9.353059986366514,8.2637767105747,6.986325295411186,7.195255752198587,9.66019589227725,10.185326851108323
FOODS_3_581_TX_3_validation,0.1037629673018797,0.9878876357967178,0.5630136271702179,0.5600184127899338,0.5936483372849805,0.6604661962230294,0.6556824740996346,0.9878876357967178,1.1207039906536103,1.1829397030205755,0.8281219623355659,1.3775892923197883,1.117187482270568,1.0434467552880298,0.9647217678754455,0.9647217678754455,0.83111717671585,0.9913064502165304,0.8617518868306125,1.0482304774114246,1.2350800080920727,0.9647217678754455,0.9878876357967178,0.9913064502165304,0.8281219623355659,0.8617518868306125,0.9285697457686615,0.9237860236452667
FOODS_3_582_TX_3_validation,0.7091033468415981,0.5227529910393613,0.7340938283642996,0.9189905692377397,1.5794437814767874,1.4512334911558535,1.094866224839349,0.9703501004888933,0.9703501004888933,0.9737689149087059,0.9969347828299783,1.567286285452162,1.2858760343350597,1.0259092199802056,0.947184232567621,2.1125635558038907,1.170407982101158,1.1654021677127513,1.180361941685777,1.2223261949076434,1.0259092199802056,0.947184232567621,0.9467275595874596,0.9737689149087059,0.8105844270277414,1.5961795610124967,1.2858760343350597,1.094866224839349
FOODS_3_583_TX_3_validation,1.5873045760374642,1.3373373959149741,1.4504131017778192,1.6008850680802842,1.434609991189742,1.5913098183590053,1.9936937074400216,1.707029767626572,1.5054362576439486,1.7952221270242323,1.8363103909862315,1.8750731882176634,1.9914285573458215,2.149285488885117,1.9816620303850854,1.8983985520583426,2.3105011361959535,1.9662483875614123,1.904798471335612,2.075575416983129,2.0660220105583735,1.9816620303850854,1.7100955160092988,2.008246712726171,2.0449233474803754,1.8245505093110064,1.9914285573458215,1.9818751509210657
FOODS_3_584_TX_3_validation,1.4216676559753139,2.06424837313989,1.8199594579910785,1.8479375434674417,2.2472260364667216,1.800481803232114,1.8079808824579684,1.5085380892624811,2.284845787019351,1.9280850660179594,1.7730227105252323,2.4376738202457693,2.319744515086736,2.5190999467788973,2.1912039273217943,1.9015003836768751,1.7427772443491996,2.9233493350153923,2.2486467813181488,2.182128866087649,2.812588258439946,2.2335645854456425,2.2879115354020776,2.257557067483351,2.3209100701373546,1.995573011694858,2.097982006450341,2.3667749074692397
FOODS_3_585_TX_3_validation,0.8543395207270881,0.5402905263471859,1.158200820167411,4.107671428290376,1.7759761191254015,2.7334509981905555,1.864885626861894,1.0387347933343591,1.1207039906536103,1.3590011766147347,1.5197322801118747,2.5553751609320825,2.184191256426176,2.599322251744464,1.6922288715876972,2.488205710408774,1.0683146900557274,1.5536427222266604,1.644223734781412,1.8820522260682795,2.018728994988545,1.4517066922172035,0.9642650948952841,1.1829397030205755,1.9736568268932229,1.3199019229895428,2.1619678781920473,1.6584190350873442
FOODS_3_586_TX_3_validation,55.99406478080866,48.16627473831006,41.8426553410322,39.43531362287268,58.66034253642904,75.20043568081549,81.72775063549234,56.905743034894435,52.26398645724833,50.29363291709097,48.800449055725025,60.871646066116256,73.62903567495428,73.30883897246676,59.255100412373885,59.066029351753656,56.77924989291096,59.377956511975476,68.11086166206427,79.9017449000406,85.99500485013142,60.39193340627989,53.063871861135304,53.731104274158426,52.683838492656136,68.79231180880083,81.01402913871524,84.71779059785128
FOODS_3_587_TX_3_validation,14.100184265176278,14.584321442392142,14.775844263287977,16.284495102913688,18.097236040060345,17.993769371609734,16.77263685804154,14.626080798444246,12.275563488567583,12.3420041655348,11.770056222712277,13.695583956876305,15.977749934109982,19.269330460044493,19.291426272155345,18.532358916780716,16.533449784657023,19.045363257608845,18.50276392959388,22.667738297453738,27.77206604334176,25.772242505149304,19.836260930505908,19.09380527388503,17.727704191275784,19.03806097680369,21.2100437139589,21.163532424073104
FOODS_3_588_TX_3_validation,0.7874483044515873,0.5402905263471859,1.0197349132177573,1.1494091889706126,1.2019850824244234,0.8490839327249357,0.6556824740996346,1.1207039906536103,1.4113178649036324,1.3590011766147347,0.8281219623355659,1.0098945659215852,0.9285697457686615,1.0434467552880298,1.1563550206794913,0.9647217678754455,1.0197349132177573,1.6594474220606472,1.212902415509943,1.0482304774114246,1.2350800080920727,1.1563550206794913,0.801537279994481,1.1829397030205755,1.3083577509120756,1.0503696233325193,0.9285697457686615,0.9237860236452667
FOODS_3_589_TX_3_validation,0.8335818446538239,1.3825002934486401,1.2502042960305095,1.2804497622065423,1.3281633697811273,2.818332986167306,1.74950099256959,1.4938451883985442,1.2206243993091412,1.3912358858240443,1.283515510589269,1.6487816179689954,2.4905294397006443,3.1468419014693145,1.935695496687929,2.896578698699059,1.8763178850683129,1.8364872801862178,1.8883993271841353,2.388648274297046,2.6725831795333392,2.442474355264865,2.2280932684652472,1.9966556434807652,1.8363103909862315,1.8883993271841353,3.3657890261115315,2.5671411290681445
FOODS_3_590_TX_3_validation,1.13856070468012,1.3067368969289792,0.9763074563088284,1.504919127029532,1.3942042709669802,3.382539464611984,2.6713673855570144,1.3676040910077618,1.103166455345786,1.3414636413069105,1.8751478591389676,2.935759025936692,3.141113910064503,3.3577733358808164,2.4014978980927086,1.814190355030006,1.170407982101158,1.5361051869188362,2.57747516147932,3.429015662174711,2.834742378679419,1.7778252799388035,1.84352450556304,1.53153620369767,1.8757587399968871,1.9043661945714514,3.058296652855915,2.340768721247558
FOODS_3_591_TX_3_validation,0.8543395207270881,0.801537279994481,0.5630136271702179,0.5600184127899338,0.5936483372849805,0.6604661962230294,1.0991068213743427,0.9878876357967178,0.9878876357967178,1.3590011766147347,0.8281219623355659,1.0098945659215852,0.9285697457686615,1.0434467552880298,0.9647217678754455,0.9647217678754455,1.0197349132177573,0.9913064502165304,0.8617518868306125,1.0482304774114246,1.0434467552880298,0.9647217678754455,0.9878876357967178,0.9913064502165304,0.8281219623355659,0.8617518868306125,0.9285697457686615,1.2640192192390773
FOODS_3_592_TX_3_validation,0.884784950199521,0.6931784926939012,0.36712207947706216,0.9849662298393612,0.5578622819703731,0.8802439358192757,0.7039057934479762,0.8826644342236029,0.5888638356102093,0.935769587356103,0.9092905750068051,1.4277192900236084,0.8681747625463708,0.820044059506919,0.748525857907355,0.748525857907355,0.7760872631371041,0.935769587356103,0.6403242167180748,0.8210614041491439,0.820044059506919,1.0809283619029808,0.5888638356102093,0.7695024465977951,0.6098404243006493,0.6403242167180748,1.0197902216382753,0.8671574179041465
FOODS_3_593_TX_3_validation,0.2928557705238081,1.1021568048383161,0.844059691197305,0.591284739240942,1.0236875378817176,1.3329623988910893,0.890926377183581,0.6529366804003048,0.6529366804003048,1.1838497641496504,0.9777868126223727,0.8569631334246146,1.0905053968197664,0.8920627627063057,0.9823883090395786,0.8161211682812692,0.8445835007526725,0.8415211497971824,0.8720720787898133,0.8952990449144534,0.8920627627063057,0.8161211682812692,0.9467372790136968,1.1838497641496504,0.6783366619162178,0.8720720787898133,1.3811192710697886,0.7724020310635447
FOODS_3_594_TX_3_validation,0.23811474880638867,0.9701056749879348,0.9928287758109667,1.0230742419870016,1.132758419085549,1.4243613430877782,1.6614342816336656,1.7281465165787635,1.6925082534932474,1.8712397004787948,1.7553993647733752,2.0387634704129396,2.3077654009445268,3.233541872162282,2.410812354638076,2.08547054790764,1.9267474085799654,2.164911452656116,2.0992952139010175,2.6863467154173355,4.000117251936348,2.683530584236612,2.167113718389133,2.1120552302487257,1.9569928747559981,2.0992952139010175,2.818988857855402,4.526418980458168
FOODS_3_595_TX_3_validation,0.9541654320728487,0.5227529910393613,0.5454760918623933,0.7288312332843461,1.032832088024695,1.0348552855127553,1.2423960785004309,0.9703501004888933,1.5148984692416836,1.341732732374621,0.8105844270277414,1.3600517570119641,0.9110322104608369,1.0259092199802056,0.947184232567621,1.312976375991784,1.0021973779099322,1.1654021677127513,1.1844475471165992,1.0306929421036004,1.0259092199802056,0.947184232567621,0.7839997446866565,0.9737689149087059,0.8105844270277414,1.032832088024695,0.9110322104608369,1.2464816839312531
FOODS_3_596_TX_3_validation,1.8577668895635946,1.29106467131307,0.5630136271702179,1.1529382250874574,1.0503696233325193,2.0195360141798817,2.524756703553591,1.5039455114564186,1.1445063187272888,2.4714580676983697,1.323298905746917,1.201527818725629,1.4368154500153627,2.4386712279786673,1.4517066922172035,1.3224903839168074,1.1546717840505663,0.9913064502165304,1.2019850824244234,1.4159252038096268,2.2150973014561233,2.113517785979505,1.1445063187272888,0.9913064502165304,1.0144723181378041,1.0503696233325193,1.2688029413624722,1.4320317278919679
FOODS_3_597_TX_3_validation,0.07166185115479802,0.5081894102001041,0.5309125110231361,0.527917296642852,0.5615472211378987,0.6283650800759476,1.0155079825501032,0.7694361638473992,0.7694361638473992,0.9592053340694486,0.7960208461884841,0.9777934497745022,0.8964686296215797,1.0113456391409483,0.9326206517283637,0.9326206517283637,0.7990160605687682,0.9592053340694486,0.8296507706835308,1.0161293612643432,1.0113456391409483,0.9326206517283637,0.7694361638473992,0.9592053340694486,0.7960208461884841,0.8296507706835308,0.8964686296215797,0.891684907498185
FOODS_3_598_TX_3_validation,3.6332763648921564,3.507380847423151,1.7539096442267448,1.8368122451593594,2.8992893640344053,4.028180366177532,5.194468570168058,3.354506925626345,4.068712441880055,3.1429398133501354,2.4952320232375262,3.257484581944892,3.8389191686390123,5.575741693849792,4.812607320406853,3.402691849830133,3.7143783868136495,4.087710993112968,3.9474420196777733,4.150651239275362,4.585243062558667,4.35750654328084,2.33850686568321,2.174521523899589,2.4730954353271057,2.591016633856537,4.372700776441629,4.445420620551921
FOODS_3_599_TX_3_validation,0.08622543199405518,0.5227529910393613,0.5454760918623933,0.5424808774821093,0.5761108019771559,0.6429286609152048,0.6381449387918101,0.7839997446866565,0.7839997446866565,0.9737689149087059,0.8105844270277414,0.9923570306137595,0.9110322104608369,1.0259092199802056,0.947184232567621,0.947184232567621,0.8135796414080254,0.9737689149087059,0.844214351522788,1.0306929421036004,1.0259092199802056,0.947184232567621,0.7839997446866565,0.9737689149087059,0.8105844270277414,0.844214351522788,0.9110322104608369,0.9062484883374422
FOODS_3_600_TX_3_validation,0.39350192969759756,0.5227529910393613,0.5454760918623933,0.5424808774821093,0.5761108019771559,0.8315463974171111,0.8267626752937164,0.9703501004888933,0.7839997446866565,1.3414636413069105,0.8105844270277414,1.1839902834178049,1.0996499469627439,1.0259092199802056,1.138817485371667,0.947184232567621,1.1406632848595868,1.1654021677127513,1.032832088024695,1.2223261949076434,1.0259092199802056,1.138817485371667,0.7839997446866565,0.9737689149087059,0.8105844270277414,0.844214351522788,0.9110322104608369,0.9062484883374422
FOODS_3_601_TX_3_validation,0.08622543199405518,0.5227529910393613,0.7340938283642996,0.5424808774821093,0.5761108019771559,0.6429286609152048,0.6381449387918101,0.7839997446866565,0.7839997446866565,0.9737689149087059,0.8105844270277414,0.9923570306137595,0.9110322104608369,1.0259092199802056,0.947184232567621,0.947184232567621,0.8135796414080254,1.1654021677127513,0.844214351522788,1.0306929421036004,1.0259092199802056,0.947184232567621,0.7839997446866565,0.9737689149087059,0.8105844270277414,0.844214351522788,0.9110322104608369,0.9062484883374422
FOODS_3_602_TX_3_validation,1.3067368969289792,0.9703501004888933,1.1406632848595868,0.8105844270277414,0.7647285384790622,1.8097308656945914,2.4642563897816596,1.13856070468012,1.3937803295958082,1.3414636413069105,1.1354006897796332,1.1839902834178049,1.7638275227525841,1.6532038674684342,1.4950254109997427,1.138817485371667,1.5523952987554843,2.163698506481337,1.098917895370175,1.4090780683560327,1.9552204540595417,1.814190355030006,1.13856070468012,1.3395610583328683,1.1318716536627884,0.844214351522788,1.6799916832076962,1.4635700974145098
FOODS_3_603_TX_3_validation,0.8845954320111464,1.6941745416552665,1.3654297090562075,0.9375639990102115,2.0788270595062364,1.627793526304472,1.9160197885505676,2.036624832317889,1.7101315992451045,1.7983239586427648,1.8653310274378736,2.108201818780376,2.319744515086736,2.189627945313504,2.524648848029243,2.1912039273217943,2.325408364915879,1.9809412884253492,1.9153250496702523,2.2653923444143924,3.5832736556822686,2.8114376338046982,2.46425132540302,1.9280850660179594,1.7730227105252323,1.995573011694858,2.0177340444257372,2.6901312551218384
FOODS_3_604_TX_3_validation,1.1052869713217042,0.7839997446866565,1.431277159109609,0.9733122419285445,1.0195351492518645,0.8315463974171111,1.5370955581812753,1.2851190572659013,1.5148984692416836,1.341732732374621,0.9969347828299783,0.9923570306137595,1.251265406054648,1.2404520374965884,0.947184232567621,1.1491340672557346,0.8135796414080254,1.1654021677127513,1.032832088024695,1.0306929421036004,1.8363309506966305,1.4950254109997427,0.9703501004888933,1.1654021677127513,1.1354006897796332,1.1844475471165992,0.9110322104608369,1.2423960785004309
FOODS_3_605_TX_3_validation,1.1052869713217042,0.5227529910393613,1.0021973779099322,0.9733122419285445,1.180361941685777,1.3045510705454448,1.7492384285854126,1.0327891792871904,1.5430991197137076,1.341732732374621,0.9969347828299783,1.3600517570119641,1.5418792803046701,2.590313425884231,2.010287482145334,1.529024556496778,1.170407982101158,1.1654021677127513,1.032832088024695,1.9600041761829365,2.0097201691283115,1.729384572454792,1.2352346100311171,1.1654021677127513,1.1354006897796332,1.1844475471165992,1.0863530081899133,1.2423960785004309
FOODS_3_606_TX_3_validation,1.1336139043554792,1.1345021764933978,0.5309125110231361,0.9044269883984825,1.169883966277342,1.651256941370426,1.2617590470710467,1.0886028745065288,0.7694361638473992,1.150838586873494,0.7960208461884841,1.3454881761727069,1.2326162197845685,1.2029788919449913,1.1242539045324098,0.9326206517283637,0.7990160605687682,0.9592053340694486,1.0182685071854378,1.0161293612643432,1.2029788919449913,1.5765923548133736,1.0182255984479331,0.9592053340694486,0.7960208461884841,1.0182685071854378,1.513072541063148,1.2617590470710467
FOODS_3_607_TX_3_validation,12.60247127199391,10.249947996253827,10.911477448234718,6.235357630822445,5.423171215813,9.491563176177484,9.68729615754036,8.540945513677336,7.720743495497077,10.71070346659459,9.099812582464393,8.135408388513722,9.798714060977716,11.136736403024786,8.89984290899393,9.312276395658236,11.298198352291614,12.704766518656607,11.119488204637046,11.6314029117834,13.716826393626754,14.658109131442622,11.957356889156785,13.33388062557088,9.519723311048855,8.406724449939674,11.374456492481682,12.084183474523767
FOODS_3_608_TX_3_validation,1.2140880461000247,0.6714488905315512,1.1745949484370164,0.7128263882852118,0.7605399958597968,1.7579500769460306,1.6494851295353365,1.2140880461000247,0.9408672570106204,1.3000462479468404,1.3296769502035315,1.3543676580423447,1.3280846478464747,1.459960245063276,1.2734615656057562,1.0818283128017137,0.9704471537319883,1.3216958592577528,1.2254328947391087,1.8926812784992018,1.5181995380335198,1.4742234847564974,0.9408672570106204,1.4918668583300227,0.9891015506626163,1.0368151582372032,1.4889114402803871,1.6719849690297277
FOODS_3_609_TX_3_validation,1.4689415767549219,0.9556332295647023,2.0574771854218503,2.679167517836775,2.786439189007076,1.920915471293031,2.445175980343642,1.1358744533967076,1.5238041392189265,1.763209113869307,1.6614354342055941,1.966150038845579,1.3932525023443105,1.9641261240367847,1.4923391597163302,2.1052213555278447,1.262128255469073,2.141732148225773,1.3915180196835677,1.4072933384790456,2.2870076501668803,1.8115041037465935,1.4775699476502306,1.863859950852108,2.700950563738028,2.447247305247214,1.1782140887721115,1.2513017484776738
FOODS_3_610_TX_3_validation,1.0327891792871904,0.5227529910393613,0.8135796414080254,0.9189905692377397,1.2336340606771454,0.6429286609152048,1.0815692860665185,0.7839997446866565,0.9703501004888933,1.1654021677127513,0.8105844270277414,0.9923570306137595,0.9110322104608369,1.3936039463784078,1.3049528486089832,0.947184232567621,0.8135796414080254,1.1654021677127513,1.032832088024695,1.0306929421036004,1.2175424727842485,1.138817485371667,0.7839997446866565,1.1654021677127513,0.8105844270277414,1.4750614213666213,0.9110322104608369,1.2464816839312531
FOODS_3_611_TX_3_validation,1.431808195030921,1.2732487832966781,2.1403573720199423,1.5165643858599072,1.5856090355232653,1.3313901928273197,1.5907862121536438,2.3061816443675767,1.4480933030739844,1.6438588499522113,1.634421481881202,2.2028276920716627,1.282242614226922,1.9552204540595417,1.4457610781700347,1.6053990940548957,2.2135814701260577,2.5123343391047324,2.1436828627055715,1.9452561999549889,2.2365906716085813,1.4950254109997427,1.2585859811704043,2.203871826491643,1.5861411041640705,1.313956308942374,1.0863530081899133,1.2423960785004309
FOODS_3_612_TX_3_validation,0.5347002497224089,0.795947003369704,0.7460410870473472,0.5544281361651568,0.8561616102058356,0.6548759195982524,0.9181957470204898,0.795947003369704,0.795947003369704,0.9857161735917535,0.8225316857107889,1.0043042892968084,0.9229794691438845,1.037856478663253,1.1507647440547144,0.9591314912506685,1.1526105435426341,0.9857161735917535,1.0447793467077424,1.0426402007866478,1.229489731467296,0.9591314912506685,0.9822973591719408,0.9857161735917535,0.8225316857107889,1.0447793467077424,0.9229794691438845,1.1068134835223964
FOODS_3_613_TX_3_validation,0.07166185115479802,0.5081894102001041,0.5309125110231361,0.527917296642852,0.5615472211378987,0.6283650800759476,0.6235813579525529,0.955786519649636,0.7694361638473992,1.150838586873494,0.7960208461884841,0.9777934497745022,0.8964686296215797,1.0113456391409483,0.9326206517283637,0.9326206517283637,0.7990160605687682,0.9592053340694486,0.8296507706835308,1.0161293612643432,1.0113456391409483,0.9326206517283637,0.7694361638473992,0.9592053340694486,0.7960208461884841,0.8296507706835308,0.8964686296215797,0.891684907498185
FOODS_3_614_TX_3_validation,0.23811474880638867,0.9701056749879348,0.9928287758109667,1.0230742419870016,1.132758419085549,1.4243613430877782,1.6614342816336656,1.7281465165787635,1.6925082534932474,1.8712397004787948,1.7553993647733752,2.0387634704129396,2.3077654009445268,3.233541872162282,2.410812354638076,2.08547054790764,1.9267474085799654,2.164911452656116,2.0992952139010175,2.6863467154173355,4.000117251936348,2.683530584236612,2.167113718389133,2.1120552302487257,1.9569928747559981,2.0992952139010175,2.818988857855402,4.526418980458168
FOODS_3_615_TX_3_validation,0.10735580725090313,0.9678579348443076,0.5666064671192413,0.5636112527389573,1.2588635868642437,0.8526767726739591,0.6592753140486581,0.8051301199435045,0.9914804757457413,1.186532542969599,1.0180651580868276,1.0134874058706087,1.2723957813114957,1.2386728480410962,0.968314607824469,0.968314607824469,1.0233277531667808,0.9948992901655539,0.865344726779636,1.243456570164491,1.0470395952370533,0.968314607824469,1.1242968306026337,0.9948992901655539,0.8317148022845894,0.865344726779636,0.932162585717685,0.9273788635942902
FOODS_3_616_TX_3_validation,2.2835131943850397,2.4277099678725698,1.8844647434345552,2.264120066294914,1.3527990129097094,1.1320892894389185,1.3045738674690424,1.9337726925981147,1.3105289400726412,2.4778534328333515,2.30911960404168,1.383164247894189,1.260171076031891,2.2262198298471283,2.4535217532723186,2.104885920648923,2.715282774097336,2.376391413112986,1.2042705501793618,1.2312318648848863,1.4132000162098808,1.8628820434390878,1.8408382542796276,2.119725415529186,1.5098041820840777,1.0962316440867625,1.260171076031891,1.5460012281585183
FOODS_3_617_TX_3_validation,2.5463728919641215,1.501482701494896,1.0623690760085587,0.8105844270277414,1.180361941685777,1.0348552855127553,2.5325437654716243,2.1239996427879344,1.3132151913560537,0.9737689149087059,1.5471327036755307,1.3858504991776015,1.0996499469627439,2.4211336926708427,1.4457610781700347,1.138817485371667,0.8135796414080254,1.1757187495968189,0.844214351522788,1.3983876685018026,1.9552204540595417,1.814190355030006,1.13856070468012,1.1654021677127513,0.9969347828299783,1.1844475471165992,0.9110322104608369,2.0616459164050984
FOODS_3_618_TX_3_validation,3.835554405549553,2.6263588367932607,1.586850614250166,1.339799873697138,0.844214351522788,2.2258216116034557,3.954859858360275,3.4643314321778496,3.1557885416824507,1.7747940633014732,1.0593738616282746,0.9923570306137595,1.0863530081899133,1.8422746524572475,1.789628394011906,1.789628394011906,1.2648145067524854,1.641909886752823,2.3472462034617685,1.9452561999549889,2.590313425884231,3.532585501376068,1.8541093913395443,1.53153620369767,1.5124904333674902,1.3942042709669802,1.7638275227525841,2.663835251183999
FOODS_3_619_TX_3_validation,0.09513110197129801,0.7180090168188409,0.5543817618396361,0.551386547459352,0.5850164719543987,0.6518343308924476,0.6470506087690528,0.7929054146638992,0.7929054146638992,0.9826745848859486,1.005840452807222,1.0012627005910035,0.9199378804380797,1.0348148899574485,0.9560899025448637,0.9560899025448637,0.8224853113852681,0.9826745848859486,0.8531200215000307,1.0395986120808434,1.0348148899574485,0.9560899025448637,0.7929054146638992,0.9826745848859486,0.8194900970049841,0.8531200215000307,0.9199378804380797,0.9151541583146849
FOODS_3_620_TX_3_validation,0.6529366804003048,0.6529366804003048,1.0564024553069786,0.43030049548444144,0.8841412520627182,1.6030675135177026,1.1225844890366483,0.6529366804003048,0.6529366804003048,0.8415211497971824,2.0688685239759437,1.2134985686820645,1.6030675135177026,1.2729962393032652,0.9823883090395786,1.148523672276895,0.6813318762965018,1.378491309761576,0.7088204543336433,1.2483180591211511,1.058329903464614,0.9823883090395786,0.8139209241568058,0.8415211497971824,0.6783366619162178,1.0236875378817176,1.0905053968197664,0.9356536555197136
FOODS_3_621_TX_3_validation,1.288276136879274,0.8814936003926143,1.0928344377175534,1.8233157828791247,2.16302654474593,1.908114846938489,1.6843749477028376,1.7936885324464504,1.5054362576439486,1.684167704629496,2.0449233474803754,2.6386964560289505,2.265878137354927,2.149285488885117,1.9816620303850854,1.8983985520583426,1.739675412730667,2.2957203890268056,2.085844331104049,2.1588388953098727,2.0660220105583735,1.8983985520583426,1.7100955160092988,1.9249832343994269,1.7583298096612954,2.4085257849185444,2.2131910659822163,1.9818751509210657
FOODS_3_622_TX_3_validation,0.8483939066799187,0.5227529910393613,1.0021973779099322,0.5424808774821093,0.844214351522788,0.9110322104608369,1.2423960785004309,0.7839997446866565,0.7839997446866565,0.9737689149087059,1.1354006897796332,0.9923570306137595,1.0996499469627439,1.0259092199802056,0.947184232567621,0.947184232567621,1.0021973779099322,0.9737689149087059,1.1844475471165992,1.0306929421036004,1.2175424727842485,0.947184232567621,0.7839997446866565,1.1654021677127513,0.8105844270277414,1.032832088024695,1.0996499469627439,1.2464816839312531
FOODS_3_623_TX_3_validation,0.40240759967484035,0.5316586610166041,0.5543817618396361,0.551386547459352,0.5850164719543987,0.6518343308924476,0.8356683452709591,0.7929054146638992,0.7929054146638992,0.9826745848859486,0.8194900970049841,1.0012627005910035,0.9199378804380797,1.0348148899574485,1.14772315534891,0.9560899025448637,0.8224853113852681,0.9826745848859486,0.8531200215000307,1.0395986120808434,1.0348148899574485,1.14772315534891,0.7929054146638992,0.9826745848859486,0.8194900970049841,0.8531200215000307,0.9199378804380797,0.9151541583146849
FOODS_3_624_TX_3_validation,1.103166455345786,0.5227529910393613,1.3211370525068324,0.5424808774821093,0.5761108019771559,0.6429286609152048,0.9062484883374422,1.3937803295958082,1.103166455345786,1.1654021677127513,0.9969347828299783,0.9923570306137595,0.9110322104608369,1.3936039463784078,1.138817485371667,0.947184232567621,0.8135796414080254,1.3414636413069105,0.844214351522788,1.0306929421036004,1.0259092199802056,1.138817485371667,0.7839997446866565,0.9737689149087059,0.8105844270277414,0.844214351522788,0.9110322104608369,1.094866224839349
FOODS_3_625_TX_3_validation,0.1037629673018797,0.5402905263471859,0.5630136271702179,0.5600184127899338,0.5936483372849805,0.6604661962230294,0.6556824740996346,0.801537279994481,0.801537279994481,0.9913064502165304,0.8281219623355659,1.0098945659215852,0.9285697457686615,1.0434467552880298,0.9647217678754455,0.9647217678754455,0.83111717671585,0.9913064502165304,1.0503696233325193,1.0482304774114246,1.0434467552880298,0.9647217678754455,0.801537279994481,0.9913064502165304,0.8281219623355659,0.8617518868306125,0.9285697457686615,0.9237860236452667
FOODS_3_626_TX_3_validation,0.41103946500542204,0.5402905263471859,0.7516313636721241,0.5600184127899338,0.5936483372849805,0.6604661962230294,0.6556824740996346,0.801537279994481,0.801537279994481,0.9913064502165304,0.8281219623355659,1.0098945659215852,0.9285697457686615,1.0434467552880298,1.1563550206794913,0.9647217678754455,0.83111717671585,1.1829397030205755,1.0503696233325193,1.0482304774114246,1.0434467552880298,1.1563550206794913,0.801537279994481,0.9913064502165304,0.8281219623355659,0.8617518868306125,0.9285697457686615,0.9237860236452667
FOODS_3_627_TX_3_validation,0.37893834885834043,0.5081894102001041,1.1225706679034848,0.527917296642852,0.5615472211378987,1.3216314810828753,0.6235813579525529,0.7694361638473992,0.955786519649636,0.9592053340694486,0.7960208461884841,1.1694267025785476,1.651184943966174,1.3011163749429273,1.1242539045324098,1.1242539045324098,0.7990160605687682,1.150838586873494,1.0182685071854378,1.3945144875167754,1.3790403655391505,1.1242539045324098,0.7694361638473992,1.3269000604676533,0.7960208461884841,0.8296507706835308,1.513072541063148,1.1537201409784474
FOODS_3_628_TX_3_validation,2.467248488158253,1.9857027299469985,3.160531229808788,4.823133784191222,3.9573762050005676,4.233846950557642,2.52174706869278,1.980946774808559,1.8494701196102088,2.4072588800336097,2.1054276115313835,4.251596956594792,4.427078470081052,4.641845890755092,6.176259797465332,3.2530422950433606,2.0311883634677943,2.164557198876252,3.8575739856530293,4.468115111536568,4.06432959655498,4.453511570284396,2.1174597074055694,2.908474061366859,3.3172572997571876,3.602024301462697,4.427078470081052,3.32508169506556
FOODS_3_629_TX_3_validation,0.5372334801615528,0.5372334801615528,0.8280601305302169,0.5569613666043007,0.5905912910993474,1.1141304360849351,1.1108941538767874,1.1176469444679773,0.7984802338088479,0.9882494040308973,1.1498811789018244,1.0068375197359523,1.2657458951768392,1.041937149017644,0.9616647216898124,0.9616647216898124,1.0166778670321244,1.1798826568349425,1.0473125771468863,1.0451734312257916,1.2335704018216869,0.9616647216898124,0.7984802338088479,1.1798826568349425,0.8250649161499328,0.8586948406449795,1.1141304360849351,1.1108941538767874
FOODS_3_630_TX_3_validation,0.08622543199405518,0.5227529910393613,0.7340938283642996,0.5424808774821093,0.844214351522788,0.8315463974171111,0.6381449387918101,0.7839997446866565,0.7839997446866565,0.9737689149087059,0.8105844270277414,0.9923570306137595,0.9110322104608369,1.0259092199802056,0.947184232567621,0.947184232567621,0.8135796414080254,0.9737689149087059,0.844214351522788,1.0306929421036004,1.0259092199802056,0.947184232567621,0.7839997446866565,0.9737689149087059,0.8105844270277414,1.032832088024695,0.9110322104608369,0.9062484883374422
FOODS_3_631_TX_3_validation,0.1037629673018797,0.801537279994481,1.3386745878146566,0.5600184127899338,0.7822660737868867,0.8490839327249357,0.6556824740996346,1.1207039906536103,0.801537279994481,0.9913064502165304,1.1529382250874574,1.0098945659215852,0.9285697457686615,1.2350800080920727,1.3224903839168074,0.9647217678754455,0.83111717671585,0.9913064502165304,0.8617518868306125,1.0482304774114246,1.0434467552880298,0.9647217678754455,0.9878876357967178,0.9913064502165304,0.8281219623355659,0.8617518868306125,0.9285697457686615,0.9237860236452667
FOODS_3_632_TX_3_validation,0.7266408821494227,0.9642650948952841,0.5630136271702179,0.7463687685921706,0.7822660737868867,1.117187482270568,1.1124037601471732,0.9878876357967178,0.801537279994481,0.9913064502165304,0.8281219623355659,1.0098945659215852,0.9285697457686615,1.0434467552880298,0.9647217678754455,0.9647217678754455,0.83111717671585,1.1829397030205755,0.8617518868306125,1.0482304774114246,1.0434467552880298,0.9647217678754455,1.1207039906536103,0.9913064502165304,0.8281219623355659,0.8617518868306125,1.117187482270568,1.1124037601471732
FOODS_3_633_TX_3_validation,0.5081894102001041,0.6945397660023409,0.7195302475250424,0.527917296642852,0.5615472211378987,0.6283650800759476,1.0803026440000918,0.7694361638473992,0.7694361638473992,0.9592053340694486,0.7960208461884841,0.9777934497745022,0.8964686296215797,1.0113456391409483,0.9326206517283637,0.9326206517283637,0.7990160605687682,0.9592053340694486,0.8296507706835308,1.0161293612643432,1.3790403655391505,0.9326206517283637,0.7694361638473992,0.9592053340694486,0.7960208461884841,0.8296507706835308,0.8964686296215797,1.0803026440000918
FOODS_3_634_TX_3_validation,1.473622120358979,1.6206731245232742,1.2707601207996542,1.642862100786524,2.2561180024462235,1.1868459541026928,1.786194233762855,1.1445063187272888,1.1228245066295284,1.3590011766147347,0.990849777236369,1.224437383437969,1.871470996208292,1.8724988196435237,1.3210936640807056,1.1563550206794913,1.0197349132177573,1.3590011766147347,1.6472164463681644,1.6717660997534223,1.6622126933286665,1.2100392416859693,1.1207039906536103,1.3590011766147347,1.0144723181378041,1.9596239341878496,1.482132329699498,2.014752292056487
FOODS_3_635_TX_3_validation,0.23811474880638867,0.9701056749879348,0.9928287758109667,1.0230742419870016,1.132758419085549,1.4243613430877782,1.6614342816336656,1.7281465165787635,1.6925082534932474,1.8712397004787948,1.7553993647733752,2.0387634704129396,2.3077654009445268,3.233541872162282,2.410812354638076,2.08547054790764,1.9267474085799654,2.164911452656116,2.0992952139010175,2.6863467154173355,4.000117251936348,2.683530584236612,2.167113718389133,2.1120552302487257,1.9569928747559981,2.0992952139010175,2.818988857855402,4.526418980458168
FOODS_3_636_TX_3_validation,3.3748510232083975,2.3587664949134055,2.1811626469719076,2.1720335745557433,1.959811642841003,2.995717744038613,4.055243119242244,3.382820939356459,2.6585809999048187,1.8452120453828844,1.881704354044056,1.8285517288311408,2.7148411795458505,3.7458668698556394,4.412158154316428,2.9642811255659787,2.7088225885640522,2.865867260827066,1.8484957342617885,2.271012223805021,3.9567624792201777,3.907542107003274,2.2326339644775404,3.181658705108877,3.231592824199246,1.6753353645478333,2.380795146447865,3.300502086091643
FOODS_3_637_TX_3_validation,0.09513110197129801,0.5316586610166041,0.5543817618396361,0.551386547459352,0.5850164719543987,0.9199378804380797,0.6470506087690528,0.7929054146638992,0.7929054146638992,0.9826745848859486,0.8194900970049841,1.0012627005910035,0.9199378804380797,1.2264481427614915,0.9560899025448637,0.9560899025448637,0.8224853113852681,0.9826745848859486,0.8531200215000307,1.0395986120808434,1.0348148899574485,0.9560899025448637,0.7929054146638992,0.9826745848859486,0.8194900970049841,0.8531200215000307,1.1085556169399868,0.9151541583146849
FOODS_3_638_TX_3_validation,0.15618851402181613,1.691072710036734,1.6430550604579162,1.84757237819121,1.7153371742099832,1.5212400771999515,2.0530744370405603,1.6112077830368783,1.9879737533528876,1.9249832343994269,1.7583298096612954,2.0174272784211316,1.9111805953212158,2.149285488885117,1.8983985520583426,1.8983985520583426,1.8199233747552728,2.0495118658881575,2.126560979972008,2.075575416983129,2.395494012023767,1.8983985520583426,2.273004306682152,2.008246712726171,1.8363103909862315,1.904798471335612,1.9111805953212158,1.90162718889646
FOODS_3_639_TX_3_validation,0.08622543199405518,0.5227529910393613,0.5454760918623933,0.5424808774821093,0.7647285384790622,0.6429286609152048,0.6381449387918101,0.7839997446866565,0.7839997446866565,0.9737689149087059,0.8105844270277414,0.9923570306137595,0.9110322104608369,1.8363309506966305,1.2040936276388006,0.947184232567621,0.8135796414080254,0.9737689149087059,0.844214351522788,1.0306929421036004,1.2404520374965884,0.947184232567621,0.7839997446866565,0.9737689149087059,0.8105844270277414,0.844214351522788,0.9110322104608369,0.9062484883374422
FOODS_3_640_TX_3_validation,0.8814936003926143,1.2322154685545457,1.0928344377175534,0.9228710981462749,1.5167811062830325,1.6939283541275933,1.6843749477028376,1.7936885324464504,1.5054362576439486,1.684167704629496,1.556736299678672,2.100690756747875,1.9111805953212158,2.0660220105583735,1.9816620303850854,1.9816620303850854,1.739675412730667,1.9662483875614123,1.904798471335612,2.4050474184485227,2.0660220105583735,1.8983985520583426,1.788076097334235,1.9249832343994269,1.7583298096612954,1.904798471335612,1.9914285573458215,1.9818751509210657
FOODS_3_641_TX_3_validation,0.7839997446866565,0.7091033468415981,1.0021973779099322,0.7288312332843461,0.5761108019771559,0.8315463974171111,0.9062484883374422,0.7839997446866565,1.103166455345786,0.9737689149087059,0.9969347828299783,0.9923570306137595,0.9110322104608369,1.0259092199802056,0.947184232567621,0.947184232567621,0.8135796414080254,1.641909886752823,1.2069568014627743,1.0306929421036004,1.0259092199802056,1.138817485371667,0.7839997446866565,1.1654021677127513,0.9733122419285445,0.844214351522788,0.9110322104608369,1.094866224839349
FOODS_3_642_TX_3_validation,0.6416293382844473,0.5316586610166041,1.0111030478871756,0.9822179119057872,0.7736342084563049,1.260171076031891,0.8356683452709591,0.979255770466136,0.979255770466136,0.9826745848859486,1.005840452807222,1.0012627005910035,0.9199378804380797,1.0348148899574485,1.3138585185862262,0.9560899025448637,1.0111030478871756,1.650815556730066,1.2042705501793618,1.0395986120808434,1.2264481427614915,1.3138585185862262,0.7929054146638992,1.1743078376899942,1.2997258855814944,0.8531200215000307,1.1085556169399868,0.9151541583146849
FOODS_3_643_TX_3_validation,0.6663669859442601,0.9408672570106204,1.0887082005989068,0.7128263882852118,0.7605399958597968,1.2999616068150814,0.830284985812375,1.566406978708794,1.4821770608677582,1.108412995142798,0.9891015506626163,1.1627344052383022,1.111343870313176,1.3956307005467123,1.489040436030097,1.2734615656057562,0.9704471537319883,1.1300626064537103,1.3928074906200358,1.4004144226701072,1.5874513109298947,1.4742234847564974,1.1272176128128575,1.108412995142798,0.9891015506626163,1.0368151582372032,1.2999616068150814,1.32330092572308
FOODS_3_644_TX_3_validation,0.17185203615655428,0.8929712042676887,0.9156943050907207,0.9343487020213493,0.9820623095959343,1.0607769399315723,1.0559932178081775,1.2478789906892838,1.2617844096275892,1.4323958961424923,1.3130844516623126,1.4867173062379966,1.421421352374565,1.5140749298040588,1.67324654442315,1.6871519633614553,1.5676508438210872,1.755001798864525,1.6399329575731543,1.8378304265196643,2.081685532693111,1.9140620741930807,1.7396644570823423,1.9545521754724704,1.787898750734339,1.85411945038405,1.9268441174559539,1.917290711031198
FOODS_3_645_TX_3_validation,1.2006826011551046,0.8936131307022289,0.8135796414080254,0.9189905692377397,0.7647285384790622,0.8315463974171111,1.0300715633893605,1.5148984692416836,1.2851190572659013,1.1654021677127513,1.1354006897796332,1.6604980024578766,1.7605660639902265,1.9357027935302331,1.729384572454792,2.1075721719323353,1.170407982101158,0.9737689149087059,1.0195351492518645,1.6056221969420006,2.2365906716085813,1.729384572454792,1.2352346100311171,1.1654021677127513,0.8105844270277414,0.844214351522788,1.0863530081899133,1.0815692860665185
FOODS_3_646_TX_3_validation,1.6794549046636102,1.13856070468012,1.431277159109609,0.5424808774821093,1.5665589671947702,2.702379562805684,2.628286233467902,1.5422585776836955,1.13856070468012,1.641909886752823,1.1651453870212043,1.567286285452162,2.7058323536856177,2.398258249517419,1.4457610781700347,0.947184232567621,0.9763074563088284,1.3414636413069105,1.6970096638145353,2.262003397944788,1.569940389141691,1.3151480500335369,0.9703501004888933,1.1654021677127513,0.8105844270277414,1.6970096638145353,2.371786320587632,2.3622329141628766
FOODS_3_647_TX_3_validation,1.1099138082163011,1.2206243993091412,1.2502042960305095,0.9228710981462749,2.2227345833551055,1.3968020269558759,1.0403296956734394,1.2206243993091412,1.2206243993091412,1.3912358858240443,1.283515510589269,1.6708392619200316,3.1112535714560527,2.109948280749262,1.6459919530430074,1.6459919530430074,1.5264908335026393,2.3000745906804627,1.8081513651595296,2.912178379525938,2.639246232511315,2.694247677179239,2.005528414416473,1.9966556434807652,1.7583298096612954,2.8139492153793433,2.62869819401648,2.5671411290681445
FOODS_3_648_TX_3_validation,2.667251627834598,2.0131540082939767,1.2573908029636087,1.2951426630704792,1.8911934309971627,1.9085207093247132,4.010220584256972,2.546468913393201,2.4611855770202933,1.7983239586427648,1.571429200542609,2.19146529710712,2.0177340444257372,2.822438580190662,2.6301108849401196,2.2335645854456425,2.031638162867948,2.3104132898907417,1.995573011694858,2.182128866087649,3.030770415625435,2.5877502268162713,2.020221315280409,1.9280850660179594,1.8510032918501684,2.511105722379183,2.3724315864594465,3.51162087948486
FOODS_3_649_TX_3_validation,0.8882125489970087,0.4860489347070683,0.5087720355300996,0.5057768211498156,0.5394067456448622,0.6062246045829112,0.8510244888065406,0.8882125489970087,0.7272283052405076,1.083264616220866,0.7538129875815925,0.9355855911676103,0.8542607710146881,0.9706852204493025,0.8904127931214721,1.0566799338797817,0.7568082019618766,0.916997475462557,0.7874429120766392,1.3162501170099172,0.9706852204493025,1.0566799338797817,0.7272283052405076,0.916997475462557,0.7538129875815925,0.7874429120766392,0.8542607710146881,1.0142761132627107
FOODS_3_650_TX_3_validation,0.8518665257200306,0.7180090168188409,0.9852131262860712,0.9278962392149824,1.6385845810375832,1.3932525023443105,0.6470506087690528,1.112072125323029,0.7929054146638992,0.9826745848859486,0.8194900970049841,1.576191955429405,1.2862529948647108,1.7029558618015632,1.201407376355388,0.9560899025448637,0.8224853113852681,0.9826745848859486,1.0284408192291075,1.0395986120808434,1.2493577074738313,1.3138585185862262,0.7929054146638992,1.3503693112841535,0.8194900970049841,1.041737758001938,1.260171076031891,0.9151541583146849
FOODS_3_651_TX_3_validation,2.744495032942065,1.3353945544524377,0.7485743174864911,0.7433117224065375,0.5905912910993474,0.6574091500373963,0.9222764173748809,1.1626579743169276,1.1176469444679773,0.9882494040308973,0.8250649161499328,1.0068375197359523,0.9255126995830284,1.041937149017644,0.9616647216898124,0.9616647216898124,0.8280601305302169,1.1798826568349425,1.0473125771468863,1.0451734312257916,1.7100781208617586,2.913482085921227,1.3353945544524377,0.9882494040308973,0.8250649161499328,0.8586948406449795,0.9255126995830284,1.2584240075378692
FOODS_3_652_TX_3_validation,5.970217282510855,4.8104347694364105,3.4022718702511328,4.132477554633341,4.569454790783948,3.7349333141348393,7.269193711912471,4.655185014136122,3.7534524600029875,2.953582585489014,3.9299072075473656,4.0353211408653475,3.763523612357538,5.046191768066203,7.270744029001308,3.9366826296246558,3.9878988519534304,4.946778374046714,3.5619290510840163,4.110950181293702,6.559501894112409,5.6093029032113195,3.778700995010396,3.2279479293581566,3.6190794353645592,4.472535156962001,3.104762224618349,5.539061015203667
FOODS_3_653_TX_3_validation,1.2016313808048524,1.180846451042744,1.1546717840505663,1.1529382250874574,0.7822660737868867,0.6604661962230294,1.474032525233536,1.1207039906536103,0.9878876357967178,1.3590011766147347,1.4435520993374795,1.201527818725629,1.117187482270568,1.0434467552880298,1.3224903839168074,1.6229366293627199,1.1763535961483267,1.1829397030205755,0.8617518868306125,1.4159252038096268,1.8538684860044548,1.2100392416859693,0.9642650948952841,1.3590011766147347,1.0144723181378041,0.8617518868306125,0.9285697457686615,1.7765813359370135
FOODS_3_654_TX_3_validation,4.299366416177907,5.793864820799967,5.253392058518294,7.31964901433159,6.101238623231853,10.78408807940685,11.456163204275084,5.693665354051878,4.431739668555091,3.6921084517800047,4.445909746547744,6.333678299842717,8.091838249703077,8.850032400007853,6.2256702586351205,4.012484927552427,3.0828936836967067,3.2433534796191394,5.141795696724103,7.939249626044045,9.145925606529008,6.443177080732782,5.986443284365349,5.533159518950503,4.681723612964684,4.965289587248209,8.313210739084967,8.360174121445278
FOODS_3_655_TX_3_validation,0.8483939066799187,0.7091033468415981,0.8135796414080254,0.5424808774821093,1.5411789479749178,1.752940495913467,1.3833221353899037,1.5148984692416836,1.5944516301002742,1.53153620369767,1.0593738616282746,1.2068998481301447,1.2471798006238257,1.0259092199802056,1.312976375991784,1.1491340672557346,1.6406324187292507,1.2502938518309579,0.844214351522788,1.0306929421036004,1.6940501918243203,1.2040936276388006,0.7839997446866565,1.3395610583328683,0.8105844270277414,0.844214351522788,1.5418792803046701,1.649410209227112
FOODS_3_656_TX_3_validation,1.1367626756148188,0.801537279994481,0.83111717671585,1.0144723181378041,0.8617518868306125,0.9285697457686615,1.474032525233536,0.801537279994481,0.801537279994481,0.9913064502165304,0.8281219623355659,1.6780355377657008,1.294884860195292,1.2350800080920727,1.3224903839168074,0.9647217678754455,1.0197349132177573,1.1829397030205755,1.197899476993601,1.2398637302154676,1.0434467552880298,0.9647217678754455,0.9878876357967178,1.1829397030205755,1.0144723181378041,1.0503696233325193,1.117187482270568,1.5546330934890995
FOODS_3_657_TX_3_validation,1.417673961330099,0.5402905263471859,0.5630136271702179,1.0144723181378041,1.0370726845596887,0.6604661962230294,2.5791268162389582,1.2638178650623042,1.1207039906536103,1.1829397030205755,1.0144723181378041,1.201527818725629,0.9285697457686615,1.668125282833751,1.5009710250469115,1.3210936640807056,1.0197349132177573,1.1829397030205755,1.2019850824244234,1.2398637302154676,1.421831881540462,1.1666716025635588,0.801537279994481,0.9913064502165304,1.0144723181378041,1.2019850824244234,0.9285697457686615,1.6927454963921256
FOODS_3_658_TX_3_validation,0.5081894102001041,0.5081894102001041,0.5309125110231361,0.527917296642852,0.5615472211378987,0.8964686296215797,0.891684907498185,0.955786519649636,0.7694361638473992,0.9592053340694486,0.7960208461884841,0.9777934497745022,0.8964686296215797,1.2029788919449913,0.9326206517283637,0.9326206517283637,0.7990160605687682,0.9592053340694486,1.0182685071854378,1.0161293612643432,1.2029788919449913,0.9326206517283637,0.7694361638473992,0.9592053340694486,0.7960208461884841,0.8296507706835308,1.0850863661234866,1.0803026440000918
FOODS_3_659_TX_3_validation,1.622201766046504,0.9514791807894363,0.933158834294936,0.9278962392149824,0.8531200215000307,1.674726192186926,1.463947057944161,0.9556332295647023,0.7929054146638992,1.7930963156023763,1.0566876103448621,1.1928959533950478,1.2560854706010687,1.0348148899574485,0.9560899025448637,0.9560899025448637,1.304988480661448,1.1743078376899942,1.041737758001938,1.0395986120808434,1.0348148899574485,1.6143047640321386,1.030102928003778,0.9826745848859486,0.8194900970049841,1.041737758001938,1.550784950281913,1.4420570452607488
FOODS_3_660_TX_3_validation,6.9534341256687435,7.78426984425065,6.843937506196818,7.108575228102563,6.296478216489603,7.242495494040236,10.036866173015659,8.466390131156444,8.798927317900365,9.737191224289905,8.67686026068795,9.696399182230147,8.944997046993347,9.665103263491703,9.155863488470198,7.631241255616149,8.372047395469126,9.995301238611626,10.96195443267521,10.00906197207415,10.073525447768496,9.280348341034891,8.480163793858992,7.107172138245227,6.3716069428536946,6.999349328318883,7.158500251169254,8.592040189943553
FOODS_3_661_TX_3_validation,3.7912768422026355,2.310048763798889,3.8611920026881017,3.123942011283681,4.311447847263201,4.097446573289342,5.270280876817617,4.718548312282471,3.3630431861187082,2.9048143151511923,2.409437690829885,3.8913571523513832,4.775699530233866,5.154985899244664,4.075050624530517,2.9349884965031783,2.4147002859098383,2.164557198876252,3.172364044400071,4.069777640978364,4.102011812205168,3.03823812949245,2.1227643376826992,3.117682079186543,2.6742673644212984,3.296319489112629,2.831433934369608,4.003664331270807
FOODS_3_662_TX_3_validation,2.283915438356516,1.3132151913560537,1.0021973779099322,0.5424808774821093,1.237733211607396,1.3045510705454448,2.023988490925561,1.84352450556304,1.0327891792871904,0.9737689149087059,1.4260145640296553,1.3600517570119641,1.251265406054648,1.2404520374965884,1.312976375991784,1.3049528486089832,0.8135796414080254,1.641909886752823,1.2069568014627743,1.2223261949076434,1.3936039463784078,1.3049528486089832,1.103166455345786,1.1654021677127513,0.9733122419285445,0.844214351522788,0.9110322104608369,1.7492384285854126
FOODS_3_663_TX_3_validation,1.8456662932139212,1.021521160660982,0.6941719913545832,1.1050952168298656,1.0368151582372032,0.8350687079357697,1.849818073292087,1.535934037973112,1.3198595714929544,1.3000462479468404,0.9891015506626163,1.3543676580423447,1.2999616068150814,1.836105819174316,1.6462564926972192,1.4742234847564974,1.1590648902338954,1.3216958592577528,1.2254328947391087,1.5922350330532895,3.0027762823224213,2.0202842080782357,1.2140880461000247,1.108412995142798,0.9891015506626163,1.2254328947391087,1.3280846478464747,2.4247862424449393
FOODS_3_664_TX_3_validation,3.912906396657299,4.409475538043786,2.7472901873472337,2.862294622131708,4.011817333327368,4.490052256411901,5.7496398401148365,4.46264218465051,4.042598661039076,2.830207218798014,3.903714356271648,3.9724583469009023,3.3112103615266615,4.4645306274557,4.476206469808457,5.183485212560567,3.2538269514978535,3.5636524886360337,3.959717632319242,4.020758512796633,4.371122298601668,4.872446134161783,4.1187752896746135,2.863647330760709,2.9264770563285833,3.342524246369911,3.482973838842797,3.795242601061067
FOODS_3_665_TX_3_validation,1.5508718830375685,1.1358744533967076,0.8224853113852681,1.2997258855814944,1.041737758001938,1.772733192729827,2.6607594208337164,1.4953136461258374,0.7929054146638992,1.650815556730066,2.558317908123498,1.8447432771628212,1.6593405761815188,2.0100971296579626,1.201407376355388,1.14772315534891,0.9852131262860712,1.7913042581893677,1.3915180196835677,1.4179837383332756,1.6097441447958487,1.201407376355388,0.979255770466136,1.1743078376899942,1.2997258855814944,1.041737758001938,1.260171076031891,2.006120426725905
FOODS_3_666_TX_3_validation,0.5143277004439606,0.9703501004888933,0.5454760918623933,0.5424808774821093,1.0195351492518645,0.6429286609152048,0.6381449387918101,0.7839997446866565,0.7839997446866565,0.9737689149087059,0.8105844270277414,0.9923570306137595,0.9110322104608369,1.0259092199802056,0.947184232567621,0.947184232567621,1.431277159109609,0.9737689149087059,0.844214351522788,1.8411146728200254,1.4267343781769208,0.947184232567621,0.9703501004888933,0.9737689149087059,0.8105844270277414,1.1844475471165992,1.0863530081899133,0.9062484883374422
FOODS_3_667_TX_3_validation,0.6327236683072046,0.7091033468415981,0.5454760918623933,0.8105844270277414,0.5761108019771559,1.3045510705454448,0.8267626752937164,0.7839997446866565,0.7839997446866565,1.1654021677127513,0.8105844270277414,0.9923570306137595,1.0996499469627439,1.2175424727842485,0.947184232567621,0.947184232567621,1.0021973779099322,0.9737689149087059,1.032832088024695,1.2223261949076434,1.0259092199802056,1.3049528486089832,0.7839997446866565,0.9737689149087059,0.9969347828299783,0.844214351522788,0.9110322104608369,0.9062484883374422
FOODS_3_668_TX_3_validation,3.1080269559151854,4.241749678391316,4.11254167798382,2.5820345566948113,2.2342114493638356,4.264797754710542,4.2373737709229005,2.6199849167114664,4.095406620631037,5.275535206851025,3.7167743978792096,2.7586926618594334,4.767242346702601,4.633679970939361,3.4328027814838413,3.3344764170611176,3.464797358100395,3.4564512203434328,3.7497405953864544,5.542822467695295,5.290976088257049,3.298482753698967,2.813841017027518,4.3019044840784515,2.913070277911904,3.2302161166914583,5.465476562112095,5.315432732501158
FOODS_3_669_TX_3_validation,4.363991376279339,4.050876635458247,3.361656359177977,3.2306902751244957,3.1123890413338344,2.841030707526334,5.905035332410233,3.8448613234847127,3.4028236501660634,3.059150411347156,2.9473933628630817,3.3363995162227664,4.252671877397202,5.553934263650251,4.23576076460612,3.8964908261172364,2.926533055750566,3.2501626559969474,3.276151324167837,4.343271456363834,5.580723775608029,4.702551180128216,4.641276338267254,4.135880745267787,3.668043000987192,3.288036615907815,3.9410501128920443,6.753916433883495
FOODS_3_670_TX_3_validation,0.08622543199405518,0.5227529910393613,0.7340938283642996,0.5424808774821093,0.5761108019771559,0.6429286609152048,0.6381449387918101,0.7839997446866565,0.7839997446866565,0.9737689149087059,0.8105844270277414,1.3600517570119641,0.9110322104608369,1.0259092199802056,0.947184232567621,0.947184232567621,0.8135796414080254,1.1654021677127513,0.844214351522788,1.0306929421036004,1.0259092199802056,0.947184232567621,0.7839997446866565,0.9737689149087059,0.8105844270277414,0.844214351522788,0.9110322104608369,0.9062484883374422
FOODS_3_671_TX_3_validation,1.0327891792871904,0.7091033468415981,1.7605322515030855,4.100816300197462,1.6486341711456556,1.2858760343350597,1.4144941925841437,0.7839997446866565,1.5148984692416836,1.472345760511119,1.81473675009062,1.5290565101423716,1.4512334911558535,1.2175424727842485,1.138817485371667,1.499594394220909,1.5805959492275083,3.466655808193288,1.607932898768559,1.3252333622069403,1.0259092199802056,1.138817485371667,0.7839997446866565,1.8904871661597722,4.194241143180539,1.9310296920778678,1.2858760343350597,1.2464816839312531
FOODS_3_672_TX_3_validation,3.720347392438859,5.874558743382114,5.728644526688536,4.6441605008754046,4.697757272065081,3.5447835691690988,3.8440630843354664,3.0953209919779545,4.3918042225745815,5.569243824498954,6.125564668513937,6.720754803459809,7.296588812259694,6.740367776393683,6.390411542500584,4.650694766145621,4.896788797037373,5.552539435303257,6.628013116453614,8.600304541756637,9.563051796616028,7.998068626587307,6.541320276280707,5.001906094348279,4.904434312324511,4.72429720162817,5.537988408228026,6.135544751241106
FOODS_3_673_TX_3_validation,0.7239760823669686,1.4551515277699556,0.8679494951297231,0.5968507312038069,1.029408624748854,0.6972985146369025,0.8826799689306613,0.8383695984083541,0.8383695984083541,1.2197720214344485,0.864954280749439,1.238360137139502,1.6187457266933183,1.3770716798651077,1.0015540862893189,1.0015540862893189,0.8679494951297231,1.0281387686304049,0.8985842052444857,1.4032171073521822,1.0818265136171499,1.3663240467831306,1.0247199542105918,1.2197720214344485,0.864954280749439,0.8985842052444857,0.9654020641825346,0.9621657819743871
FOODS_3_674_TX_3_validation,1.9597712068731747,1.149730962378958,0.5543817618396361,0.551386547459352,0.8531200215000307,1.1085556169399868,1.3045738674690424,1.1141926412989471,0.7929054146638992,0.9826745848859486,0.8194900970049841,1.0012627005910035,0.9199378804380797,1.0348148899574485,0.9560899025448637,0.9560899025448637,1.0111030478871756,1.1743078376899942,0.8531200215000307,1.2312318648848863,1.0348148899574485,1.6143047640321386,1.030102928003778,0.9826745848859486,0.8194900970049841,1.041737758001938,1.1085556169399868,1.5460012281585183
FOODS_3_675_TX_3_validation,1.5469074360049804,1.5469074360049804,0.8711170075029506,1.1874111533538265,1.237733211607396,1.5418792803046701,2.5214307323090073,1.5422585776836955,1.4802561989336431,1.641909886752823,1.0593738616282746,1.3600517570119641,1.4192779147075385,3.0391133982285847,1.7778252799388035,1.3151480500335369,1.6406324187292507,1.5511517455487431,1.681646831117941,2.4292290518486754,2.498907894617012,2.102485250280081,1.5944516301002742,1.472345760511119,1.635369823649297,1.313956308942374,1.2471798006238257,1.4144941925841437
FOODS_3_676_TX_3_validation,0.7746597642889957,0.3476844650767705,0.6128356386809334,0.3641268650967781,0.3946106575142034,0.45920957888632896,0.6214438587002745,0.5888638356102093,0.5888638356102093,0.7695024465977951,0.6098404243006493,0.7849444302252275,0.7049231380902008,0.820044059506919,0.9147929986656645,0.748525857907355,0.9145531700867586,0.7695024465977951,0.6403242167180748,0.8210614041491439,0.820044059506919,1.0809283619029808,0.5888638356102093,0.935769587356103,0.6098404243006493,0.6403242167180748,0.7049231380902008,0.7039057934479762
FOODS_3_677_TX_3_validation,0.3417910988054563,0.801537279994481,1.2079439030419348,0.5600184127899338,1.2019850824244234,0.6604661962230294,1.0476090986971847,0.9878876357967178,0.9878876357967178,0.9913064502165304,0.8281219623355659,1.3775892923197883,0.9285697457686615,1.2350800080920727,1.1563550206794913,1.3224903839168074,1.0197349132177573,1.1829397030205755,1.0503696233325193,1.0482304774114246,1.0434467552880298,0.9647217678754455,0.9878876357967178,1.6594474220606472,1.0653194756754434,1.0503696233325193,0.9285697457686615,0.9237860236452667
FOODS_3_678_TX_3_validation,0.10070592111624665,1.1197674604438954,0.5599565809845848,0.5569613666043007,0.5905912910993474,0.6574091500373963,0.842790604331155,0.9848305896110847,0.7984802338088479,1.1798826568349425,1.0114152719521712,1.1984707725399961,0.9255126995830284,1.041937149017644,1.3194333377311744,0.9616647216898124,0.8280601305302169,0.9882494040308973,1.1989280362387904,1.0451734312257916,1.7100781208617586,1.2069821955003364,1.1176469444679773,0.9882494040308973,0.8250649161499328,0.8586948406449795,0.9255126995830284,1.0975972151039568
FOODS_3_679_TX_3_validation,1.7978746389546751,1.1583628277095392,0.9417906996255178,1.642862100786524,2.6046238601705265,2.5646823888145023,2.865811706155156,2.4113355089028237,1.29106467131307,0.9913064502165304,1.8828043736087363,2.185068030491021,1.8388978375682308,3.7028563100650325,2.5526905415793655,1.5250312527201384,1.6378940736612437,1.4979069164093608,1.7145471991223595,1.6717660997534223,3.223715135994085,2.625040067481843,1.466263295806231,1.193256284904643,1.0144723181378041,1.369997591077314,1.7813650580604083,1.9827408468792134
FOODS_3_680_TX_3_validation,0.08622543199405518,0.5227529910393613,0.5454760918623933,0.5424808774821093,1.0195351492518645,0.8315463974171111,0.6381449387918101,0.7839997446866565,0.7839997446866565,0.9737689149087059,0.8105844270277414,0.9923570306137595,0.9110322104608369,1.0259092199802056,0.947184232567621,0.947184232567621,0.8135796414080254,0.9737689149087059,0.844214351522788,1.2223261949076434,1.0259092199802056,0.947184232567621,0.7839997446866565,0.9737689149087059,0.8105844270277414,1.1844475471165992,0.9110322104608369,0.9062484883374422
FOODS_3_681_TX_3_validation,11.847034984506895,12.516079171879053,13.668423745634703,13.720072794569,14.602098744700408,20.174349556468915,17.783921102178837,13.168837151158412,11.34309036496955,15.114571373100558,13.73184200200132,15.393181263658159,20.55758314652624,23.148626512602537,19.178274441554954,13.401522258011099,14.497010527042542,16.327676900756476,17.22514818017584,19.77274794621662,21.06434001434385,19.53596946684131,16.712564861926683,16.932267933986477,15.220208629288862,15.560983300987841,20.38019223212248,19.41800982187453
FOODS_3_682_TX_3_validation,6.032617552460889,6.639019835014956,6.117174172938936,4.6641577731545985,5.230989974523847,5.994460452783353,5.88109549596899,6.3011926936728955,5.939084048663021,5.185577856645464,5.29607550615678,7.179035374446767,5.324651274181225,7.251285226818224,8.134622068281919,6.284807012613179,5.416640343580019,5.14281736947231,6.647748161458075,6.474930871379303,7.848002372944102,8.88728791935724,7.004734251780271,5.6539805269352215,5.142061246603763,5.986054156003474,6.802450933880891,6.188575704427429
FOODS_3_683_TX_3_validation,0.7839997446866565,1.2585859811704043,1.8618091115915723,1.0593738616282746,1.7724371942235697,1.2858760343350597,1.094866224839349,1.3937803295958082,1.5430991197137076,1.5556092388378622,1.8989050622100148,1.822606114783972,1.4512334911558535,1.6940501918243203,2.776787436970458,1.9655055537981707,1.5177530284474439,2.5123343391047324,2.7794029843407726,1.915487844356028,2.771305153030913,2.2373995694321085,1.4802561989336431,1.5361051869188362,1.6641216854890066,1.7185260827588489,1.4731235038392656,1.4564949899257118
FOODS_3_684_TX_3_validation,1.7646230472609479,1.2555264176349414,1.0110234594375216,1.4579106817845615,1.381789667351532,1.8636877793635622,2.4316435032566184,1.664167769554142,1.6104107924487883,1.6290418986786117,1.3905560713330514,1.2909681368193322,1.4563183794275048,1.588193976644306,1.7744902242782492,1.7744902242782492,1.6157670849505736,1.5592526294458608,1.4441837881544901,1.3370149014470947,1.588193976644306,1.7744902242782492,1.5861871882292053,1.8010749066193334,1.7124020632061385,1.7333392878569058,2.129301946701488,2.7510900492745205
FOODS_3_685_TX_3_validation,0.5143277004439606,0.5227529910393613,0.9763074563088284,2.56891914534564,1.2589824998505377,0.9110322104608369,1.29976734842205,0.9703501004888933,1.103166455345786,1.3414636413069105,1.1874111533538265,1.1839902834178049,1.0996499469627439,1.3936039463784078,0.947184232567621,0.947184232567621,1.431277159109609,1.1654021677127513,1.5961795610124967,1.3252333622069403,1.3936039463784078,0.947184232567621,0.7839997446866565,1.3414636413069105,1.4260145640296553,1.0195351492518645,1.0996499469627439,0.9062484883374422
FOODS_3_686_TX_3_validation,0.41103946500542204,0.5402905263471859,0.5630136271702179,0.5600184127899338,0.5936483372849805,0.6604661962230294,0.8443002106015409,0.801537279994481,0.801537279994481,0.9913064502165304,0.8281219623355659,1.0098945659215852,0.9285697457686615,1.0434467552880298,0.9647217678754455,0.9647217678754455,0.83111717671585,0.9913064502165304,0.8617518868306125,1.0482304774114246,1.0434467552880298,1.1563550206794913,0.801537279994481,0.9913064502165304,0.8281219623355659,0.8617518868306125,0.9285697457686615,0.9237860236452667
FOODS_3_687_TX_3_validation,0.1037629673018797,0.9642650948952841,0.7516313636721241,0.7463687685921706,0.7822660737868867,0.9285697457686615,0.6556824740996346,0.801537279994481,0.801537279994481,0.9913064502165304,0.8281219623355659,1.0098945659215852,0.9285697457686615,1.0434467552880298,0.9647217678754455,0.9647217678754455,0.83111717671585,0.9913064502165304,0.8617518868306125,1.4159252038096268,1.7115877271321445,1.2100392416859693,1.1207039906536103,0.9913064502165304,0.8281219623355659,0.8617518868306125,1.117187482270568,1.0991068213743427
FOODS_3_688_TX_3_validation,6.530024874258407,6.980210767151574,7.164566640052347,7.375146613242002,7.065472133052289,7.5616265107271925,8.344103293389354,6.431282856821995,5.1985575051612365,5.929951851989686,5.047167415414883,6.261638327543089,6.590963930245036,6.874027474464942,5.38795850440134,3.9684596269577415,4.463406739667522,3.6693397199453526,5.576472587695376,5.9550247257802384,7.21808444414189,4.735264752482147,3.90376903507386,3.822869220126587,3.0406198154368416,4.628646411294665,4.961122156902881,6.294577735538542
FOODS_3_689_TX_3_validation,0.9514791807894363,0.9025188006794717,0.9852131262860712,0.551386547459352,1.041737758001938,0.6518343308924476,1.0904749560437614,0.7929054146638992,1.112072125323029,1.1743078376899942,0.8194900970049841,1.0012627005910035,0.9199378804380797,1.0348148899574485,1.14772315534891,1.3138585185862262,0.8224853113852681,1.1743078376899942,0.8531200215000307,1.0395986120808434,1.0348148899574485,0.9560899025448637,0.7929054146638992,1.3503693112841535,0.8194900970049841,1.041737758001938,0.9199378804380797,1.255387353908496
FOODS_3_690_TX_3_validation,0.2760198551576953,0.3476844650767705,0.6128356386809334,0.3641268650967781,0.3946106575142034,0.45920957888632896,0.4581922342441043,1.1732783084736247,0.5888638356102093,0.7695024465977951,0.7708246680571506,0.9512115709835358,0.7049231380902008,0.820044059506919,0.748525857907355,0.9147929986656645,0.6128356386809334,0.935769587356103,0.8035758411742451,0.8210614041491439,0.9863112002652273,0.748525857907355,0.5888638356102093,0.935769587356103,0.6098404243006493,0.6403242167180748,0.7049231380902008,0.7039057934479762
FOODS_3_691_TX_3_validation,0.2760198551576953,0.5888638356102093,0.36712207947706216,0.9849662298393612,0.3946106575142034,0.45920957888632896,0.4581922342441043,0.5888638356102093,0.5888638356102093,0.7695024465977951,0.6098404243006493,0.7849444302252275,0.7049231380902008,0.9863112002652273,0.748525857907355,0.9147929986656645,0.9145531700867586,0.935769587356103,0.6403242167180748,0.8210614041491439,0.820044059506919,0.748525857907355,0.7498480793667103,0.7695024465977951,0.6098404243006493,0.6403242167180748,0.7049231380902008,0.7039057934479762
FOODS_3_692_TX_3_validation,2.6224516016298396,3.537336644039995,3.415588191255096,2.60253526287067,3.0347020019688205,2.8949625396034526,3.8962027094385694,2.9391084999056227,3.3738553866817393,3.1867589345456784,3.6913661530820048,3.5101412646239223,3.8435354543896203,4.693772340469156,3.51457824997269,3.165525047571207,2.8742767585514812,3.5912558171383275,3.6839078029191703,4.507397534988466,5.47375905922575,3.989800784959636,3.8895477984343354,4.0258044536948425,3.573852936269394,3.6839078029191703,4.437052405320391,4.98524015760812
FOODS_3_693_TX_3_validation,0.1037629673018797,0.5402905263471859,0.5630136271702179,0.5600184127899338,0.7822660737868867,0.6604661962230294,0.6556824740996346,0.801537279994481,0.801537279994481,0.9913064502165304,0.8281219623355659,1.0098945659215852,0.9285697457686615,1.0434467552880298,0.9647217678754455,1.1563550206794913,0.83111717671585,0.9913064502165304,0.8617518868306125,1.2398637302154676,1.0434467552880298,0.9647217678754455,0.801537279994481,0.9913064502165304,0.8281219623355659,0.8617518868306125,0.9285697457686615,0.9237860236452667
FOODS_3_694_TX_3_validation,17.047882047747354,21.813223575350623,23.38817356871557,25.84307329149325,24.222065654865762,19.267691356378943,21.34552415400994,17.047882047747354,19.607045064476043,25.104105651009057,26.906242683026584,26.94594261270466,29.943823412936837,25.946159595760577,21.981229275748788,21.605141955333604,21.27951981247229,26.306184766799827,27.01971304704583,30.372670565258435,28.68299109046224,22.23015475750366,22.13158316660267,21.87809741355158,23.41041658229488,25.152753760930352,25.616958244358454,25.153923673213136
FOODS_3_695_TX_3_validation,9.210590881830738,4.94897040763387,2.2268367650792116,3.039263125456765,4.404792241487248,3.3775189089004924,6.161421927462501,4.939834213705502,3.7534524600029875,3.104022292594713,3.4127983486076516,2.7999461106481554,3.105259601122144,3.695179973094947,5.145940457180779,5.057483285926391,2.8897265485009687,2.2888811302912453,3.3928242444583634,4.332969216214728,4.764378830618461,6.032783051566605,4.212798196022759,2.714704840543224,2.456314502482104,3.3837546291790086,3.45251310645861,5.2149796800111305
FOODS_3_696_TX_3_validation,0.3362008221806794,0.7210506055246457,0.5574233505454409,1.3278217161099262,0.5880580606602035,0.6548759195982524,0.6500921974748577,0.795947003369704,0.795947003369704,0.9857161735917535,0.8225316857107889,1.0043042892968084,1.1115972056457912,1.037856478663253,0.9591314912506685,0.9591314912506685,1.1526105435426341,0.9857161735917535,0.8561616102058356,1.0426402007866478,1.037856478663253,0.9591314912506685,0.795947003369704,0.9857161735917535,0.8225316857107889,0.8561616102058356,0.9229794691438845,0.9181957470204898
FOODS_3_697_TX_3_validation,5.90024095074595,2.4265967494570235,2.915774059876613,1.5452263899689394,3.072752311217208,4.78944313536297,4.369279072996933,4.065590593649256,3.718036256023107,3.514295758340599,2.357353190870475,3.8505254783521328,4.770641622570573,5.029555486178434,4.471268752154503,3.4880764185141437,3.7159395273515745,3.4071886861189298,4.821576127817509,4.810243650028522,5.154985899244664,5.53480866742079,2.8393281102620684,4.182245026117944,2.257645196211569,3.676337771302522,5.0314205908327105,4.974462301107659
FOODS_3_698_TX_3_validation,1.1611235196067944,1.5356151299210234,1.605253439562282,1.933451405757079,2.0785776949157455,2.388653775937521,2.849060186220109,2.7434781120436518,3.288920524536981,3.1771635979138075,2.092791437323244,2.4376738202457693,2.613514717134666,3.8452465744944195,3.0480493761348444,2.5877502268162713,2.63774736168685,2.5780841428385144,3.0974753473752155,2.975866849323243,3.6050214465608086,2.844877745767393,2.734404056378043,2.6397286541207947,2.432714471645677,2.1766188714632935,2.8130531563531247,3.140679087948916
FOODS_3_700_TX_3_validation,0.9090556318696805,0.7091033468415981,0.9242531643176932,0.5424808774821093,1.180361941685777,1.6820047827217746,1.085070559404697,1.103166455345786,0.7839997446866565,1.1654021677127513,1.1354006897796332,1.6604980024578766,1.6589636156518677,1.4267343781769208,1.138817485371667,1.9686539528528546,1.322615886779702,1.3414636413069105,1.180361941685777,1.6056221969420006,1.4267343781769208,1.6053990940548957,1.2352346100311171,0.9737689149087059,0.8105844270277414,1.1844475471165992,2.0019984788720566,1.1682837218177047
FOODS_3_701_TX_3_validation,0.6315300612011717,1.16330891573492,0.7340938283642996,0.5424808774821093,1.1844475471165992,1.0996499469627439,1.0300715633893605,0.9703501004888933,0.7839997446866565,0.9737689149087059,0.8105844270277414,1.1839902834178049,1.0996499469627439,1.2175424727842485,0.947184232567621,0.947184232567621,0.8135796414080254,1.1654021677127513,1.032832088024695,1.0306929421036004,1.3936039463784078,1.138817485371667,0.7839997446866565,0.9737689149087059,0.8105844270277414,1.032832088024695,1.0996499469627439,0.9062484883374422
FOODS_3_702_TX_3_validation,12.444974387708696,7.430504077115494,4.79591995011577,6.102092780931538,7.534764089541664,11.287890165874938,14.867366745010436,12.135833209315226,7.993979336394494,5.329515458967855,6.288301209030165,9.508279735331088,10.034797333951312,11.020589087896937,10.116837330263781,7.701818716088016,7.512428139003904,8.704310753687484,8.641799140636618,10.499869895827306,12.59535710532553,11.946455349303502,8.169750003894634,7.492304793298317,8.310616259209096,9.546056024222665,11.824527672878498,13.271744174628427
FOODS_3_703_TX_3_validation,0.6327236683072046,0.7839997446866565,0.7340938283642996,0.5424808774821093,0.5761108019771559,1.6658205222096831,0.977031653312097,0.9703501004888933,1.103166455345786,0.9737689149087059,0.8105844270277414,0.9923570306137595,1.2471798006238257,1.2175424727842485,0.947184232567621,0.947184232567621,1.1406632848595868,1.641909886752823,1.098917895370175,1.2223261949076434,1.0259092199802056,1.3049528486089832,0.9703501004888933,0.9737689149087059,0.9733122419285445,0.844214351522788,1.5418792803046701,1.1682837218177047
FOODS_3_704_TX_3_validation,3.281004552619244,1.2149892511396088,2.7246540456423327,1.9960571541928482,2.489115164569241,2.034833588090522,3.3040949260406665,2.098439992367268,2.3305474781198,2.8360540781389827,1.71603918632125,2.9950421064875346,2.2214814673560666,2.0223218349375687,1.455299532166227,1.1702644425125823,2.074318923502957,1.5014997563583843,2.8989467971925427,1.9423371658155353,1.8760916595925472,1.8237288090261983,1.0423276332833826,2.4165643853047287,1.8852971939930794,1.7280645367550411,1.6715652814611235,2.374834579972133
FOODS_3_705_TX_3_validation,0.9878876357967178,0.9642650948952841,0.5630136271702179,0.7463687685921706,0.5936483372849805,0.6604661962230294,0.9237860236452667,0.801537279994481,0.9878876357967178,1.1829397030205755,0.8281219623355659,1.201527818725629,1.2688029413624722,1.0434467552880298,0.9647217678754455,0.9647217678754455,0.83111717671585,0.9913064502165304,0.8617518868306125,1.0482304774114246,1.0434467552880298,1.1563550206794913,1.1207039906536103,0.9913064502165304,0.8281219623355659,0.8617518868306125,0.9285697457686615,1.1124037601471732
FOODS_3_706_TX_3_validation,1.9325606161869517,1.5469074360049804,1.0623690760085587,1.1874111533538265,1.9619543541109077,2.979137858307044,3.088676696229571,2.019864295563983,1.3132151913560537,0.9737689149087059,0.8105844270277414,1.2068998481301447,1.916171051603283,3.2983684609442103,3.2773253360998886,2.010287482145334,2.4327404413000555,1.2502938518309579,1.1844475471165992,1.4090780683560327,2.4211336926708427,2.3521534874705057,1.84352450556304,1.5556092388378622,1.6266858645341213,2.0920130581694303,2.218576650914077,2.01267851585651
FOODS_3_707_TX_3_validation,1.6954386983811676,1.6954386983811676,1.9863124168955764,1.2729433682757045,0.9705847057208599,1.4026920818571,1.5723772367014763,1.6954386983811676,1.6954386983811676,1.9133921651540224,1.556736299678672,1.7476196216714504,1.9899137180960274,2.9802255158955466,2.176511026457858,1.970070961139681,1.8083323055098683,2.587517565169232,2.1414730968074274,2.388648274297046,3.2509943527858494,2.442474355264865,1.9794484324902104,2.5346613427618414,2.418021570781741,1.8081513651595296,1.9750294131943447,2.4485323371990257
FOODS_3_708_TX_3_validation,1.2352346100311171,0.7839997446866565,0.5454760918623933,0.5424808774821093,0.5761108019771559,0.8315463974171111,1.2423960785004309,0.7839997446866565,0.9703501004888933,1.3414636413069105,1.4260145640296553,1.1839902834178049,1.0996499469627439,1.0259092199802056,1.138817485371667,1.138817485371667,1.5805959492275083,1.2502938518309579,0.844214351522788,1.0306929421036004,1.3936039463784078,1.3049528486089832,0.9703501004888933,1.1757187495968189,0.8105844270277414,0.844214351522788,0.9110322104608369,1.2464816839312531
FOODS_3_709_TX_3_validation,1.103166455345786,1.2585859811704043,1.1406632848595868,0.8105844270277414,0.7647285384790622,0.9110322104608369,1.094866224839349,1.5430991197137076,1.13856070468012,1.1654021677127513,0.9969347828299783,0.9923570306137595,1.0996499469627439,1.2175424727842485,1.312976375991784,0.947184232567621,1.1406632848595868,1.1654021677127513,1.1844475471165992,1.2223261949076434,1.2175424727842485,1.138817485371667,1.103166455345786,1.1654021677127513,0.9969347828299783,0.844214351522788,1.0996499469627439,1.094866224839349
FOODS_3_710_TX_3_validation,0.40240759967484035,0.5316586610166041,0.5543817618396361,0.551386547459352,0.7736342084563049,0.6518343308924476,1.0389772333666034,0.7929054146638992,0.7929054146638992,0.9826745848859486,0.8194900970049841,1.0012627005910035,1.1085556169399868,1.0348148899574485,1.14772315534891,0.9560899025448637,0.8224853113852681,0.9826745848859486,0.8531200215000307,1.0395986120808434,1.0348148899574485,1.14772315534891,0.7929054146638992,0.9826745848859486,0.8194900970049841,0.8531200215000307,0.9199378804380797,0.9151541583146849
FOODS_3_711_TX_3_validation,3.7540984612494563,6.883577175134857,7.390674365504021,5.920040715229667,11.525161208459009,8.367551899405145,9.401614934428656,5.943857745411469,5.880549159887027,7.636685740039875,6.566263530402891,9.894681031247792,9.482084171078087,10.224429080791898,10.58421958223703,8.891445365672288,8.41572190272865,8.889785180774597,9.62445416716522,9.927741512167177,12.051813482110214,10.26044341665846,8.03871441766965,8.543344607013479,7.1919627380820375,9.917397581139072,9.145549690004268,9.746323896471344
FOODS_3_712_TX_3_validation,0.7266408821494227,0.9878876357967178,1.158200820167411,0.7463687685921706,0.7822660737868867,0.6604661962230294,1.1124037601471732,0.801537279994481,0.801537279994481,0.9913064502165304,1.0144723181378041,1.201527818725629,0.9285697457686615,1.0434467552880298,1.1563550206794913,1.1563550206794913,1.0197349132177573,0.9913064502165304,1.0503696233325193,1.0482304774114246,1.0434467552880298,0.9647217678754455,0.9878876357967178,1.1829397030205755,0.8281219623355659,0.8617518868306125,0.9285697457686615,1.1124037601471732
FOODS_3_713_TX_3_validation,0.1037629673018797,0.5402905263471859,0.7516313636721241,0.5600184127899338,0.5936483372849805,0.6604661962230294,0.6556824740996346,0.801537279994481,0.801537279994481,0.9913064502165304,0.8281219623355659,1.0098945659215852,0.9285697457686615,1.0434467552880298,0.9647217678754455,1.1563550206794913,0.83111717671585,0.9913064502165304,0.8617518868306125,1.0482304774114246,1.0434467552880298,0.9647217678754455,0.801537279994481,0.9913064502165304,0.8281219623355659,0.8617518868306125,0.9285697457686615,0.9237860236452667
FOODS_3_714_TX_3_validation,13.538438562919204,18.982619935093044,19.58479064199719,18.34601934056929,22.26958647530945,23.352566899877214,21.117808718434368,16.953768154364383,18.851701580829637,20.009204959899815,20.310223777530382,20.751956897338808,25.140617982858142,27.346381133355575,24.415346087604508,22.85776517399053,20.601408237119344,21.169369050141093,19.437580956923032,24.435097885922133,27.462810410914006,21.98667949895807,22.039153766475124,23.35170647173781,19.624464404810432,22.700086169848174,22.887933814546933,22.3258854592768
FOODS_3_715_TX_3_validation,3.028799011369981,1.980946774808559,0.87706262155012,0.5600184127899338,0.9855749618825299,1.117187482270568,1.4320317278919679,1.3242744322368034,1.8418498173855957,1.3476783464217899,1.0144723181378041,1.820316296638011,1.1868459541026928,1.411141481686232,1.7652173882350302,1.5349701705439467,1.0683146900557274,1.3590011766147347,1.0370726845596887,1.7163714492555393,1.6255466753602021,3.2286061916743374,1.657702322407214,1.2366239240270536,0.8281219623355659,0.8617518868306125,1.26471733593165,1.4320317278919679
FOODS_3_716_TX_3_validation,1.0438190320894074,1.796614948604625,1.362327877437675,0.9228710981462749,1.9661214043190773,1.6939283541275933,1.5116866707751957,1.5054362576439486,2.5581094109538207,1.9866160074198502,1.556736299678672,2.0174272784211316,1.9111805953212158,2.0660220105583735,1.9816620303850854,2.1792378779013837,2.3105011361959535,2.2957203890268056,1.8245505093110064,2.075575416983129,2.149285488885117,2.217944443166891,1.788076097334235,1.9249832343994269,1.7583298096612954,2.69669663757294,2.265878137354927,1.90162718889646
FOODS_3_717_TX_3_validation,0.7091033468415981,0.5227529910393613,0.9242531643176932,0.9733122419285445,0.7647285384790622,1.6658205222096831,2.2090232444893214,1.0327891792871904,0.7839997446866565,1.1654021677127513,0.8105844270277414,1.3600517570119641,1.0863530081899133,1.2404520374965884,1.138817485371667,1.138817485371667,1.0021973779099322,1.1654021677127513,1.1844475471165992,1.0306929421036004,1.2175424727842485,0.947184232567621,0.7839997446866565,0.9737689149087059,1.1354006897796332,0.844214351522788,1.5418792803046701,1.276322627910304
FOODS_3_718_TX_3_validation,0.8814936003926143,0.8814936003926143,0.9042167012156462,0.9228710981462749,0.9705847057208599,1.90210643419784,1.6843749477028376,1.5054362576439486,1.5054362576439486,1.684167704629496,1.556736299678672,1.7640187658229272,1.9914285573458215,2.0660220105583735,1.8983985520583426,1.8983985520583426,1.739675412730667,1.9662483875614123,1.904798471335612,2.075575416983129,2.0660220105583735,1.8983985520583426,1.7100955160092988,1.9249832343994269,1.7583298096612954,1.8245505093110064,1.9111805953212158,1.9818751509210657
FOODS_3_719_TX_3_validation,0.3242535634976318,0.7091033468415981,0.5454760918623933,0.5424808774821093,1.3649213147638448,0.9110322104608369,0.6381449387918101,0.9703501004888933,0.7839997446866565,1.1654021677127513,1.4260145640296553,1.6604980024578766,1.1778371282424605,1.932155327198293,1.4950254109997427,1.747679852927206,1.322615886779702,1.3414636413069105,1.0195351492518645,1.2223261949076434,1.2404520374965884,0.947184232567621,0.9467275595874596,0.9737689149087059,0.8105844270277414,0.844214351522788,1.0996499469627439,0.9062484883374422
FOODS_3_720_TX_3_validation,0.0981726906771028,0.5347002497224089,1.0141446365929805,0.8225316857107889,0.5880580606602035,0.6548759195982524,0.6500921974748577,0.795947003369704,0.795947003369704,0.9857161735917535,0.8225316857107889,1.0043042892968084,0.9229794691438845,1.037856478663253,1.1507647440547144,0.9591314912506685,1.0141446365929805,0.9857161735917535,0.8561616102058356,1.0426402007866478,1.229489731467296,0.9591314912506685,0.795947003369704,1.1773494263957986,1.0088820415130273,0.8561616102058356,0.9229794691438845,0.9181957470204898
FOODS_3_721_TX_3_validation,0.08622543199405518,0.5227529910393613,0.8135796414080254,0.5424808774821093,0.5761108019771559,0.6429286609152048,0.6381449387918101,0.7839997446866565,0.7839997446866565,1.1654021677127513,0.8105844270277414,0.9923570306137595,0.9110322104608369,1.0259092199802056,1.138817485371667,0.947184232567621,0.8135796414080254,0.9737689149087059,0.844214351522788,1.0306929421036004,1.0259092199802056,0.947184232567621,0.7839997446866565,1.1654021677127513,0.8105844270277414,0.844214351522788,0.9110322104608369,0.9062484883374422
FOODS_3_722_TX_3_validation,1.1756801963702428,0.5227529910393613,0.5454760918623933,0.7288312332843461,0.5761108019771559,0.6429286609152048,1.6285931040094241,1.0327891792871904,0.7839997446866565,0.9737689149087059,1.1354006897796332,0.9923570306137595,0.9110322104608369,1.4042943462326378,0.947184232567621,0.947184232567621,0.8135796414080254,0.9737689149087059,1.1844475471165992,1.0306929421036004,1.0259092199802056,0.947184232567621,0.7839997446866565,0.9737689149087059,0.8105844270277414,0.844214351522788,0.9110322104608369,1.5370955581812753
FOODS_3_723_TX_3_validation,2.878939583715219,5.582699616072371,10.144305222487068,9.826540477302713,18.956413862998687,25.47718655306225,16.653113648509834,12.45611161204167,9.114880606123243,11.239722073848673,9.344454024441072,18.254435428858873,18.686007489092244,18.1374992421853,12.87012766497816,11.194675786959655,9.580506966830917,11.197685439634904,17.8094598481615,18.818709277426194,21.07125105786946,17.601145777752695,14.577179443901677,13.635713119683432,11.49259216632636,17.998380665837534,22.274412102990212,20.55676204780798
FOODS_3_724_TX_3_validation,0.4860489347070683,0.6470331784635688,0.5087720355300996,0.5057768211498156,0.7874429120766392,1.1691278545627626,0.8510244888065406,0.8882125489970087,1.0210289038539007,0.916997475462557,1.0532631382877478,0.9355855911676103,0.8542607710146881,1.1369523612076102,0.8904127931214721,0.8904127931214721,0.7568082019618766,0.916997475462557,0.7874429120766392,1.140188643415758,0.9706852204493025,0.8904127931214721,0.7272283052405076,0.916997475462557,0.7538129875815925,0.9506945365328086,1.0175123954708585,1.0142761132627107
FOODS_3_725_TX_3_validation,0.6945397660023409,0.955786519649636,0.7990160605687682,0.527917296642852,1.3361145755223227,0.6283650800759476,0.891684907498185,0.955786519649636,0.955786519649636,0.9592053340694486,0.7960208461884841,1.3454881761727069,0.8964686296215797,1.2029788919449913,0.9326206517283637,1.1242539045324098,0.7990160605687682,1.3269000604676533,0.8296507706835308,1.2077626140683861,1.3790403655391505,0.9326206517283637,0.955786519649636,1.150838586873494,0.7960208461884841,0.8296507706835308,0.8964686296215797,1.0803026440000918
FOODS_3_726_TX_3_validation,0.9090556318696805,1.103166455345786,1.1939489493503836,1.1318716536627884,1.180361941685777,1.0863530081899133,0.6381449387918101,0.7839997446866565,1.103166455345786,1.1654021677127513,0.8105844270277414,1.3600517570119641,0.9110322104608369,1.0259092199802056,0.947184232567621,1.138817485371667,0.8135796414080254,0.9737689149087059,0.844214351522788,1.2223261949076434,1.0259092199802056,1.6053990940548957,1.13856070468012,0.9737689149087059,1.1354006897796332,1.1844475471165992,1.251265406054648,0.9062484883374422
FOODS_3_727_TX_3_validation,2.4813947001376055,1.29106467131307,1.2079439030419348,0.7463687685921706,1.2552707469152202,1.695695568990297,3.3948422525545685,1.466263295806231,0.801537279994481,1.3590011766147347,1.4435520993374795,1.820316296638011,2.5343101099783465,4.2513091556164495,1.9852545565270787,1.3210936640807056,1.588252463697277,1.557097359595912,1.400149885014149,1.9018968296199774,3.5922904895492853,2.05236448443847,1.1445063187272888,1.9080247014675964,1.2677649064193701,0.8617518868306125,2.0195360141798817,3.6152341325635526
FOODS_3_729_TX_3_validation,1.4113178649036324,0.9642650948952841,1.7780697868109097,2.0676689201445178,1.1048635094173438,2.074906695394342,1.2853314537705363,1.1207039906536103,1.1207039906536103,1.193256284904643,1.6529073589571213,1.5815995845478192,2.380795146447865,1.4357432040371532,1.7652173882350302,2.6974137282284576,1.7821154880050265,1.581170394736104,1.3199019229895428,1.4266156036638569,1.0434467552880298,1.3305139112996083,1.4775734420855031,1.9080247014675964,1.2677649064193701,1.0503696233325193,1.7658768314009827,1.2853314537705363
FOODS_3_730_TX_3_validation,0.6528127490317123,0.5372334801615528,1.0166778670321244,0.8250649161499328,1.2522137007295873,1.261660289746017,0.6541728678292488,0.7984802338088479,1.1176469444679773,0.9882494040308973,1.0114152719521712,1.0068375197359523,0.9255126995830284,1.041937149017644,0.9616647216898124,0.9616647216898124,1.0166778670321244,1.1798826568349425,1.1989280362387904,1.0451734312257916,1.041937149017644,0.9616647216898124,0.7984802338088479,1.1798826568349425,1.0114152719521712,0.8586948406449795,1.2657458951768392,0.9222764173748809
FOODS_3_731_TX_3_validation,1.030102928003778,0.7929054146638992,0.9852131262860712,1.5560383736527736,0.9049795755811547,0.6518343308924476,1.0904749560437614,0.7929054146638992,0.7929054146638992,1.1743078376899942,0.9822179119057872,1.8116844313074298,1.1782140887721115,1.2264481427614915,1.3138585185862262,0.9560899025448637,1.0111030478871756,0.9826745848859486,1.0284408192291075,1.2312318648848863,1.4025096163556507,1.14772315534891,0.979255770466136,1.3503693112841535,1.005840452807222,0.8531200215000307,0.9199378804380797,1.255387353908496
FOODS_3_732_TX_3_validation,2.111933468821733,1.0845927656296346,1.237666553405669,1.0521731556312708,1.0998867632058558,1.1744154752818285,1.3863725306917325,1.2080866566843007,1.0039388619792735,1.9979936280548962,1.930091972257385,1.8709203292135785,2.5155497253017303,1.8950050699427412,2.345806508850969,1.75455847532222,2.5154592189387897,2.375784415389181,1.7157280169431417,2.358728438654143,1.960215034492646,2.735862321278588,1.7909712681473657,2.4233647109392993,1.6472399365937611,1.7157280169431417,1.802358102953351,2.0160308329720626
FOODS_3_733_TX_3_validation,1.2405489015602764,0.8936131307022289,0.9242531643176932,0.7288312332843461,0.5761108019771559,1.0863530081899133,1.2956681974917994,0.9703501004888933,0.7839997446866565,0.9737689149087059,0.8105844270277414,1.3600517570119641,1.0996499469627439,1.2175424727842485,1.138817485371667,1.138817485371667,0.8135796414080254,1.1654021677127513,0.844214351522788,1.2223261949076434,1.2175424727842485,0.947184232567621,0.7839997446866565,0.9737689149087059,0.8105844270277414,0.844214351522788,1.251265406054648,1.5370955581812753
FOODS_3_734_TX_3_validation,6.9099425092631295,7.231758877631445,5.685198716236109,4.135111220150071,5.811690127860355,4.60879648103515,5.653671306190403,4.79710933328306,4.419722799137082,4.157760023193422,4.73549446018248,5.3962245255402745,5.066828334602937,5.024360911549441,4.559637896522858,5.4436233108945595,3.9228471581935964,4.1460641169953485,3.945871994085737,4.4421472090047756,5.069273486219979,5.863183696814646,5.440507482642107,3.780795866073103,3.4225775289141973,4.537252112780071,4.304861172933154,4.70629071126296
FOODS_3_735_TX_3_validation,0.08622543199405518,0.5227529910393613,0.9242531643176932,0.7288312332843461,0.5761108019771559,1.3045510705454448,0.6381449387918101,0.7839997446866565,0.9703501004888933,1.1654021677127513,1.1354006897796332,0.9923570306137595,0.9110322104608369,1.0259092199802056,0.947184232567621,0.947184232567621,0.8135796414080254,0.9737689149087059,0.844214351522788,1.0306929421036004,1.0259092199802056,0.947184232567621,0.7839997446866565,0.9737689149087059,0.8105844270277414,0.844214351522788,0.9110322104608369,0.9062484883374422
FOODS_3_736_TX_3_validation,0.11289074390536975,0.6714488905315512,0.6941719913545832,0.7128263882852118,0.7605399958597968,0.8350687079357697,0.830284985812375,0.9408672570106204,0.9408672570106204,1.108412995142798,0.9891015506626163,1.1627344052383022,1.111343870313176,1.2039974477426698,1.0818283128017137,1.0818283128017137,0.9704471537319883,1.1300626064537103,1.0368151582372032,1.2087811698660647,1.2039974477426698,1.0818283128017137,0.9408672570106204,1.108412995142798,0.9891015506626163,1.0368151582372032,1.111343870313176,1.106560148189781
FOODS_3_737_TX_3_validation,0.1037629673018797,0.801537279994481,0.83111717671585,0.5600184127899338,0.5936483372849805,0.6604661962230294,0.6556824740996346,0.801537279994481,0.801537279994481,0.9913064502165304,0.8281219623355659,1.0098945659215852,0.9285697457686615,1.0434467552880298,0.9647217678754455,1.1563550206794913,0.83111717671585,1.1829397030205755,1.0503696233325193,1.0482304774114246,1.0434467552880298,0.9647217678754455,0.9878876357967178,1.1829397030205755,0.8281219623355659,0.8617518868306125,0.9285697457686615,0.9237860236452667
FOODS_3_738_TX_3_validation,4.14271494889851,2.019132982012375,2.4151156577815183,2.094538464396549,2.8272826111480933,3.0995432777719207,3.7008058763034604,4.638393072734094,2.5706202194334113,2.269792195313628,2.0449233474803754,2.837985689038554,4.551614760437598,5.9729403470132905,4.3336819738919194,3.0737388232315377,2.885585137041771,2.5633912419745783,3.670335638598796,4.040758361999448,5.151993159037285,4.9599249919086486,2.9119381278246648,2.678987480626111,2.7987744183663166,3.1508111599038,3.8243293560381946,4.714021356432572
FOODS_3_739_TX_3_validation,5.692065644859913,2.8422286134445653,2.496519936959601,2.0756014493427246,3.7607888923493915,2.6886195203632797,4.374883372242213,3.928596389785073,3.639606302862292,3.651355260834575,2.7326970664266215,4.636013170136044,4.614956098552172,3.9768252801658255,4.104506507256534,5.368061108515729,3.6835844069492807,3.1900853934885096,3.2104810851567813,4.062329137009045,4.340161558345155,5.124914712845602,3.5958229031717615,3.6137134810658793,2.6432239144627143,3.670335638598796,3.553132144131258,5.092584966967765
FOODS_3_741_TX_3_validation,4.435309471632321,4.774236532589934,5.650973368448394,2.6814297209986706,3.724560017902508,4.859733621830317,6.276763887023403,5.155751455030721,4.370903383896308,4.871448065904169,3.107450281796711,4.930653104383353,4.155428420188067,7.300905632509684,5.7294588416998184,4.078316552349335,3.491786782601851,3.6088024453565675,3.7762873669192514,4.049220963456062,5.910984262860218,6.237363788063179,6.056944769020443,6.195957007524269,3.6678502580687624,4.574579144550906,4.937085831055899,5.02362617420059
FOODS_3_742_TX_3_validation,0.6202131792955125,1.056252886949448,1.6132103363058605,1.3787148936686338,0.9705847057208599,1.4729624392181735,1.0403296956734394,1.406974755111377,1.2206243993091412,1.5923337997508507,1.6625078250716017,1.8586740440661866,2.2179427892475414,1.90726877620343,1.6459919530430074,1.6459919530430074,1.7280843434852626,1.9662483875614123,1.8883993271841353,2.0591762728316527,2.1328863447336404,1.8868074828129382,1.6985044467638943,1.9966556434807652,1.7583298096612954,1.8081513651595296,1.894781451169739,1.8852280447449832
FOODS_3_743_TX_3_validation,0.40240759967484035,0.5316586610166041,0.5543817618396361,0.9822179119057872,0.5850164719543987,0.6518343308924476,0.6470506087690528,0.7929054146638992,0.7929054146638992,0.9826745848859486,1.005840452807222,1.0012627005910035,1.260171076031891,1.2264481427614915,1.14772315534891,0.9560899025448637,1.440182829086852,1.3503693112841535,0.8531200215000307,1.4072933384790456,1.0348148899574485,1.14772315534891,0.7929054146638992,0.9826745848859486,1.1443063597568761,0.8531200215000307,0.9199378804380797,0.9151541583146849
FOODS_3_744_TX_3_validation,6.025192211603814,6.568719162167108,6.420801524101588,6.14654999190327,6.441726212019747,8.075031544535202,8.243702306810281,6.458925218538536,6.075854906402415,5.182212614953213,5.2361859403953375,5.166388373056111,7.6916556930427005,8.626281635769102,7.977703573712814,5.9812671889263695,5.225997378198934,6.604702525873399,4.804950266717856,6.577823751292183,8.45701468347625,7.064240940113394,6.120176569432933,5.521750172457438,6.255767313864107,4.281921099675038,6.152273596628085,7.762285547014038
FOODS_3_745_TX_3_validation,0.08622543199405518,0.5227529910393613,0.5454760918623933,0.5424808774821093,0.5761108019771559,0.6429286609152048,0.6381449387918101,0.7839997446866565,0.7839997446866565,0.9737689149087059,0.8105844270277414,0.9923570306137595,0.9110322104608369,1.0259092199802056,0.947184232567621,0.947184232567621,0.8135796414080254,0.9737689149087059,0.844214351522788,1.0306929421036004,1.0259092199802056,0.947184232567621,0.7839997446866565,0.9737689149087059,0.8105844270277414,0.844214351522788,0.9110322104608369,0.9062484883374422
FOODS_3_746_TX_3_validation,1.13856070468012,1.4706743030204732,1.296082810684205,1.3459705650880693,1.3649213147638448,1.2471798006238257,1.4144941925841437,1.3937803295958082,0.9703501004888933,1.3414636413069105,0.8105844270277414,0.9923570306137595,0.9110322104608369,1.3936039463784078,1.747679852927206,1.4950254109997427,1.431277159109609,1.1654021677127513,1.4750614213666213,1.3983876685018026,1.8363309506966305,1.529024556496778,1.8666708277761677,1.53153620369767,1.6266858645341213,1.098917895370175,1.251265406054648,1.4144941925841437
FOODS_3_747_TX_3_validation,0.1708814148857526,1.397193194312577,1.095936269336086,0.9375639990102115,1.4750971975301002,1.846906000485431,2.197264431490199,1.5085380892624811,1.5085380892624811,2.0240498267896045,2.1051654956907813,1.854793306182173,2.319744515086736,2.189627945313504,2.2210462747854227,1.9847638620036179,2.031638162867948,2.3104132898907417,1.9153250496702523,2.5116008675530423,2.5457225303779207,2.1912039273217943,1.9941413333541473,1.9280850660179594,1.7730227105252323,1.9153250496702523,2.3147710085257143,2.2865269454446318
FOODS_3_748_TX_3_validation,0.3417910988054563,0.801537279994481,1.158200820167411,0.5600184127899338,0.7822660737868867,0.6604661962230294,0.8443002106015409,0.801537279994481,1.1207039906536103,0.9913064502165304,0.8281219623355659,1.0098945659215852,0.9285697457686615,1.2350800080920727,1.1563550206794913,0.9647217678754455,0.83111717671585,1.3590011766147347,1.0503696233325193,1.0482304774114246,1.0434467552880298,0.9647217678754455,0.9878876357967178,1.1829397030205755,0.8281219623355659,0.8617518868306125,0.9285697457686615,0.9237860236452667
FOODS_3_749_TX_3_validation,1.021521160660982,0.6714488905315512,0.9704471537319883,1.6964535899627466,1.31595005657346,0.8350687079357697,1.6719849690297277,1.2140880461000247,1.1272176128128575,1.4918668583300227,1.3518087571018875,1.3543676580423447,1.111343870313176,1.459960245063276,1.7558023110780077,1.3631690623617612,0.9704471537319883,1.1300626064537103,1.0368151582372032,1.2087811698660647,1.3956307005467123,1.3251981272940476,0.9408672570106204,1.3000462479468404,1.7201102366955856,1.4239889626660593,1.111343870313176,1.4625524805726138
FOODS_3_750_TX_3_validation,1.27485423142712,0.7091033468415981,1.1406632848595868,2.6036023858108472,2.087306826033574,1.752940495913467,1.085070559404697,0.9703501004888933,1.5430991197137076,1.341732732374621,1.1874111533538265,1.3707421568661942,1.7638275227525841,1.3156799557821846,1.8283245090149933,3.1158239617491787,1.4121961275742323,1.1654021677127513,1.4750614213666213,1.2452357596199832,1.932155327198293,2.6220200112885377,1.9325606161869517,1.341732732374621,1.5753333541475547,1.681646831117941,1.7605660639902265,1.3833221353899037
FOODS_3_751_TX_3_validation,0.9080936198244204,0.9848305896110847,1.6756967825177398,0.8710103609842029,1.0340156383740557,0.6574091500373963,1.6912358901217397,1.288007625127437,0.7984802338088479,1.3540415474550596,0.8250649161499328,1.0068375197359523,1.1141304360849351,1.4203222752700762,1.1532979744938583,0.9616647216898124,1.4457576482318002,1.3559441304291018,1.4895419104888126,1.0451734312257916,1.2335704018216869,0.9616647216898124,0.9848305896110847,1.1798826568349425,0.8250649161499328,1.1989280362387904,0.9255126995830284,1.1108941538767874
FOODS_3_752_TX_3_validation,8.110060988363339,5.912741655969358,6.393919493610257,5.7438374730582265,5.4087377293807295,6.847901519052204,9.732168595391036,7.160925931398859,8.141649148099892,9.502119089254206,8.79436699885987,8.273298874930521,8.049353631679939,11.51016318311672,11.765405585741895,9.996521017959175,8.425676749833137,11.190721277550447,8.49078764755994,12.478519044560406,11.169209047857144,10.525084767825005,7.790550554986608,10.112026834614204,8.051492467895864,7.532526990960423,9.817189233305191,11.569508894962448
FOODS_3_753_TX_3_validation,0.6434773198842193,1.5451653575586994,1.3454178061994835,0.5544281361651568,0.8561616102058356,0.8434936561001587,1.0420188220724078,0.795947003369704,1.2705332398534517,0.9857161735917535,1.4379618227127027,1.0043042892968084,0.9229794691438845,1.7059974505073676,2.273457803094154,2.273457803094154,1.322971224202094,1.8669015395579125,1.2073121388851662,1.1701066442979087,1.972757989367366,1.5349701705439467,1.3191608054032224,1.3590011766147347,0.990849777236369,1.0503696233325193,0.9588697697398568,1.0935165447495658
FOODS_3_754_TX_3_validation,1.0755671117482322,0.577122844761059,0.599845945584091,0.7832010870060437,0.6304806556988536,0.6972985146369025,1.2410980737139645,0.8383695984083541,1.0247199542105918,1.0281387686304049,0.864954280749439,1.0467268843354582,0.9654020641825346,1.0818265136171499,1.0015540862893189,1.666770292229043,1.372395163693194,1.0281387686304049,0.8985842052444857,1.0850627958252976,1.0818265136171499,1.1931873390933643,1.0475795050177386,1.0281387686304049,0.864954280749439,0.8985842052444857,0.9654020641825346,1.3248955702351484
FOODS_3_755_TX_3_validation,0.23811474880638867,1.7796847846320543,1.5493998732869738,3.1782039946992025,2.9920475927487855,2.4057686382565273,3.6869854374355784,2.2769537877784933,1.8941017634758703,2.1120552302487257,2.21828669654904,4.170768777148482,3.0487280572202766,4.625348207009961,3.0608919643009935,2.573904086438931,2.3774833965525057,2.4271501202008716,4.039555486649933,4.792169921520403,6.0050562017875215,3.723580019010214,2.9769526846571654,2.4145035330390776,3.086284104324691,3.586508579210514,4.378359340438751,5.718584110121979
FOODS_3_756_TX_3_validation,7.307890863745757,5.836773736934228,5.675889881318153,5.022647688563076,4.885092682660378,7.981846634107004,8.185814202951384,5.508119051921254,5.677538664336617,5.8711972513839195,3.933439255174408,5.553662927309432,7.098571700045861,8.94742837185421,6.060930100434936,6.557377736340736,6.762302219827693,6.9690373108535475,5.463329732140901,8.22598439819609,10.084495278150499,8.22917047766426,5.625847412430597,6.997727081435552,6.597005670938432,5.767999786043068,8.789111607105678,9.290975274420367
FOODS_3_757_TX_3_validation,5.017399857179492,6.853163429344599,5.586388856672453,4.664659008798557,5.884529511399305,6.137552370838764,6.1260510377479305,4.317509376350734,4.753868410679837,6.884359525233766,4.425338612849413,5.8921805021084355,5.142375347968145,5.780954750710701,5.62697437152341,6.148243191710651,4.540875406210774,6.578139701221304,5.463329732140901,7.142975561465613,8.664383773830979,6.96303283252264,6.266526864023172,5.912337488591918,5.8633264447089575,5.910393203947033,5.9870947317233,7.379934561193837
FOODS_3_758_TX_3_validation,0.08622543199405518,0.5227529910393613,0.5454760918623933,0.5424808774821093,0.5761108019771559,0.6429286609152048,0.6381449387918101,0.7839997446866565,0.7839997446866565,0.9737689149087059,0.8105844270277414,0.9923570306137595,0.9110322104608369,1.0259092199802056,0.947184232567621,0.947184232567621,0.8135796414080254,0.9737689149087059,0.844214351522788,1.0306929421036004,1.0259092199802056,0.947184232567621,0.7839997446866565,0.9737689149087059,0.8105844270277414,0.844214351522788,0.9110322104608369,0.9062484883374422
FOODS_3_759_TX_3_validation,0.5316586610166041,0.979255770466136,1.0111030478871756,1.4349202340068983,0.8531200215000307,0.9199378804380797,1.103771894816592,0.979255770466136,0.979255770466136,1.650815556730066,1.0566876103448621,1.0012627005910035,0.9199378804380797,1.2264481427614915,1.6143047640321386,1.3124617987501244,1.146039918719985,0.9826745848859486,0.8531200215000307,1.4072933384790456,1.4025096163556507,1.1580397372329776,0.979255770466136,1.1743078376899942,1.005840452807222,1.041737758001938,1.1085556169399868,1.103771894816592
FOODS_3_760_TX_3_validation,3.8073859018164025,1.839545810500287,1.1558444012619007,1.3972078247881332,2.056037942801736,1.8153254308687412,2.6692067795207803,2.75782918032981,1.6820562623233808,1.5169726228584128,1.0448102807890174,1.892861525451576,1.9934251830397438,1.995156588289054,2.0586883074574063,2.0736785110385587,2.1847747308845356,1.536588164709486,1.565480801940325,1.85847981936879,3.0270943464303484,2.963922664217409,1.6820562623233808,1.541045657998605,1.3252362928578807,1.3378964749302324,1.735020783511062,3.3766155776122764
FOODS_3_761_TX_3_validation,1.13856070468012,0.5227529910393613,0.7340938283642996,0.8105844270277414,0.5761108019771559,1.0996499469627439,1.0815692860665185,0.7839997446866565,0.7839997446866565,1.1654021677127513,0.9969347828299783,1.1839902834178049,1.0996499469627439,1.0259092199802056,1.138817485371667,1.138817485371667,0.8135796414080254,1.3414636413069105,0.844214351522788,1.2223261949076434,1.0259092199802056,1.138817485371667,0.7839997446866565,0.9737689149087059,0.9969347828299783,0.844214351522788,1.0996499469627439,1.2464816839312531
FOODS_3_762_TX_3_validation,0.3417910988054563,0.5402905263471859,0.5630136271702179,0.7463687685921706,0.5936483372849805,0.8490839327249357,0.6556824740996346,0.9878876357967178,0.801537279994481,1.1829397030205755,1.1529382250874574,1.0098945659215852,1.117187482270568,1.411141481686232,1.1563550206794913,0.9647217678754455,0.83111717671585,1.1829397030205755,1.0503696233325193,1.0482304774114246,1.0434467552880298,0.9647217678754455,0.801537279994481,0.9913064502165304,0.8281219623355659,0.8617518868306125,0.9285697457686615,0.9237860236452667
FOODS_3_763_TX_3_validation,0.1037629673018797,0.5402905263471859,0.5630136271702179,0.5600184127899338,0.8617518868306125,0.6604661962230294,0.6556824740996346,0.9878876357967178,0.801537279994481,0.9913064502165304,0.8281219623355659,1.0098945659215852,0.9285697457686615,1.0434467552880298,0.9647217678754455,1.1563550206794913,0.83111717671585,0.9913064502165304,1.0503696233325193,1.0482304774114246,1.0434467552880298,0.9647217678754455,0.801537279994481,0.9913064502165304,0.8281219623355659,1.0503696233325193,0.9285697457686615,0.9237860236452667
FOODS_3_764_TX_3_validation,5.253196482823812,3.0068044483277263,2.0170122292576522,3.3303750016033318,4.269540999992843,3.1376593239772563,4.667630501609962,3.838415449057089,2.1665522551232703,1.763209113869307,1.8341259938759469,2.560025558803056,2.615447350209636,3.630001810189531,4.580815366204223,2.5015489207030153,1.5769834438143484,1.78282465572038,2.574788910195908,2.46269661718856,3.2189300197028055,3.706833056157091,3.0595534069722556,2.33797075880295,2.700950563738028,3.837025009576142,2.978302151524777,4.14817960203169
FOODS_3_765_TX_3_validation,1.301500080712492,0.801537279994481,1.2079439030419348,0.8281219623355659,0.5936483372849805,1.1038905434977375,1.474032525233536,0.801537279994481,0.9878876357967178,0.9913064502165304,1.0144723181378041,1.0098945659215852,0.9285697457686615,1.0434467552880298,1.1563550206794913,1.3224903839168074,1.4488146944174332,1.1829397030205755,1.2019850824244234,1.8586522081278496,1.9447116193904654,1.3210936640807056,0.9878876357967178,1.6594474220606472,1.171091001068373,0.8617518868306125,1.4368154500153627,1.7765813359370135
FOODS_3_766_TX_3_validation,0.09513110197129801,0.5316586610166041,0.5543817618396361,0.9822179119057872,0.5850164719543987,0.6518343308924476,0.8356683452709591,0.7929054146638992,0.7929054146638992,1.1743078376899942,0.8194900970049841,1.0012627005910035,0.9199378804380797,1.2264481427614915,0.9560899025448637,1.14772315534891,0.8224853113852681,0.9826745848859486,0.8531200215000307,1.0395986120808434,1.2264481427614915,0.9560899025448637,0.7929054146638992,0.9826745848859486,1.1443063597568761,0.8531200215000307,0.9199378804380797,0.9151541583146849
FOODS_3_767_TX_3_validation,0.23811474880638867,0.9701056749879348,0.9928287758109667,1.0230742419870016,1.132758419085549,1.4243613430877782,1.6614342816336656,1.7281465165787635,1.6925082534932474,1.8712397004787948,1.7553993647733752,2.0387634704129396,2.3077654009445268,3.233541872162282,2.410812354638076,2.08547054790764,1.9267474085799654,2.164911452656116,2.0992952139010175,2.6863467154173355,4.000117251936348,2.683530584236612,2.167113718389133,2.1120552302487257,1.9569928747559981,2.0992952139010175,2.818988857855402,4.526418980458168
FOODS_3_768_TX_3_validation,0.7091033468415981,0.7839997446866565,0.5454760918623933,0.9969347828299783,1.3649213147638448,1.0996499469627439,1.094866224839349,1.103166455345786,0.7839997446866565,1.1654021677127513,1.1354006897796332,1.3600517570119641,1.251265406054648,1.2175424727842485,1.3049528486089832,1.138817485371667,1.0021973779099322,1.3414636413069105,0.844214351522788,1.2223261949076434,1.0259092199802056,0.947184232567621,0.9703501004888933,0.9737689149087059,0.9969347828299783,0.844214351522788,1.0996499469627439,1.094866224839349
FOODS_3_769_TX_3_validation,3.707383500023324,3.183347887878632,1.873252136685586,2.9769450865058067,3.1313462673695964,2.864940502879806,3.4108118286068327,2.9135862458082857,2.366814475660215,1.9133921651540224,3.165371834671775,3.1762261414084465,2.6589234847247876,4.038781007519679,3.1704260172813625,2.176511026457858,2.2989100669505493,3.5123230201244247,3.8159789083497677,3.49475695358207,4.3662092701072615,4.431794561854213,2.3688686946301836,1.9966556434807652,2.5963283362750516,3.6504863561566814,3.183441665572797,3.7554929980517855
FOODS_3_770_TX_3_validation,0.1037629673018797,0.5402905263471859,0.9417906996255178,0.5600184127899338,0.7822660737868867,0.8490839327249357,0.6556824740996346,0.801537279994481,0.801537279994481,0.9913064502165304,0.8281219623355659,1.0098945659215852,0.9285697457686615,1.0434467552880298,0.9647217678754455,0.9647217678754455,0.83111717671585,0.9913064502165304,0.8617518868306125,1.0482304774114246,1.0434467552880298,0.9647217678754455,0.801537279994481,0.9913064502165304,0.8281219623355659,0.8617518868306125,0.9285697457686615,0.9237860236452667
FOODS_3_771_TX_3_validation,0.6315300612011717,0.5227529910393613,0.5454760918623933,0.5424808774821093,0.5761108019771559,0.6429286609152048,0.6381449387918101,0.7839997446866565,0.7839997446866565,0.9737689149087059,0.8105844270277414,0.9923570306137595,0.9110322104608369,1.0259092199802056,0.947184232567621,0.947184232567621,0.8135796414080254,0.9737689149087059,0.844214351522788,1.2223261949076434,1.3936039463784078,1.138817485371667,0.7839997446866565,0.9737689149087059,0.8105844270277414,0.844214351522788,0.9110322104608369,0.9062484883374422
FOODS_3_772_TX_3_validation,7.3307494862236595,3.7470805237186045,2.0337821690988447,3.8438981602324622,3.131280817899128,6.586449738111108,7.177939308518662,4.592916433088247,3.5026318492232753,2.65664569303497,3.924721984205301,3.044558825490401,4.567274323575621,7.163173295486057,4.321554111446983,4.406863025364356,3.9900207186784047,4.237236908663965,4.146190048066787,4.463505954873572,7.056533675959292,6.782918484062203,4.146802689595783,2.987764600011778,3.924721984205301,3.8715693228418857,5.723796904799651,7.0263840326955
FOODS_3_773_TX_3_validation,0.10070592111624665,0.9080936198244204,1.208429438472575,0.5569613666043007,1.0340156383740557,0.9255126995830284,0.6541728678292488,0.9848305896110847,0.7984802338088479,1.1798826568349425,0.8250649161499328,1.1984707725399961,0.9255126995830284,1.041937149017644,1.1532979744938583,0.9616647216898124,1.4457576482318002,1.1798826568349425,1.0473125771468863,1.2368066840298346,1.041937149017644,0.9616647216898124,0.7984802338088479,0.9882494040308973,0.8250649161499328,1.1989280362387904,1.1141304360849351,0.9222764173748809
FOODS_3_774_TX_3_validation,0.9335231272233951,0.5086687088332703,0.5303737039332317,0.5251111088532782,0.5578622819703731,0.6224612033424991,0.6214438587002745,0.7498480793667103,0.5888638356102093,1.412277306396176,0.7708246680571506,0.9512115709835358,1.0197902216382753,0.9863112002652273,0.9147929986656645,0.748525857907355,0.7760872631371041,0.7695024465977951,0.9551913002661486,1.1633900185016115,0.820044059506919,1.0809283619029808,0.5888638356102093,0.7695024465977951,0.6098404243006493,0.6403242167180748,0.7049231380902008,0.7039057934479762
FOODS_3_775_TX_3_validation,0.1037629673018797,0.7266408821494227,0.5630136271702179,0.5600184127899338,0.7822660737868867,0.6604661962230294,0.6556824740996346,0.801537279994481,0.9878876357967178,0.9913064502165304,0.8281219623355659,1.0098945659215852,0.9285697457686615,1.0434467552880298,1.1563550206794913,0.9647217678754455,0.83111717671585,0.9913064502165304,0.8617518868306125,1.0482304774114246,1.0434467552880298,0.9647217678754455,0.801537279994481,0.9913064502165304,0.8281219623355659,0.8617518868306125,0.9285697457686615,0.9237860236452667
FOODS_3_776_TX_3_validation,1.2095882711323476,0.979255770466136,1.304988480661448,0.8194900970049841,1.4839670913438643,1.2560854706010687,0.6470506087690528,0.979255770466136,0.7929054146638992,1.1743078376899942,1.1443063597568761,1.0012627005910035,1.1085556169399868,1.0348148899574485,0.9560899025448637,1.3138585185862262,0.8224853113852681,1.650815556730066,1.0962316440867625,1.0395986120808434,1.2264481427614915,1.3138585185862262,0.979255770466136,1.3503693112841535,1.1407773236400314,1.041737758001938,1.260171076031891,0.9151541583146849
FOODS_3_777_TX_3_validation,0.5316586610166041,0.5316586610166041,0.8224853113852681,0.7377369032615888,0.5850164719543987,1.0437609554899983,0.9151541583146849,0.7929054146638992,0.7929054146638992,0.9826745848859486,1.4349202340068983,1.1928959533950478,0.9199378804380797,1.0348148899574485,1.14772315534891,1.14772315534891,1.7110278350163028,1.3586620229422817,0.8531200215000307,1.0395986120808434,1.0348148899574485,0.9560899025448637,0.7929054146638992,1.3484667283101113,0.8194900970049841,0.8531200215000307,0.9199378804380797,1.103771894816592
FOODS_3_778_TX_3_validation,0.5227529910393613,0.5227529910393613,0.5454760918623933,0.5424808774821093,0.844214351522788,0.6429286609152048,0.9062484883374422,0.7839997446866565,0.7839997446866565,0.9737689149087059,0.8105844270277414,0.9923570306137595,1.0996499469627439,1.0259092199802056,1.138817485371667,0.947184232567621,0.8135796414080254,2.2939517082022505,1.098917895370175,1.2223261949076434,1.0259092199802056,0.947184232567621,0.7839997446866565,0.9737689149087059,0.9733122419285445,1.032832088024695,0.9110322104608369,1.094866224839349
FOODS_3_779_TX_3_validation,0.08622543199405518,0.5227529910393613,0.5454760918623933,0.5424808774821093,0.5761108019771559,1.0996499469627439,0.8267626752937164,0.7839997446866565,0.7839997446866565,0.9737689149087059,0.9969347828299783,0.9923570306137595,0.9110322104608369,1.0259092199802056,0.947184232567621,0.947184232567621,0.8135796414080254,1.1654021677127513,0.844214351522788,1.2223261949076434,1.0259092199802056,0.947184232567621,0.7839997446866565,0.9737689149087059,0.8105844270277414,0.844214351522788,1.0996499469627439,0.9062484883374422
FOODS_3_780_TX_3_validation,0.7788164391210055,0.5316586610166041,0.9852131262860712,0.8194900970049841,0.5850164719543987,1.3134567405226878,0.6470506087690528,0.979255770466136,0.979255770466136,0.9826745848859486,1.1443063597568761,1.1928959533950478,0.9199378804380797,1.2264481427614915,0.9560899025448637,0.9560899025448637,0.8224853113852681,1.1743078376899942,1.1933532170938421,1.0395986120808434,1.2264481427614915,1.14772315534891,0.7929054146638992,1.3503693112841535,1.005840452807222,0.8531200215000307,0.9199378804380797,0.9151541583146849
FOODS_3_781_TX_3_validation,0.39350192969759756,0.5227529910393613,0.7340938283642996,0.8105844270277414,0.5761108019771559,0.6429286609152048,0.8267626752937164,0.7839997446866565,0.7839997446866565,0.9737689149087059,0.9969347828299783,0.9923570306137595,0.9110322104608369,1.2175424727842485,0.947184232567621,0.947184232567621,1.0021973779099322,0.9737689149087059,1.032832088024695,1.0306929421036004,1.3936039463784078,1.138817485371667,0.7839997446866565,0.9737689149087059,0.9969347828299783,0.844214351522788,0.9110322104608369,0.9062484883374422
FOODS_3_782_TX_3_validation,4.769817412766837,3.848282619492906,5.918295921118602,3.7146183046872885,5.171004485368064,7.529321975316185,7.222502581692022,4.07782729129026,2.688634082532576,3.534795270666771,3.819508903896318,6.0116747123772605,7.499596806876018,6.033138389996014,4.369278793280193,2.6973460566626235,4.131603016357295,5.903489387193649,5.614999909256228,7.805230848010715,8.40426828320419,5.150212535222328,3.6290991024237758,5.049224985483932,4.670236245225798,5.755125200720369,8.31501188874762,8.184044936608318
FOODS_3_783_TX_3_validation,2.1060964498276906,2.3213643615459993,1.1707633195235498,0.7407784919673936,0.7766757971621098,1.5538265389877175,3.014035244974103,2.415510262663779,1.843879842985432,1.531891541120062,1.8992603996324067,2.1885560688556374,2.8111433821224243,2.564185078552225,4.2188383255117605,3.9114235700114195,1.866284094403852,2.6686206624218762,3.1659715275299662,2.43782102062991,2.5023264438524677,2.5982974947808053,2.2975039068160554,1.555964576260254,1.5864964415864624,1.638633458156635,1.476542053074721,1.8908908920860714
FOODS_3_784_TX_3_validation,0.3942166455253927,0.8814936003926143,0.9042167012156462,0.9228710981462749,0.9705847057208599,1.4026920818571,1.0403296956734394,1.2322154685545457,1.2322154685545457,1.4028269550694488,1.283515510589269,1.457148365164953,1.4057578302398268,1.4984114076693207,1.5678755255324068,1.6575830222884118,1.5380819027480437,1.7254328577914815,2.375541762669883,1.8221669043849262,1.8126134979601705,1.8983985520583426,1.7100955160092988,1.9249832343994269,1.7583298096612954,1.8245505093110064,1.9914285573458215,1.90162718889646
FOODS_3_785_TX_3_validation,9.216731688839086,9.803605613538771,8.48983410138676,8.049210650232691,11.358541782021511,8.452998589148823,10.885804551779273,10.307499304014183,8.385254597591139,8.104008882481622,8.122109595460207,11.760978226209595,11.151658707017093,14.281226590682811,15.039447886130967,11.709627086409295,8.561033647728506,10.478810634920704,9.417983807519562,10.484289112123337,15.149722836264981,12.747284516082917,10.862966047403313,11.114022599843642,8.432640559151187,9.546056024222665,8.954852553315243,10.283167787317998
FOODS_3_786_TX_3_validation,0.5227529910393613,0.7091033468415981,1.0021973779099322,0.5424808774821093,0.7647285384790622,0.9110322104608369,0.9062484883374422,1.3937803295958082,0.7839997446866565,1.1654021677127513,0.8105844270277414,0.9923570306137595,0.9110322104608369,1.0259092199802056,1.138817485371667,0.947184232567621,1.0021973779099322,1.3414636413069105,1.1844475471165992,1.0306929421036004,1.0259092199802056,0.947184232567621,0.7839997446866565,1.1654021677127513,0.8105844270277414,0.844214351522788,1.0996499469627439,1.094866224839349
FOODS_3_787_TX_3_validation,6.033727841506763,2.613107600840861,2.404091373384501,1.5861411041640705,5.734326082586467,2.9730648158610538,3.9451595207501273,5.45376464498107,4.4441613175606625,2.147696180569004,2.321686876163148,3.667017181701361,3.6990004423100484,4.079408912981464,3.499313319754682,3.130580887112397,2.5004946183174797,2.8378099368695007,2.5148860488419436,3.117073294513844,3.718593083124313,4.784309848755332,2.569304064956288,3.2488930831000293,2.41067299593512,4.217949358425395,2.6100385914700714,4.360005704542802
FOODS_3_788_TX_3_validation,0.41103946500542204,0.801537279994481,0.5630136271702179,0.7463687685921706,1.197899476993601,0.8490839327249357,0.6556824740996346,1.5324360045495078,1.0387347933343591,1.1829397030205755,0.8281219623355659,1.201527818725629,1.2688029413624722,1.411141481686232,1.3305139112996083,1.6229366293627199,1.0683146900557274,0.9913064502165304,1.0503696233325193,1.0482304774114246,1.2350800080920727,1.1563550206794913,1.1228245066295284,0.9913064502165304,0.8281219623355659,1.2019850824244234,0.9285697457686615,0.9237860236452667
FOODS_3_789_TX_3_validation,4.65145228986127,2.3945476948854965,2.078151448165589,2.3238224040441864,2.572554779677413,4.06843383997795,3.877633141325955,3.410711004635184,2.2043373975818836,2.2544552358648193,2.733531006625314,2.8015222612569937,3.4827139349759686,3.4814155118056784,4.145655757047685,3.6077279420165578,3.6679437525051872,3.8263013115580162,2.7229976189623106,3.1360829882691688,4.375064415432092,5.124914712845602,3.325914196976004,3.5033223191482565,3.2693920458991883,2.891697675008163,3.838950248944169,4.360442068242888
FOODS_3_790_TX_3_validation,0.08622543199405518,0.5227529910393613,0.5454760918623933,0.5424808774821093,0.5761108019771559,0.8315463974171111,0.6381449387918101,0.7839997446866565,1.103166455345786,1.3414636413069105,0.8105844270277414,0.9923570306137595,0.9110322104608369,1.0259092199802056,0.947184232567621,0.947184232567621,1.0021973779099322,1.1654021677127513,0.844214351522788,1.0306929421036004,1.0259092199802056,0.947184232567621,0.7839997446866565,0.9737689149087059,0.8105844270277414,0.844214351522788,0.9110322104608369,0.9062484883374422
FOODS_3_791_TX_3_validation,2.7416728029983877,2.3799490101259533,1.9017633844313129,1.339799873697138,1.408301685649744,1.2471798006238257,1.7725034474943324,1.5469074360049804,1.4802561989336431,1.3395610583328683,1.5753333541475547,1.3858504991776015,1.0996499469627439,1.6008384748186058,2.102485250280081,1.3151480500335369,1.0021973779099322,1.8904871661597722,1.098917895370175,1.9369390493216878,1.6532038674684342,1.729384572454792,1.8666708277761677,2.1440829646302637,1.5124904333674902,1.098917895370175,1.4192779147075385,1.9972147567486616
FOODS_3_792_TX_3_validation,3.8944302903392187,3.1669874927369124,3.2517079380526988,1.901999376897848,1.7783578141973122,3.4709354301229736,3.571400967207948,3.694867230242664,3.633675919384641,3.302496599850415,2.5424709995386174,2.7166302973437566,3.150506113686962,4.809992784263967,4.266975303634887,3.3285760989657116,2.63774736168685,4.29412885829533,3.0024238855435943,3.009107656333688,3.6750361988806857,4.423915180132961,3.3364136085115295,3.0849977336489665,2.8158801025025038,2.5863024349409125,3.9573090951500824,4.1779535284074765
FOODS_3_793_TX_3_validation,0.09513110197129801,0.5316586610166041,0.5543817618396361,1.005840452807222,0.5850164719543987,0.6518343308924476,0.6470506087690528,0.7929054146638992,0.7929054146638992,0.9826745848859486,1.1443063597568761,1.0012627005910035,0.9199378804380797,1.0348148899574485,1.14772315534891,1.14772315534891,1.1495689548368297,1.1743078376899942,0.8531200215000307,1.0395986120808434,1.0348148899574485,0.9560899025448637,0.7929054146638992,0.9826745848859486,1.005840452807222,0.8531200215000307,0.9199378804380797,0.9151541583146849
FOODS_3_794_TX_3_validation,0.09513110197129801,0.9556332295647023,0.7429994983415423,1.5188136411568063,1.0962316440867625,0.6518343308924476,1.0389772333666034,0.7929054146638992,0.7929054146638992,0.9826745848859486,0.9822179119057872,1.0012627005910035,1.1085556169399868,1.2264481427614915,0.9560899025448637,1.14772315534891,1.1495689548368297,1.1743078376899942,0.8531200215000307,1.0395986120808434,1.0348148899574485,0.9560899025448637,1.112072125323029,0.9826745848859486,1.5560383736527736,1.2042705501793618,0.9199378804380797,0.9151541583146849
FOODS_3_795_TX_3_validation,1.4314673430923173,0.7180090168188409,1.8707147815688152,0.8654355418392542,1.4839670913438643,0.9199378804380797,1.5460012281585183,1.1358744533967076,0.979255770466136,1.1846244195740618,1.005840452807222,1.368957426989207,1.550784950281913,1.8638669543129425,1.8115041037465935,1.201407376355388,0.8224853113852681,1.1743078376899942,1.041737758001938,1.6145278669192435,1.6535808279980853,1.4430748268866223,0.7929054146638992,1.3503693112841535,0.8194900970049841,1.041737758001938,1.2560854706010687,1.2513017484776738
FOODS_3_796_TX_3_validation,0.09513110197129801,0.5316586610166041,0.5543817618396361,0.8194900970049841,0.5850164719543987,0.9199378804380797,0.6470506087690528,0.979255770466136,0.979255770466136,0.9826745848859486,0.8194900970049841,1.0012627005910035,0.9199378804380797,1.0348148899574485,1.14772315534891,0.9560899025448637,0.8224853113852681,0.9826745848859486,1.041737758001938,1.0395986120808434,1.0348148899574485,0.9560899025448637,0.7929054146638992,0.9826745848859486,1.005840452807222,0.8531200215000307,1.1085556169399868,0.9151541583146849
FOODS_3_797_TX_3_validation,1.29106467131307,0.9878876357967178,0.7516313636721241,0.8281219623355659,1.2511715959849696,1.0523928208205795,1.259933613808255,0.801537279994481,0.9878876357967178,1.6594474220606472,1.0653194756754434,1.0098945659215852,1.2688029413624722,1.2350800080920727,1.3224903839168074,0.9647217678754455,0.993844991616653,1.3590011766147347,1.2019850824244234,1.0482304774114246,1.7115877271321445,1.3210936640807056,0.9878876357967178,0.9913064502165304,1.0144723181378041,1.4925989566744455,0.9285697457686615,1.4320317278919679
FOODS_3_798_TX_3_validation,0.08622543199405518,0.5227529910393613,0.5454760918623933,0.5424808774821093,0.5761108019771559,0.9110322104608369,0.6381449387918101,0.7839997446866565,0.7839997446866565,0.9737689149087059,0.9969347828299783,0.9923570306137595,0.9110322104608369,1.0259092199802056,0.947184232567621,0.947184232567621,0.8135796414080254,1.1654021677127513,0.844214351522788,1.0306929421036004,1.2175424727842485,0.947184232567621,0.7839997446866565,0.9737689149087059,0.8105844270277414,0.844214351522788,1.0996499469627439,0.9062484883374422
FOODS_3_799_TX_3_validation,0.08622543199405518,0.5227529910393613,0.7340938283642996,0.5424808774821093,0.5761108019771559,0.6429286609152048,0.6381449387918101,0.7839997446866565,0.7839997446866565,0.9737689149087059,0.8105844270277414,0.9923570306137595,0.9110322104608369,1.0259092199802056,0.947184232567621,0.947184232567621,0.8135796414080254,0.9737689149087059,0.844214351522788,1.0306929421036004,1.0259092199802056,0.947184232567621,0.7839997446866565,0.9737689149087059,0.8105844270277414,0.844214351522788,0.9110322104608369,0.9062484883374422
FOODS_3_800_TX_3_validation,10.508707031712646,11.141004861065145,10.245922757365056,8.82125047369262,11.951845356761869,17.105231237540337,13.596576178445474,11.260716165873319,11.217127606118275,10.340909681197019,8.375051502532955,10.229390876622523,12.992905589415502,14.061571075548965,14.538769229131901,11.98722701165093,11.50999941882178,11.424655988937928,12.067638065739617,14.400317376787807,14.642923630701134,14.23928164984663,10.646512944832274,10.880417436395552,9.751139336541218,10.356925199718978,14.313930314888406,13.010232700970272
FOODS_3_801_TX_3_validation,5.926395994447784,6.57708288320642,6.842405710972116,6.0156034989421405,6.690693060245179,7.974525773146047,8.974005186831727,7.955090218244379,8.917506768865591,9.31614585451798,7.664701947449685,7.876048215968046,6.810852547337672,7.156508801208467,6.274323749237252,5.877058346535323,5.40219780120935,5.663334007290819,7.261752832238446,7.536371477334043,6.959518229415519,6.105360083700061,4.869331138820494,4.092346512824582,4.2268572689653165,4.428758523998226,5.767890000388011,6.259800600832584
FOODS_3_802_TX_3_validation,0.17185203615655428,0.8929712042676887,0.9156943050907207,0.9343487020213493,0.9820623095959343,1.0607769399315723,1.0559932178081775,1.2478789906892838,1.8909591379740263,1.7137366457025396,1.756852014441003,1.7935877068959707,1.8608132313421402,1.8282770200949086,1.67324654442315,1.9279674931313862,1.7692443538037106,1.9958173286344558,1.85411945038405,2.0912389391178667,2.205065711624338,1.9140620741930807,1.7396644570823423,1.9545521754724704,1.787898750734339,1.85411945038405,1.9268441174559539,1.917290711031198
FOODS_3_803_TX_3_validation,1.070945787813385,1.4216676559753139,1.4535149333963517,0.9375639990102115,1.7401225095707105,1.5197546202118732,1.9160197885505676,2.036624832317889,1.5085380892624811,2.0240498267896045,2.1051654956907813,2.19146529710712,2.097982006450341,2.189627945313504,1.9015003836768751,1.9015003836768751,2.031638162867948,2.3104132898907417,1.9153250496702523,2.182128866087649,2.2728914236402473,1.9015003836768751,1.7911779289527674,2.0113485443447026,1.7730227105252323,2.2173355203312526,2.0177340444257372,2.105481085676196
FOODS_3_804_TX_3_validation,19.492786109676018,16.74495984727773,21.972895694765032,14.747949801897208,16.589253072541982,21.02540643739089,26.805749416607625,18.891486895153374,15.483225415763561,20.605115586501075,17.260762358579637,17.201712596761393,21.795099157184392,24.192659803135438,21.252417029484594,20.151041794100944,17.807711094476435,21.04323294234008,19.680253742389613,25.209566516678276,26.257526725002954,20.567551051773,17.97763022687802,20.82324379255604,17.091590005684203,18.410594528485124,21.27970010801867,24.241997920961094
FOODS_3_805_TX_3_validation,1.7932062357284728,2.2380120164511808,1.7397114959664728,1.5683634521598822,2.2472260364667216,2.7488809941783203,3.1707119986921186,2.017155566897681,1.7881121805700406,2.0113485443447026,1.7730227105252323,2.4376738202457693,2.391719524320248,3.4115834913869647,3.127908046070447,2.1912039273217943,3.158678191659391,2.5780841428385144,2.4577295478558945,2.815203440796862,3.3666048996878417,2.5877502268162713,2.850250777102463,2.9156180932846434,2.4697922327677184,1.995573011694858,2.391719524320248,3.1735319218874767
FOODS_3_806_TX_3_validation,0.5227529910393613,0.8936131307022289,1.0021973779099322,0.5424808774821093,1.0195351492518645,0.6429286609152048,1.094866224839349,0.7839997446866565,0.7839997446866565,1.1654021677127513,0.8105844270277414,1.1839902834178049,0.9110322104608369,1.0259092199802056,0.947184232567621,1.138817485371667,0.8135796414080254,1.1654021677127513,0.844214351522788,1.0306929421036004,1.0259092199802056,0.947184232567621,0.7839997446866565,1.1654021677127513,0.8105844270277414,1.1844475471165992,0.9110322104608369,1.094866224839349
FOODS_3_807_TX_3_validation,4.478245560752481,3.9591185511032814,2.3638510910556634,1.5861411041640705,1.9043661945714514,2.3725479899537882,2.1446397415148954,1.8595345018919387,1.9312686005210944,1.472345760511119,1.2908202156042514,1.3707421568661942,1.0863530081899133,2.697016511209895,4.410688614366904,3.099312494532118,2.3908317804531296,1.3613482742256942,1.9296190436004528,2.2386380168573186,3.7168540147923315,4.939310451539326,3.6290991024237758,2.358311636432202,1.6266858645341213,1.9433126894089798,2.530984138733763,3.439776950605339
FOODS_3_808_TX_3_validation,0.1708814148857526,0.8845954320111464,0.9073185328341784,0.9375639990102115,1.0472481761087604,1.1375557969300083,1.1498245604572237,1.2353173001730782,1.2353173001730782,1.4059287866879813,1.298208411453206,1.5338118355528525,1.8035475516148407,1.9362194327153013,1.6606848539069443,1.6606848539069443,1.5411837343665762,1.7401257586554184,1.9153250496702523,2.182128866087649,2.189627945313504,1.9015003836768751,1.7131973476278313,1.9280850660179594,1.7730227105252323,1.9153250496702523,2.0177340444257372,2.025233123651591
FOODS_3_809_TX_3_validation,6.010851354966551,6.110169273355953,6.051782798993602,6.586935296554812,8.10568577527082,8.699043995252227,10.006534322024942,8.43067444101606,7.956565989076847,9.10244849718908,7.909895199768399,7.562010703218067,7.68856008358524,8.161411547722146,6.620639392577468,6.158518591436368,5.40219780120935,5.916878220658128,7.261752832238446,6.865380411625374,9.742570419881645,7.417864925660421,4.798291165045003,4.208114870593961,4.475331313607297,5.245471651428558,5.408072374797043,7.271885355046523
FOODS_3_810_TX_3_validation,0.08622543199405518,0.5227529910393613,0.5454760918623933,0.8105844270277414,0.5761108019771559,1.0996499469627439,1.0300715633893605,0.7839997446866565,0.7839997446866565,1.1654021677127513,0.8105844270277414,0.9923570306137595,0.9110322104608369,1.2175424727842485,0.947184232567621,0.947184232567621,0.8135796414080254,0.9737689149087059,0.844214351522788,1.3983876685018026,1.0259092199802056,0.947184232567621,0.7839997446866565,0.9737689149087059,0.9969347828299783,0.844214351522788,1.0996499469627439,0.9062484883374422
FOODS_3_811_TX_3_validation,16.946512419226902,15.08182628121062,14.32838684434877,12.975640627015412,12.721351128075717,17.031296518149947,24.236504330874844,14.714685362997452,13.148703414192337,15.102213474725984,12.395577963752292,16.24699331149532,18.004619746796877,23.528009781299946,17.315165165821064,13.643067960070328,12.646194601813491,15.735120671039892,17.39776464478175,19.25521293953774,24.02396252606237,16.81687802394422,13.471953967658298,13.44929253079974,11.775434015099082,11.971068609491008,16.278930531924793,20.877672028451926
FOODS_3_812_TX_3_validation,0.5081894102001041,0.5081894102001041,0.7195302475250424,1.8463411198974455,1.0843543145309178,0.6283650800759476,0.891684907498185,0.955786519649636,0.7694361638473992,0.9592053340694486,1.1173080728235312,1.1694267025785476,1.2367018252153907,1.0113456391409483,1.5765923548133736,1.1895300467995433,0.9876337970706744,1.3269000604676533,1.4462546821250992,1.2077626140683861,1.0113456391409483,1.1345704864164774,0.7694361638473992,0.9592053340694486,1.120837108940376,1.0182685071854378,0.8964686296215797,1.0803026440000918
FOODS_3_813_TX_3_validation,0.5262749591270082,1.4719831654607263,0.7460410870473472,3.1629321070668945,2.1089400957111044,1.2892945835705152,0.838709933976764,1.4057275882788556,0.795947003369704,1.8669015395579125,1.5864964415864624,3.6903396331245535,1.7904271714656916,4.082314285072151,1.8426627317361834,2.273457803094154,1.2651698441748773,2.407381268730928,1.953925436845504,1.5829123448019022,2.2587531889298296,1.4461164155924267,1.6150828478984973,1.2310336474022767,1.6473170823323444,1.5803997202019742,1.476542053074721,1.0935165447495658
FOODS_3_814_TX_3_validation,1.3423217776810548,1.2554513443938875,1.6332782432879018,2.6267085784103257,1.7381603779806751,1.7872722675411223,2.059566071742599,1.9197433652831615,1.9197433652831615,1.8843383849460766,2.2251735714573857,1.8935189506410368,1.7872722675411223,2.2514224242089047,2.446973533177318,3.4349190401719847,1.898458050626544,1.8423400597813189,1.700642181530913,2.2609758306336603,2.2514224242089047,1.8577537026049924,1.9758405955280047,1.8010749066193334,1.7124020632061385,1.7808901435555191,2.0691194781673543,2.059566071742599
FOODS_3_815_TX_3_validation,0.08622543199405518,0.5227529910393613,0.5454760918623933,0.5424808774821093,0.5761108019771559,0.8315463974171111,0.6381449387918101,0.9703501004888933,1.103166455345786,0.9737689149087059,0.8105844270277414,0.9923570306137595,0.9110322104608369,1.0259092199802056,1.138817485371667,0.947184232567621,0.8135796414080254,1.1654021677127513,0.844214351522788,1.3983876685018026,1.0259092199802056,0.947184232567621,0.7839997446866565,0.9737689149087059,0.8105844270277414,0.844214351522788,0.9110322104608369,0.9062484883374422
FOODS_3_816_TX_3_validation,1.1949700728147141,2.689730061019934,3.9541561589026513,4.223352819687691,5.88764815995245,5.079867819296427,6.590825711662347,5.147582437515104,5.6719420979165305,7.364314853169044,5.835172865121517,8.254330237891669,7.2290320674355755,9.031079376017518,7.912421481891591,8.325620463867613,6.669043133642646,10.084170570291318,7.983145619765053,9.658261799325416,10.043181746225056,8.83051800097328,6.73773719387342,7.824866055858629,7.635227060240249,7.622323662254595,8.90958098532495,9.3057251352546
FOODS_3_817_TX_3_validation,0.07166185115479802,0.7694361638473992,0.7990160605687682,0.527917296642852,0.8296507706835308,0.6283650800759476,0.6235813579525529,0.7694361638473992,0.7694361638473992,0.9592053340694486,0.7960208461884841,0.9777934497745022,0.8964686296215797,1.0113456391409483,0.9326206517283637,0.9326206517283637,0.9876337970706744,0.9592053340694486,0.8296507706835308,1.0161293612643432,1.0113456391409483,0.9326206517283637,0.955786519649636,1.150838586873494,0.7960208461884841,1.0182685071854378,0.8964686296215797,0.891684907498185
FOODS_3_818_TX_3_validation,3.366073594311566,2.0099971251281663,2.1084578169338535,1.0566876103448621,1.1892676116630199,1.260171076031891,2.535033170936936,1.9597712068731747,1.8408382542796276,2.1363097916945972,1.0566876103448621,1.1928959533950478,1.550784950281913,2.2203832559728207,1.5263383052133654,1.4430748268866223,1.8707147815688152,1.2476076005475454,1.041737758001938,1.9689098461601795,3.0571978320842166,2.7402665602802876,1.4916155310590784,1.8993928361370152,1.1624591357377918,1.1933532170938421,1.2560854706010687,2.744865502621344
FOODS_3_819_TX_3_validation,1.16330891573492,0.5227529910393613,0.7340938283642996,1.18868635427043,0.7647285384790622,0.9110322104608369,1.094866224839349,1.103166455345786,0.9703501004888933,0.9737689149087059,0.8105844270277414,1.1839902834178049,0.9110322104608369,1.2175424727842485,1.138817485371667,0.947184232567621,0.8135796414080254,0.9737689149087059,0.844214351522788,1.0306929421036004,1.0259092199802056,0.947184232567621,0.7839997446866565,0.9737689149087059,0.8105844270277414,0.844214351522788,1.0996499469627439,1.094866224839349
FOODS_3_820_TX_3_validation,1.3740939900366307,1.5994324515236946,0.8711170075029506,1.18868635427043,1.6970096638145353,3.4578371536597987,2.5464187276472052,1.501482701494896,1.2352346100311171,1.3414636413069105,0.9969347828299783,1.567286285452162,3.058296652855915,2.3558975913935707,1.529024556496778,1.2040936276388006,0.8135796414080254,1.3414636413069105,1.9181863566768569,1.9717532395332622,2.2365906716085813,1.729384572454792,1.8666708277761677,1.2306783099798848,0.8105844270277414,1.3524600557694897,1.7638275227525841,1.3833221353899037
FOODS_3_821_TX_3_validation,0.851282474541455,0.5372334801615528,1.155143773981778,0.5569613666043007,0.8586948406449795,1.0493357746349465,1.430522121621582,0.9848305896110847,0.7984802338088479,0.9882494040308973,0.8250649161499328,1.0068375197359523,1.1141304360849351,1.7100781208617586,1.2069821955003364,0.9616647216898124,1.155143773981778,0.9882494040308973,0.8586948406449795,1.0451734312257916,1.616866403856044,1.2069821955003364,0.7984802338088479,1.1798826568349425,0.8250649161499328,1.0473125771468863,0.9255126995830284,1.430522121621582
FOODS_3_822_TX_3_validation,0.801537279994481,0.9111506660100535,0.7516313636721241,1.5646702389833549,2.179381036596575,0.8175714455174524,1.094866224839349,1.103166455345786,1.103166455345786,1.641909886752823,1.339799873697138,1.567286285452162,2.054214619999576,2.899481891157262,1.4548796505282982,1.3224903839168074,0.993844991616653,1.3590011766147347,1.369997591077314,1.6231597322498248,2.018728994988545,1.3210936640807056,0.801537279994481,0.9913064502165304,1.0144723181378041,1.4925989566744455,1.1038905434977375,1.259933613808255
FOODS_3_823_TX_3_validation,0.5316586610166041,0.7929054146638992,0.7429994983415423,0.8194900970049841,0.8531200215000307,0.6518343308924476,0.9151541583146849,0.7929054146638992,0.979255770466136,0.9826745848859486,1.005840452807222,1.1928959533950478,0.9199378804380797,1.0348148899574485,0.9560899025448637,1.14772315534891,0.8224853113852681,0.9826745848859486,1.041737758001938,1.0395986120808434,1.0348148899574485,0.9560899025448637,0.979255770466136,0.9826745848859486,1.005840452807222,1.041737758001938,0.9199378804380797,1.103771894816592
FOODS_3_824_TX_3_validation,0.39350192969759756,0.5227529910393613,0.8135796414080254,0.5424808774821093,1.0195351492518645,0.6429286609152048,0.6381449387918101,1.103166455345786,0.7839997446866565,0.9737689149087059,0.8105844270277414,0.9923570306137595,0.9110322104608369,1.0259092199802056,0.947184232567621,1.138817485371667,0.8135796414080254,0.9737689149087059,0.844214351522788,1.0306929421036004,1.3936039463784078,1.138817485371667,0.7839997446866565,1.1654021677127513,0.8105844270277414,1.1844475471165992,0.9110322104608369,0.9062484883374422
FOODS_3_825_TX_3_validation,1.657702322407214,0.8543395207270881,0.993844991616653,2.0531332292969657,1.2387012328288691,0.6604661962230294,1.8964811687108483,1.3191608054032224,0.9878876357967178,1.1829397030205755,0.990849777236369,1.201527818725629,1.117187482270568,1.61837601012643,1.5009710250469115,1.2100392416859693,0.83111717671585,0.9913064502165304,1.4925989566744455,1.2398637302154676,1.421831881540462,1.517131929528733,1.0387347933343591,1.3590011766147347,1.5829898686173234,1.1048635094173438,0.9285697457686615,1.5546330934890995
FOODS_3_826_TX_3_validation,1.3257463266695697,0.8699025311472098,1.572906982603921,3.3632706660478595,1.728624699821339,3.043537145281351,2.226419727062654,1.5996167137914739,2.010126534352559,1.9966556434807652,3.165371834671775,2.609456612833035,3.0157481233295718,2.3633567933474655,1.8868074828129382,2.9589206871046363,2.010775309161233,2.343000177549207,2.371455657613573,2.714580282034958,2.639246232511315,2.176511026457858,1.947149282738929,2.242864166619415,2.6150590050813087,2.102127954985716,3.783816027160128,2.9832625796708263
FOODS_3_827_TX_3_validation,3.4193277846970465,1.9800778057756416,1.8342871935787837,1.2876362691396415,2.042784874706976,2.349635031222205,2.022167375268864,2.036757016545076,1.9910755849714206,2.0113485443447026,1.571429200542609,2.741276393489589,3.238254415773664,2.5457225303779207,2.2335645854456425,2.2210462747854227,2.9785310473774995,2.5780841428385144,2.5863024349409125,2.975866849323243,3.188446596730404,2.457167256128801,1.9941413333541473,2.3048368560057524,2.0343165323182726,3.037850922055873,2.781876077980784,2.9555741163342075
